phase,t,erpm,iq,id,imotor,ibat,duty,vd,vq,vin,fault,position,position_target,candidate,target_command
run,0.005246147999969253,0.0,0.0,0.0,0.0,0.0,0.0,0.0,0.0,42.3,0,0,0,"[0.0036, 0.0002, 0.0]",600.0
run,0.05002207300003647,0.0,0.55,-0.01,-0.55,-0.02,0.09,0.086,2.169,42.3,0,0,0,"[0.0036, 0.0002, 0.0]",600.0
run,0.09478196500003833,0.0,0.95,0.07,0.96,0.04,0.161,-1.565,3.547,42.3,0,0,0,"[0.0036, 0.0002, 0.0]",600.0
stop,0.004584191000049032,969.0,0.0,0.0,0.0,0.0,0.0,0.0,0.0,42.3,0,0,0,"[0.0036, 0.0002, 0.0]",600.0
stop,0.05931397599988486,740.0,0.0,0.0,0.0,-0.02,0.0,0.0,0.0,42.3,0,0,0,"[0.0036, 0.0002, 0.0]",600.0
stop,0.11404788900017593,610.0,0.0,0.0,0.0,-0.02,0.0,0.0,0.0,42.3,0,0,0,"[0.0036, 0.0002, 0.0]",600.0
stop,0.16870324199999231,421.0,0.0,0.0,0.0,0.0,0.0,0.0,0.0,42.3,0,0,0,"[0.0036, 0.0002, 0.0]",600.0
stop,0.22338368600003378,421.0,0.0,0.0,0.0,-0.04,0.0,0.0,0.0,42.3,0,0,0,"[0.0036, 0.0002, 0.0]",600.0
stop,0.2781851220001954,421.0,0.0,0.0,0.0,-0.02,0.0,0.0,0.0,42.3,0,0,0,"[0.0036, 0.0002, 0.0]",600.0
stop,0.332896509999955,421.0,0.0,0.0,0.0,-0.02,0.0,0.0,0.0,42.3,0,0,0,"[0.0036, 0.0002, 0.0]",600.0
stop,0.3897416089998842,421.0,0.0,0.0,0.0,-0.02,0.0,0.0,0.0,42.3,0,0,0,"[0.0036, 0.0002, 0.0]",600.0
stop,0.4444964210001672,421.0,0.0,0.0,0.0,-0.02,0.0,0.0,0.0,42.3,0,0,0,"[0.0036, 0.0002, 0.0]",600.0
stop,0.499392514000192,421.0,0.0,0.0,0.0,-0.02,0.0,0.0,0.0,42.2,0,0,0,"[0.0036, 0.0002, 0.0]",600.0
stop,0.554110909999963,421.0,0.0,0.0,0.0,-0.04,0.0,0.0,0.0,42.2,0,0,0,"[0.0036, 0.0002, 0.0]",600.0
stop,0.6087711929999386,421.0,0.0,0.0,0.0,-0.02,0.0,0.0,0.0,42.2,0,0,0,"[0.0036, 0.0002, 0.0]",600.0
stop,0.6634732369998346,0.0,0.0,0.0,0.0,-0.02,0.0,0.0,0.0,42.2,0,0,0,"[0.0036, 0.0002, 0.0]",600.0
stop,0.7181550559998868,0.0,0.0,0.0,0.0,-0.04,0.0,0.0,0.0,42.3,0,0,0,"[0.0036, 0.0002, 0.0]",600.0
stop,0.772863371999847,0.0,0.0,0.0,0.0,-0.04,0.0,0.0,0.0,42.3,0,0,0,"[0.0036, 0.0002, 0.0]",600.0
run,0.005246147999969253,0.0,0.0,0.0,0.0,0.0,0.0,0.0,0.0,42.3,0,0,0,"[0.0036, 0.0002, 0.0]",600.0
run,0.05002207300003647,0.0,0.55,-0.01,-0.55,-0.02,0.09,0.086,2.169,42.3,0,0,0,"[0.0036, 0.0002, 0.0]",600.0
run,0.09478196500003833,0.0,0.95,0.07,0.96,0.04,0.161,-1.565,3.547,42.3,0,0,0,"[0.0036, 0.0002, 0.0]",600.0
stop,0.004584191000049032,969.0,0.0,0.0,0.0,0.0,0.0,0.0,0.0,42.3,0,0,0,"[0.0036, 0.0002, 0.0]",600.0
stop,0.05931397599988486,740.0,0.0,0.0,0.0,-0.02,0.0,0.0,0.0,42.3,0,0,0,"[0.0036, 0.0002, 0.0]",600.0
stop,0.11404788900017593,610.0,0.0,0.0,0.0,-0.02,0.0,0.0,0.0,42.3,0,0,0,"[0.0036, 0.0002, 0.0]",600.0
stop,0.16870324199999231,421.0,0.0,0.0,0.0,0.0,0.0,0.0,0.0,42.3,0,0,0,"[0.0036, 0.0002, 0.0]",600.0
stop,0.22338368600003378,421.0,0.0,0.0,0.0,-0.04,0.0,0.0,0.0,42.3,0,0,0,"[0.0036, 0.0002, 0.0]",600.0
stop,0.2781851220001954,421.0,0.0,0.0,0.0,-0.02,0.0,0.0,0.0,42.3,0,0,0,"[0.0036, 0.0002, 0.0]",600.0
stop,0.332896509999955,421.0,0.0,0.0,0.0,-0.02,0.0,0.0,0.0,42.3,0,0,0,"[0.0036, 0.0002, 0.0]",600.0
stop,0.3897416089998842,421.0,0.0,0.0,0.0,-0.02,0.0,0.0,0.0,42.3,0,0,0,"[0.0036, 0.0002, 0.0]",600.0
stop,0.4444964210001672,421.0,0.0,0.0,0.0,-0.02,0.0,0.0,0.0,42.3,0,0,0,"[0.0036, 0.0002, 0.0]",600.0
stop,0.499392514000192,421.0,0.0,0.0,0.0,-0.02,0.0,0.0,0.0,42.2,0,0,0,"[0.0036, 0.0002, 0.0]",600.0
stop,0.554110909999963,421.0,0.0,0.0,0.0,-0.04,0.0,0.0,0.0,42.2,0,0,0,"[0.0036, 0.0002, 0.0]",600.0
stop,0.6087711929999386,421.0,0.0,0.0,0.0,-0.02,0.0,0.0,0.0,42.2,0,0,0,"[0.0036, 0.0002, 0.0]",600.0
stop,0.6634732369998346,0.0,0.0,0.0,0.0,-0.02,0.0,0.0,0.0,42.2,0,0,0,"[0.0036, 0.0002, 0.0]",600.0
stop,0.7181550559998868,0.0,0.0,0.0,0.0,-0.04,0.0,0.0,0.0,42.3,0,0,0,"[0.0036, 0.0002, 0.0]",600.0
stop,0.772863371999847,0.0,0.0,0.0,0.0,-0.04,0.0,0.0,0.0,42.3,0,0,0,"[0.0036, 0.0002, 0.0]",600.0
run,0.005246147999969253,0.0,0.0,0.0,0.0,0.0,0.0,0.0,0.0,42.3,0,0,0,"[0.0036, 0.0002, 0.0]",600.0
run,0.05002207300003647,0.0,0.55,-0.01,-0.55,-0.02,0.09,0.086,2.169,42.3,0,0,0,"[0.0036, 0.0002, 0.0]",600.0
run,0.09478196500003833,0.0,0.95,0.07,0.96,0.04,0.161,-1.565,3.547,42.3,0,0,0,"[0.0036, 0.0002, 0.0]",600.0
stop,0.004584191000049032,969.0,0.0,0.0,0.0,0.0,0.0,0.0,0.0,42.3,0,0,0,"[0.0036, 0.0002, 0.0]",600.0
stop,0.05931397599988486,740.0,0.0,0.0,0.0,-0.02,0.0,0.0,0.0,42.3,0,0,0,"[0.0036, 0.0002, 0.0]",600.0
stop,0.11404788900017593,610.0,0.0,0.0,0.0,-0.02,0.0,0.0,0.0,42.3,0,0,0,"[0.0036, 0.0002, 0.0]",600.0
stop,0.16870324199999231,421.0,0.0,0.0,0.0,0.0,0.0,0.0,0.0,42.3,0,0,0,"[0.0036, 0.0002, 0.0]",600.0
stop,0.22338368600003378,421.0,0.0,0.0,0.0,-0.04,0.0,0.0,0.0,42.3,0,0,0,"[0.0036, 0.0002, 0.0]",600.0
stop,0.2781851220001954,421.0,0.0,0.0,0.0,-0.02,0.0,0.0,0.0,42.3,0,0,0,"[0.0036, 0.0002, 0.0]",600.0
stop,0.332896509999955,421.0,0.0,0.0,0.0,-0.02,0.0,0.0,0.0,42.3,0,0,0,"[0.0036, 0.0002, 0.0]",600.0
stop,0.3897416089998842,421.0,0.0,0.0,0.0,-0.02,0.0,0.0,0.0,42.3,0,0,0,"[0.0036, 0.0002, 0.0]",600.0
stop,0.4444964210001672,421.0,0.0,0.0,0.0,-0.02,0.0,0.0,0.0,42.3,0,0,0,"[0.0036, 0.0002, 0.0]",600.0
stop,0.499392514000192,421.0,0.0,0.0,0.0,-0.02,0.0,0.0,0.0,42.2,0,0,0,"[0.0036, 0.0002, 0.0]",600.0
stop,0.554110909999963,421.0,0.0,0.0,0.0,-0.04,0.0,0.0,0.0,42.2,0,0,0,"[0.0036, 0.0002, 0.0]",600.0
stop,0.6087711929999386,421.0,0.0,0.0,0.0,-0.02,0.0,0.0,0.0,42.2,0,0,0,"[0.0036, 0.0002, 0.0]",600.0
stop,0.6634732369998346,0.0,0.0,0.0,0.0,-0.02,0.0,0.0,0.0,42.2,0,0,0,"[0.0036, 0.0002, 0.0]",600.0
stop,0.7181550559998868,0.0,0.0,0.0,0.0,-0.04,0.0,0.0,0.0,42.3,0,0,0,"[0.0036, 0.0002, 0.0]",600.0
stop,0.772863371999847,0.0,0.0,0.0,0.0,-0.04,0.0,0.0,0.0,42.3,0,0,0,"[0.0036, 0.0002, 0.0]",600.0
run,0.005246147999969253,0.0,0.0,0.0,0.0,0.0,0.0,0.0,0.0,42.3,0,0,0,"[0.0036, 0.0002, 0.0]",600.0
run,0.05002207300003647,0.0,0.55,-0.01,-0.55,-0.02,0.09,0.086,2.169,42.3,0,0,0,"[0.0036, 0.0002, 0.0]",600.0
run,0.09478196500003833,0.0,0.95,0.07,0.96,0.04,0.161,-1.565,3.547,42.3,0,0,0,"[0.0036, 0.0002, 0.0]",600.0
stop,0.004584191000049032,969.0,0.0,0.0,0.0,0.0,0.0,0.0,0.0,42.3,0,0,0,"[0.0036, 0.0002, 0.0]",600.0
stop,0.05931397599988486,740.0,0.0,0.0,0.0,-0.02,0.0,0.0,0.0,42.3,0,0,0,"[0.0036, 0.0002, 0.0]",600.0
stop,0.11404788900017593,610.0,0.0,0.0,0.0,-0.02,0.0,0.0,0.0,42.3,0,0,0,"[0.0036, 0.0002, 0.0]",600.0
stop,0.16870324199999231,421.0,0.0,0.0,0.0,0.0,0.0,0.0,0.0,42.3,0,0,0,"[0.0036, 0.0002, 0.0]",600.0
stop,0.22338368600003378,421.0,0.0,0.0,0.0,-0.04,0.0,0.0,0.0,42.3,0,0,0,"[0.0036, 0.0002, 0.0]",600.0
stop,0.2781851220001954,421.0,0.0,0.0,0.0,-0.02,0.0,0.0,0.0,42.3,0,0,0,"[0.0036, 0.0002, 0.0]",600.0
stop,0.332896509999955,421.0,0.0,0.0,0.0,-0.02,0.0,0.0,0.0,42.3,0,0,0,"[0.0036, 0.0002, 0.0]",600.0
stop,0.3897416089998842,421.0,0.0,0.0,0.0,-0.02,0.0,0.0,0.0,42.3,0,0,0,"[0.0036, 0.0002, 0.0]",600.0
stop,0.4444964210001672,421.0,0.0,0.0,0.0,-0.02,0.0,0.0,0.0,42.3,0,0,0,"[0.0036, 0.0002, 0.0]",600.0
stop,0.499392514000192,421.0,0.0,0.0,0.0,-0.02,0.0,0.0,0.0,42.2,0,0,0,"[0.0036, 0.0002, 0.0]",600.0
stop,0.554110909999963,421.0,0.0,0.0,0.0,-0.04,0.0,0.0,0.0,42.2,0,0,0,"[0.0036, 0.0002, 0.0]",600.0
stop,0.6087711929999386,421.0,0.0,0.0,0.0,-0.02,0.0,0.0,0.0,42.2,0,0,0,"[0.0036, 0.0002, 0.0]",600.0
stop,0.6634732369998346,0.0,0.0,0.0,0.0,-0.02,0.0,0.0,0.0,42.2,0,0,0,"[0.0036, 0.0002, 0.0]",600.0
stop,0.7181550559998868,0.0,0.0,0.0,0.0,-0.04,0.0,0.0,0.0,42.3,0,0,0,"[0.0036, 0.0002, 0.0]",600.0
stop,0.772863371999847,0.0,0.0,0.0,0.0,-0.04,0.0,0.0,0.0,42.3,0,0,0,"[0.0036, 0.0002, 0.0]",600.0
run,0.005246147999969253,0.0,0.0,0.0,0.0,0.0,0.0,0.0,0.0,42.3,0,0,0,"[0.0036, 0.0002, 0.0]",600.0
run,0.05002207300003647,0.0,0.55,-0.01,-0.55,-0.02,0.09,0.086,2.169,42.3,0,0,0,"[0.0036, 0.0002, 0.0]",600.0
run,0.09478196500003833,0.0,0.95,0.07,0.96,0.04,0.161,-1.565,3.547,42.3,0,0,0,"[0.0036, 0.0002, 0.0]",600.0
stop,0.004584191000049032,969.0,0.0,0.0,0.0,0.0,0.0,0.0,0.0,42.3,0,0,0,"[0.0036, 0.0002, 0.0]",600.0
stop,0.05931397599988486,740.0,0.0,0.0,0.0,-0.02,0.0,0.0,0.0,42.3,0,0,0,"[0.0036, 0.0002, 0.0]",600.0
stop,0.11404788900017593,610.0,0.0,0.0,0.0,-0.02,0.0,0.0,0.0,42.3,0,0,0,"[0.0036, 0.0002, 0.0]",600.0
stop,0.16870324199999231,421.0,0.0,0.0,0.0,0.0,0.0,0.0,0.0,42.3,0,0,0,"[0.0036, 0.0002, 0.0]",600.0
stop,0.22338368600003378,421.0,0.0,0.0,0.0,-0.04,0.0,0.0,0.0,42.3,0,0,0,"[0.0036, 0.0002, 0.0]",600.0
stop,0.2781851220001954,421.0,0.0,0.0,0.0,-0.02,0.0,0.0,0.0,42.3,0,0,0,"[0.0036, 0.0002, 0.0]",600.0
stop,0.332896509999955,421.0,0.0,0.0,0.0,-0.02,0.0,0.0,0.0,42.3,0,0,0,"[0.0036, 0.0002, 0.0]",600.0
stop,0.3897416089998842,421.0,0.0,0.0,0.0,-0.02,0.0,0.0,0.0,42.3,0,0,0,"[0.0036, 0.0002, 0.0]",600.0
stop,0.4444964210001672,421.0,0.0,0.0,0.0,-0.02,0.0,0.0,0.0,42.3,0,0,0,"[0.0036, 0.0002, 0.0]",600.0
stop,0.499392514000192,421.0,0.0,0.0,0.0,-0.02,0.0,0.0,0.0,42.2,0,0,0,"[0.0036, 0.0002, 0.0]",600.0
stop,0.554110909999963,421.0,0.0,0.0,0.0,-0.04,0.0,0.0,0.0,42.2,0,0,0,"[0.0036, 0.0002, 0.0]",600.0
stop,0.6087711929999386,421.0,0.0,0.0,0.0,-0.02,0.0,0.0,0.0,42.2,0,0,0,"[0.0036, 0.0002, 0.0]",600.0
stop,0.6634732369998346,0.0,0.0,0.0,0.0,-0.02,0.0,0.0,0.0,42.2,0,0,0,"[0.0036, 0.0002, 0.0]",600.0
stop,0.7181550559998868,0.0,0.0,0.0,0.0,-0.04,0.0,0.0,0.0,42.3,0,0,0,"[0.0036, 0.0002, 0.0]",600.0
stop,0.772863371999847,0.0,0.0,0.0,0.0,-0.04,0.0,0.0,0.0,42.3,0,0,0,"[0.0036, 0.0002, 0.0]",600.0
run,0.005246147999969253,0.0,0.0,0.0,0.0,0.0,0.0,0.0,0.0,42.3,0,0,0,"[0.0036, 0.0002, 0.0]",600.0
run,0.05002207300003647,0.0,0.55,-0.01,-0.55,-0.02,0.09,0.086,2.169,42.3,0,0,0,"[0.0036, 0.0002, 0.0]",600.0
run,0.09478196500003833,0.0,0.95,0.07,0.96,0.04,0.161,-1.565,3.547,42.3,0,0,0,"[0.0036, 0.0002, 0.0]",600.0
stop,0.004584191000049032,969.0,0.0,0.0,0.0,0.0,0.0,0.0,0.0,42.3,0,0,0,"[0.0036, 0.0002, 0.0]",600.0
stop,0.05931397599988486,740.0,0.0,0.0,0.0,-0.02,0.0,0.0,0.0,42.3,0,0,0,"[0.0036, 0.0002, 0.0]",600.0
stop,0.11404788900017593,610.0,0.0,0.0,0.0,-0.02,0.0,0.0,0.0,42.3,0,0,0,"[0.0036, 0.0002, 0.0]",600.0
stop,0.16870324199999231,421.0,0.0,0.0,0.0,0.0,0.0,0.0,0.0,42.3,0,0,0,"[0.0036, 0.0002, 0.0]",600.0
stop,0.22338368600003378,421.0,0.0,0.0,0.0,-0.04,0.0,0.0,0.0,42.3,0,0,0,"[0.0036, 0.0002, 0.0]",600.0
stop,0.2781851220001954,421.0,0.0,0.0,0.0,-0.02,0.0,0.0,0.0,42.3,0,0,0,"[0.0036, 0.0002, 0.0]",600.0
stop,0.332896509999955,421.0,0.0,0.0,0.0,-0.02,0.0,0.0,0.0,42.3,0,0,0,"[0.0036, 0.0002, 0.0]",600.0
stop,0.3897416089998842,421.0,0.0,0.0,0.0,-0.02,0.0,0.0,0.0,42.3,0,0,0,"[0.0036, 0.0002, 0.0]",600.0
stop,0.4444964210001672,421.0,0.0,0.0,0.0,-0.02,0.0,0.0,0.0,42.3,0,0,0,"[0.0036, 0.0002, 0.0]",600.0
stop,0.499392514000192,421.0,0.0,0.0,0.0,-0.02,0.0,0.0,0.0,42.2,0,0,0,"[0.0036, 0.0002, 0.0]",600.0
stop,0.554110909999963,421.0,0.0,0.0,0.0,-0.04,0.0,0.0,0.0,42.2,0,0,0,"[0.0036, 0.0002, 0.0]",600.0
stop,0.6087711929999386,421.0,0.0,0.0,0.0,-0.02,0.0,0.0,0.0,42.2,0,0,0,"[0.0036, 0.0002, 0.0]",600.0
stop,0.6634732369998346,0.0,0.0,0.0,0.0,-0.02,0.0,0.0,0.0,42.2,0,0,0,"[0.0036, 0.0002, 0.0]",600.0
stop,0.7181550559998868,0.0,0.0,0.0,0.0,-0.04,0.0,0.0,0.0,42.3,0,0,0,"[0.0036, 0.0002, 0.0]",600.0
stop,0.772863371999847,0.0,0.0,0.0,0.0,-0.04,0.0,0.0,0.0,42.3,0,0,0,"[0.0036, 0.0002, 0.0]",600.0
run,0.005246147999969253,0.0,0.0,0.0,0.0,0.0,0.0,0.0,0.0,42.3,0,0,0,"[0.0036, 0.0002, 0.0]",600.0
run,0.05002207300003647,0.0,0.55,-0.01,-0.55,-0.02,0.09,0.086,2.169,42.3,0,0,0,"[0.0036, 0.0002, 0.0]",600.0
run,0.09478196500003833,0.0,0.95,0.07,0.96,0.04,0.161,-1.565,3.547,42.3,0,0,0,"[0.0036, 0.0002, 0.0]",600.0
stop,0.004584191000049032,969.0,0.0,0.0,0.0,0.0,0.0,0.0,0.0,42.3,0,0,0,"[0.0036, 0.0002, 0.0]",600.0
stop,0.05931397599988486,740.0,0.0,0.0,0.0,-0.02,0.0,0.0,0.0,42.3,0,0,0,"[0.0036, 0.0002, 0.0]",600.0
stop,0.11404788900017593,610.0,0.0,0.0,0.0,-0.02,0.0,0.0,0.0,42.3,0,0,0,"[0.0036, 0.0002, 0.0]",600.0
stop,0.16870324199999231,421.0,0.0,0.0,0.0,0.0,0.0,0.0,0.0,42.3,0,0,0,"[0.0036, 0.0002, 0.0]",600.0
stop,0.22338368600003378,421.0,0.0,0.0,0.0,-0.04,0.0,0.0,0.0,42.3,0,0,0,"[0.0036, 0.0002, 0.0]",600.0
stop,0.2781851220001954,421.0,0.0,0.0,0.0,-0.02,0.0,0.0,0.0,42.3,0,0,0,"[0.0036, 0.0002, 0.0]",600.0
stop,0.332896509999955,421.0,0.0,0.0,0.0,-0.02,0.0,0.0,0.0,42.3,0,0,0,"[0.0036, 0.0002, 0.0]",600.0
stop,0.3897416089998842,421.0,0.0,0.0,0.0,-0.02,0.0,0.0,0.0,42.3,0,0,0,"[0.0036, 0.0002, 0.0]",600.0
stop,0.4444964210001672,421.0,0.0,0.0,0.0,-0.02,0.0,0.0,0.0,42.3,0,0,0,"[0.0036, 0.0002, 0.0]",600.0
stop,0.499392514000192,421.0,0.0,0.0,0.0,-0.02,0.0,0.0,0.0,42.2,0,0,0,"[0.0036, 0.0002, 0.0]",600.0
stop,0.554110909999963,421.0,0.0,0.0,0.0,-0.04,0.0,0.0,0.0,42.2,0,0,0,"[0.0036, 0.0002, 0.0]",600.0
stop,0.6087711929999386,421.0,0.0,0.0,0.0,-0.02,0.0,0.0,0.0,42.2,0,0,0,"[0.0036, 0.0002, 0.0]",600.0
stop,0.6634732369998346,0.0,0.0,0.0,0.0,-0.02,0.0,0.0,0.0,42.2,0,0,0,"[0.0036, 0.0002, 0.0]",600.0
stop,0.7181550559998868,0.0,0.0,0.0,0.0,-0.04,0.0,0.0,0.0,42.3,0,0,0,"[0.0036, 0.0002, 0.0]",600.0
stop,0.772863371999847,0.0,0.0,0.0,0.0,-0.04,0.0,0.0,0.0,42.3,0,0,0,"[0.0036, 0.0002, 0.0]",600.0
run,0.005246147999969253,0.0,0.0,0.0,0.0,0.0,0.0,0.0,0.0,42.3,0,0,0,"[0.0036, 0.0002, 0.0]",600.0
run,0.05002207300003647,0.0,0.55,-0.01,-0.55,-0.02,0.09,0.086,2.169,42.3,0,0,0,"[0.0036, 0.0002, 0.0]",600.0
run,0.09478196500003833,0.0,0.95,0.07,0.96,0.04,0.161,-1.565,3.547,42.3,0,0,0,"[0.0036, 0.0002, 0.0]",600.0
stop,0.004584191000049032,969.0,0.0,0.0,0.0,0.0,0.0,0.0,0.0,42.3,0,0,0,"[0.0036, 0.0002, 0.0]",600.0
stop,0.05931397599988486,740.0,0.0,0.0,0.0,-0.02,0.0,0.0,0.0,42.3,0,0,0,"[0.0036, 0.0002, 0.0]",600.0
stop,0.11404788900017593,610.0,0.0,0.0,0.0,-0.02,0.0,0.0,0.0,42.3,0,0,0,"[0.0036, 0.0002, 0.0]",600.0
stop,0.16870324199999231,421.0,0.0,0.0,0.0,0.0,0.0,0.0,0.0,42.3,0,0,0,"[0.0036, 0.0002, 0.0]",600.0
stop,0.22338368600003378,421.0,0.0,0.0,0.0,-0.04,0.0,0.0,0.0,42.3,0,0,0,"[0.0036, 0.0002, 0.0]",600.0
stop,0.2781851220001954,421.0,0.0,0.0,0.0,-0.02,0.0,0.0,0.0,42.3,0,0,0,"[0.0036, 0.0002, 0.0]",600.0
stop,0.332896509999955,421.0,0.0,0.0,0.0,-0.02,0.0,0.0,0.0,42.3,0,0,0,"[0.0036, 0.0002, 0.0]",600.0
stop,0.3897416089998842,421.0,0.0,0.0,0.0,-0.02,0.0,0.0,0.0,42.3,0,0,0,"[0.0036, 0.0002, 0.0]",600.0
stop,0.4444964210001672,421.0,0.0,0.0,0.0,-0.02,0.0,0.0,0.0,42.3,0,0,0,"[0.0036, 0.0002, 0.0]",600.0
stop,0.499392514000192,421.0,0.0,0.0,0.0,-0.02,0.0,0.0,0.0,42.2,0,0,0,"[0.0036, 0.0002, 0.0]",600.0
stop,0.554110909999963,421.0,0.0,0.0,0.0,-0.04,0.0,0.0,0.0,42.2,0,0,0,"[0.0036, 0.0002, 0.0]",600.0
stop,0.6087711929999386,421.0,0.0,0.0,0.0,-0.02,0.0,0.0,0.0,42.2,0,0,0,"[0.0036, 0.0002, 0.0]",600.0
stop,0.6634732369998346,0.0,0.0,0.0,0.0,-0.02,0.0,0.0,0.0,42.2,0,0,0,"[0.0036, 0.0002, 0.0]",600.0
stop,0.7181550559998868,0.0,0.0,0.0,0.0,-0.04,0.0,0.0,0.0,42.3,0,0,0,"[0.0036, 0.0002, 0.0]",600.0
stop,0.772863371999847,0.0,0.0,0.0,0.0,-0.04,0.0,0.0,0.0,42.3,0,0,0,"[0.0036, 0.0002, 0.0]",600.0
run,0.005246147999969253,0.0,0.0,0.0,0.0,0.0,0.0,0.0,0.0,42.3,0,0,0,"[0.0036, 0.0002, 0.0]",600.0
run,0.05002207300003647,0.0,0.55,-0.01,-0.55,-0.02,0.09,0.086,2.169,42.3,0,0,0,"[0.0036, 0.0002, 0.0]",600.0
run,0.09478196500003833,0.0,0.95,0.07,0.96,0.04,0.161,-1.565,3.547,42.3,0,0,0,"[0.0036, 0.0002, 0.0]",600.0
stop,0.004584191000049032,969.0,0.0,0.0,0.0,0.0,0.0,0.0,0.0,42.3,0,0,0,"[0.0036, 0.0002, 0.0]",600.0
stop,0.05931397599988486,740.0,0.0,0.0,0.0,-0.02,0.0,0.0,0.0,42.3,0,0,0,"[0.0036, 0.0002, 0.0]",600.0
stop,0.11404788900017593,610.0,0.0,0.0,0.0,-0.02,0.0,0.0,0.0,42.3,0,0,0,"[0.0036, 0.0002, 0.0]",600.0
stop,0.16870324199999231,421.0,0.0,0.0,0.0,0.0,0.0,0.0,0.0,42.3,0,0,0,"[0.0036, 0.0002, 0.0]",600.0
stop,0.22338368600003378,421.0,0.0,0.0,0.0,-0.04,0.0,0.0,0.0,42.3,0,0,0,"[0.0036, 0.0002, 0.0]",600.0
stop,0.2781851220001954,421.0,0.0,0.0,0.0,-0.02,0.0,0.0,0.0,42.3,0,0,0,"[0.0036, 0.0002, 0.0]",600.0
stop,0.332896509999955,421.0,0.0,0.0,0.0,-0.02,0.0,0.0,0.0,42.3,0,0,0,"[0.0036, 0.0002, 0.0]",600.0
stop,0.3897416089998842,421.0,0.0,0.0,0.0,-0.02,0.0,0.0,0.0,42.3,0,0,0,"[0.0036, 0.0002, 0.0]",600.0
stop,0.4444964210001672,421.0,0.0,0.0,0.0,-0.02,0.0,0.0,0.0,42.3,0,0,0,"[0.0036, 0.0002, 0.0]",600.0
stop,0.499392514000192,421.0,0.0,0.0,0.0,-0.02,0.0,0.0,0.0,42.2,0,0,0,"[0.0036, 0.0002, 0.0]",600.0
stop,0.554110909999963,421.0,0.0,0.0,0.0,-0.04,0.0,0.0,0.0,42.2,0,0,0,"[0.0036, 0.0002, 0.0]",600.0
stop,0.6087711929999386,421.0,0.0,0.0,0.0,-0.02,0.0,0.0,0.0,42.2,0,0,0,"[0.0036, 0.0002, 0.0]",600.0
stop,0.6634732369998346,0.0,0.0,0.0,0.0,-0.02,0.0,0.0,0.0,42.2,0,0,0,"[0.0036, 0.0002, 0.0]",600.0
stop,0.7181550559998868,0.0,0.0,0.0,0.0,-0.04,0.0,0.0,0.0,42.3,0,0,0,"[0.0036, 0.0002, 0.0]",600.0
stop,0.772863371999847,0.0,0.0,0.0,0.0,-0.04,0.0,0.0,0.0,42.3,0,0,0,"[0.0036, 0.0002, 0.0]",600.0
run,0.005246147999969253,0.0,0.0,0.0,0.0,0.0,0.0,0.0,0.0,42.3,0,0,0,"[0.0036, 0.0002, 0.0]",600.0
run,0.05002207300003647,0.0,0.55,-0.01,-0.55,-0.02,0.09,0.086,2.169,42.3,0,0,0,"[0.0036, 0.0002, 0.0]",600.0
run,0.09478196500003833,0.0,0.95,0.07,0.96,0.04,0.161,-1.565,3.547,42.3,0,0,0,"[0.0036, 0.0002, 0.0]",600.0
stop,0.004584191000049032,969.0,0.0,0.0,0.0,0.0,0.0,0.0,0.0,42.3,0,0,0,"[0.0036, 0.0002, 0.0]",600.0
stop,0.05931397599988486,740.0,0.0,0.0,0.0,-0.02,0.0,0.0,0.0,42.3,0,0,0,"[0.0036, 0.0002, 0.0]",600.0
stop,0.11404788900017593,610.0,0.0,0.0,0.0,-0.02,0.0,0.0,0.0,42.3,0,0,0,"[0.0036, 0.0002, 0.0]",600.0
stop,0.16870324199999231,421.0,0.0,0.0,0.0,0.0,0.0,0.0,0.0,42.3,0,0,0,"[0.0036, 0.0002, 0.0]",600.0
stop,0.22338368600003378,421.0,0.0,0.0,0.0,-0.04,0.0,0.0,0.0,42.3,0,0,0,"[0.0036, 0.0002, 0.0]",600.0
stop,0.2781851220001954,421.0,0.0,0.0,0.0,-0.02,0.0,0.0,0.0,42.3,0,0,0,"[0.0036, 0.0002, 0.0]",600.0
stop,0.332896509999955,421.0,0.0,0.0,0.0,-0.02,0.0,0.0,0.0,42.3,0,0,0,"[0.0036, 0.0002, 0.0]",600.0
stop,0.3897416089998842,421.0,0.0,0.0,0.0,-0.02,0.0,0.0,0.0,42.3,0,0,0,"[0.0036, 0.0002, 0.0]",600.0
stop,0.4444964210001672,421.0,0.0,0.0,0.0,-0.02,0.0,0.0,0.0,42.3,0,0,0,"[0.0036, 0.0002, 0.0]",600.0
stop,0.499392514000192,421.0,0.0,0.0,0.0,-0.02,0.0,0.0,0.0,42.2,0,0,0,"[0.0036, 0.0002, 0.0]",600.0
stop,0.554110909999963,421.0,0.0,0.0,0.0,-0.04,0.0,0.0,0.0,42.2,0,0,0,"[0.0036, 0.0002, 0.0]",600.0
stop,0.6087711929999386,421.0,0.0,0.0,0.0,-0.02,0.0,0.0,0.0,42.2,0,0,0,"[0.0036, 0.0002, 0.0]",600.0
stop,0.6634732369998346,0.0,0.0,0.0,0.0,-0.02,0.0,0.0,0.0,42.2,0,0,0,"[0.0036, 0.0002, 0.0]",600.0
stop,0.7181550559998868,0.0,0.0,0.0,0.0,-0.04,0.0,0.0,0.0,42.3,0,0,0,"[0.0036, 0.0002, 0.0]",600.0
stop,0.772863371999847,0.0,0.0,0.0,0.0,-0.04,0.0,0.0,0.0,42.3,0,0,0,"[0.0036, 0.0002, 0.0]",600.0
run,0.005246147999969253,0.0,0.0,0.0,0.0,0.0,0.0,0.0,0.0,42.3,0,0,0,"[0.0036, 0.0002, 0.0]",600.0
run,0.05002207300003647,0.0,0.55,-0.01,-0.55,-0.02,0.09,0.086,2.169,42.3,0,0,0,"[0.0036, 0.0002, 0.0]",600.0
run,0.09478196500003833,0.0,0.95,0.07,0.96,0.04,0.161,-1.565,3.547,42.3,0,0,0,"[0.0036, 0.0002, 0.0]",600.0
stop,0.004584191000049032,969.0,0.0,0.0,0.0,0.0,0.0,0.0,0.0,42.3,0,0,0,"[0.0036, 0.0002, 0.0]",600.0
stop,0.05931397599988486,740.0,0.0,0.0,0.0,-0.02,0.0,0.0,0.0,42.3,0,0,0,"[0.0036, 0.0002, 0.0]",600.0
stop,0.11404788900017593,610.0,0.0,0.0,0.0,-0.02,0.0,0.0,0.0,42.3,0,0,0,"[0.0036, 0.0002, 0.0]",600.0
stop,0.16870324199999231,421.0,0.0,0.0,0.0,0.0,0.0,0.0,0.0,42.3,0,0,0,"[0.0036, 0.0002, 0.0]",600.0
stop,0.22338368600003378,421.0,0.0,0.0,0.0,-0.04,0.0,0.0,0.0,42.3,0,0,0,"[0.0036, 0.0002, 0.0]",600.0
stop,0.2781851220001954,421.0,0.0,0.0,0.0,-0.02,0.0,0.0,0.0,42.3,0,0,0,"[0.0036, 0.0002, 0.0]",600.0
stop,0.332896509999955,421.0,0.0,0.0,0.0,-0.02,0.0,0.0,0.0,42.3,0,0,0,"[0.0036, 0.0002, 0.0]",600.0
stop,0.3897416089998842,421.0,0.0,0.0,0.0,-0.02,0.0,0.0,0.0,42.3,0,0,0,"[0.0036, 0.0002, 0.0]",600.0
stop,0.4444964210001672,421.0,0.0,0.0,0.0,-0.02,0.0,0.0,0.0,42.3,0,0,0,"[0.0036, 0.0002, 0.0]",600.0
stop,0.499392514000192,421.0,0.0,0.0,0.0,-0.02,0.0,0.0,0.0,42.2,0,0,0,"[0.0036, 0.0002, 0.0]",600.0
stop,0.554110909999963,421.0,0.0,0.0,0.0,-0.04,0.0,0.0,0.0,42.2,0,0,0,"[0.0036, 0.0002, 0.0]",600.0
stop,0.6087711929999386,421.0,0.0,0.0,0.0,-0.02,0.0,0.0,0.0,42.2,0,0,0,"[0.0036, 0.0002, 0.0]",600.0
stop,0.6634732369998346,0.0,0.0,0.0,0.0,-0.02,0.0,0.0,0.0,42.2,0,0,0,"[0.0036, 0.0002, 0.0]",600.0
stop,0.7181550559998868,0.0,0.0,0.0,0.0,-0.04,0.0,0.0,0.0,42.3,0,0,0,"[0.0036, 0.0002, 0.0]",600.0
stop,0.772863371999847,0.0,0.0,0.0,0.0,-0.04,0.0,0.0,0.0,42.3,0,0,0,"[0.0036, 0.0002, 0.0]",600.0
run,0.005246147999969253,0.0,0.0,0.0,0.0,0.0,0.0,0.0,0.0,42.3,0,0,0,"[0.0036, 0.0002, 0.0]",600.0
run,0.05002207300003647,0.0,0.55,-0.01,-0.55,-0.02,0.09,0.086,2.169,42.3,0,0,0,"[0.0036, 0.0002, 0.0]",600.0
run,0.09478196500003833,0.0,0.95,0.07,0.96,0.04,0.161,-1.565,3.547,42.3,0,0,0,"[0.0036, 0.0002, 0.0]",600.0
stop,0.004584191000049032,969.0,0.0,0.0,0.0,0.0,0.0,0.0,0.0,42.3,0,0,0,"[0.0036, 0.0002, 0.0]",600.0
stop,0.05931397599988486,740.0,0.0,0.0,0.0,-0.02,0.0,0.0,0.0,42.3,0,0,0,"[0.0036, 0.0002, 0.0]",600.0
stop,0.11404788900017593,610.0,0.0,0.0,0.0,-0.02,0.0,0.0,0.0,42.3,0,0,0,"[0.0036, 0.0002, 0.0]",600.0
stop,0.16870324199999231,421.0,0.0,0.0,0.0,0.0,0.0,0.0,0.0,42.3,0,0,0,"[0.0036, 0.0002, 0.0]",600.0
stop,0.22338368600003378,421.0,0.0,0.0,0.0,-0.04,0.0,0.0,0.0,42.3,0,0,0,"[0.0036, 0.0002, 0.0]",600.0
stop,0.2781851220001954,421.0,0.0,0.0,0.0,-0.02,0.0,0.0,0.0,42.3,0,0,0,"[0.0036, 0.0002, 0.0]",600.0
stop,0.332896509999955,421.0,0.0,0.0,0.0,-0.02,0.0,0.0,0.0,42.3,0,0,0,"[0.0036, 0.0002, 0.0]",600.0
stop,0.3897416089998842,421.0,0.0,0.0,0.0,-0.02,0.0,0.0,0.0,42.3,0,0,0,"[0.0036, 0.0002, 0.0]",600.0
stop,0.4444964210001672,421.0,0.0,0.0,0.0,-0.02,0.0,0.0,0.0,42.3,0,0,0,"[0.0036, 0.0002, 0.0]",600.0
stop,0.499392514000192,421.0,0.0,0.0,0.0,-0.02,0.0,0.0,0.0,42.2,0,0,0,"[0.0036, 0.0002, 0.0]",600.0
stop,0.554110909999963,421.0,0.0,0.0,0.0,-0.04,0.0,0.0,0.0,42.2,0,0,0,"[0.0036, 0.0002, 0.0]",600.0
stop,0.6087711929999386,421.0,0.0,0.0,0.0,-0.02,0.0,0.0,0.0,42.2,0,0,0,"[0.0036, 0.0002, 0.0]",600.0
stop,0.6634732369998346,0.0,0.0,0.0,0.0,-0.02,0.0,0.0,0.0,42.2,0,0,0,"[0.0036, 0.0002, 0.0]",600.0
stop,0.7181550559998868,0.0,0.0,0.0,0.0,-0.04,0.0,0.0,0.0,42.3,0,0,0,"[0.0036, 0.0002, 0.0]",600.0
stop,0.772863371999847,0.0,0.0,0.0,0.0,-0.04,0.0,0.0,0.0,42.3,0,0,0,"[0.0036, 0.0002, 0.0]",600.0
run,0.005246147999969253,0.0,0.0,0.0,0.0,0.0,0.0,0.0,0.0,42.3,0,0,0,"[0.0036, 0.0002, 0.0]",600.0
run,0.05002207300003647,0.0,0.55,-0.01,-0.55,-0.02,0.09,0.086,2.169,42.3,0,0,0,"[0.0036, 0.0002, 0.0]",600.0
run,0.09478196500003833,0.0,0.95,0.07,0.96,0.04,0.161,-1.565,3.547,42.3,0,0,0,"[0.0036, 0.0002, 0.0]",600.0
stop,0.004584191000049032,969.0,0.0,0.0,0.0,0.0,0.0,0.0,0.0,42.3,0,0,0,"[0.0036, 0.0002, 0.0]",600.0
stop,0.05931397599988486,740.0,0.0,0.0,0.0,-0.02,0.0,0.0,0.0,42.3,0,0,0,"[0.0036, 0.0002, 0.0]",600.0
stop,0.11404788900017593,610.0,0.0,0.0,0.0,-0.02,0.0,0.0,0.0,42.3,0,0,0,"[0.0036, 0.0002, 0.0]",600.0
stop,0.16870324199999231,421.0,0.0,0.0,0.0,0.0,0.0,0.0,0.0,42.3,0,0,0,"[0.0036, 0.0002, 0.0]",600.0
stop,0.22338368600003378,421.0,0.0,0.0,0.0,-0.04,0.0,0.0,0.0,42.3,0,0,0,"[0.0036, 0.0002, 0.0]",600.0
stop,0.2781851220001954,421.0,0.0,0.0,0.0,-0.02,0.0,0.0,0.0,42.3,0,0,0,"[0.0036, 0.0002, 0.0]",600.0
stop,0.332896509999955,421.0,0.0,0.0,0.0,-0.02,0.0,0.0,0.0,42.3,0,0,0,"[0.0036, 0.0002, 0.0]",600.0
stop,0.3897416089998842,421.0,0.0,0.0,0.0,-0.02,0.0,0.0,0.0,42.3,0,0,0,"[0.0036, 0.0002, 0.0]",600.0
stop,0.4444964210001672,421.0,0.0,0.0,0.0,-0.02,0.0,0.0,0.0,42.3,0,0,0,"[0.0036, 0.0002, 0.0]",600.0
stop,0.499392514000192,421.0,0.0,0.0,0.0,-0.02,0.0,0.0,0.0,42.2,0,0,0,"[0.0036, 0.0002, 0.0]",600.0
stop,0.554110909999963,421.0,0.0,0.0,0.0,-0.04,0.0,0.0,0.0,42.2,0,0,0,"[0.0036, 0.0002, 0.0]",600.0
stop,0.6087711929999386,421.0,0.0,0.0,0.0,-0.02,0.0,0.0,0.0,42.2,0,0,0,"[0.0036, 0.0002, 0.0]",600.0
stop,0.6634732369998346,0.0,0.0,0.0,0.0,-0.02,0.0,0.0,0.0,42.2,0,0,0,"[0.0036, 0.0002, 0.0]",600.0
stop,0.7181550559998868,0.0,0.0,0.0,0.0,-0.04,0.0,0.0,0.0,42.3,0,0,0,"[0.0036, 0.0002, 0.0]",600.0
stop,0.772863371999847,0.0,0.0,0.0,0.0,-0.04,0.0,0.0,0.0,42.3,0,0,0,"[0.0036, 0.0002, 0.0]",600.0
run,0.005246147999969253,0.0,0.0,0.0,0.0,0.0,0.0,0.0,0.0,42.3,0,0,0,"[0.0036, 0.0002, 0.0]",600.0
run,0.05002207300003647,0.0,0.55,-0.01,-0.55,-0.02,0.09,0.086,2.169,42.3,0,0,0,"[0.0036, 0.0002, 0.0]",600.0
run,0.09478196500003833,0.0,0.95,0.07,0.96,0.04,0.161,-1.565,3.547,42.3,0,0,0,"[0.0036, 0.0002, 0.0]",600.0
stop,0.004584191000049032,969.0,0.0,0.0,0.0,0.0,0.0,0.0,0.0,42.3,0,0,0,"[0.0036, 0.0002, 0.0]",600.0
stop,0.05931397599988486,740.0,0.0,0.0,0.0,-0.02,0.0,0.0,0.0,42.3,0,0,0,"[0.0036, 0.0002, 0.0]",600.0
stop,0.11404788900017593,610.0,0.0,0.0,0.0,-0.02,0.0,0.0,0.0,42.3,0,0,0,"[0.0036, 0.0002, 0.0]",600.0
stop,0.16870324199999231,421.0,0.0,0.0,0.0,0.0,0.0,0.0,0.0,42.3,0,0,0,"[0.0036, 0.0002, 0.0]",600.0
stop,0.22338368600003378,421.0,0.0,0.0,0.0,-0.04,0.0,0.0,0.0,42.3,0,0,0,"[0.0036, 0.0002, 0.0]",600.0
stop,0.2781851220001954,421.0,0.0,0.0,0.0,-0.02,0.0,0.0,0.0,42.3,0,0,0,"[0.0036, 0.0002, 0.0]",600.0
stop,0.332896509999955,421.0,0.0,0.0,0.0,-0.02,0.0,0.0,0.0,42.3,0,0,0,"[0.0036, 0.0002, 0.0]",600.0
stop,0.3897416089998842,421.0,0.0,0.0,0.0,-0.02,0.0,0.0,0.0,42.3,0,0,0,"[0.0036, 0.0002, 0.0]",600.0
stop,0.4444964210001672,421.0,0.0,0.0,0.0,-0.02,0.0,0.0,0.0,42.3,0,0,0,"[0.0036, 0.0002, 0.0]",600.0
stop,0.499392514000192,421.0,0.0,0.0,0.0,-0.02,0.0,0.0,0.0,42.2,0,0,0,"[0.0036, 0.0002, 0.0]",600.0
stop,0.554110909999963,421.0,0.0,0.0,0.0,-0.04,0.0,0.0,0.0,42.2,0,0,0,"[0.0036, 0.0002, 0.0]",600.0
stop,0.6087711929999386,421.0,0.0,0.0,0.0,-0.02,0.0,0.0,0.0,42.2,0,0,0,"[0.0036, 0.0002, 0.0]",600.0
stop,0.6634732369998346,0.0,0.0,0.0,0.0,-0.02,0.0,0.0,0.0,42.2,0,0,0,"[0.0036, 0.0002, 0.0]",600.0
stop,0.7181550559998868,0.0,0.0,0.0,0.0,-0.04,0.0,0.0,0.0,42.3,0,0,0,"[0.0036, 0.0002, 0.0]",600.0
stop,0.772863371999847,0.0,0.0,0.0,0.0,-0.04,0.0,0.0,0.0,42.3,0,0,0,"[0.0036, 0.0002, 0.0]",600.0
run,0.005246147999969253,0.0,0.0,0.0,0.0,0.0,0.0,0.0,0.0,42.3,0,0,0,"[0.0036, 0.0002, 0.0]",600.0
run,0.05002207300003647,0.0,0.55,-0.01,-0.55,-0.02,0.09,0.086,2.169,42.3,0,0,0,"[0.0036, 0.0002, 0.0]",600.0
run,0.09478196500003833,0.0,0.95,0.07,0.96,0.04,0.161,-1.565,3.547,42.3,0,0,0,"[0.0036, 0.0002, 0.0]",600.0
stop,0.004584191000049032,969.0,0.0,0.0,0.0,0.0,0.0,0.0,0.0,42.3,0,0,0,"[0.0036, 0.0002, 0.0]",600.0
stop,0.05931397599988486,740.0,0.0,0.0,0.0,-0.02,0.0,0.0,0.0,42.3,0,0,0,"[0.0036, 0.0002, 0.0]",600.0
stop,0.11404788900017593,610.0,0.0,0.0,0.0,-0.02,0.0,0.0,0.0,42.3,0,0,0,"[0.0036, 0.0002, 0.0]",600.0
stop,0.16870324199999231,421.0,0.0,0.0,0.0,0.0,0.0,0.0,0.0,42.3,0,0,0,"[0.0036, 0.0002, 0.0]",600.0
stop,0.22338368600003378,421.0,0.0,0.0,0.0,-0.04,0.0,0.0,0.0,42.3,0,0,0,"[0.0036, 0.0002, 0.0]",600.0
stop,0.2781851220001954,421.0,0.0,0.0,0.0,-0.02,0.0,0.0,0.0,42.3,0,0,0,"[0.0036, 0.0002, 0.0]",600.0
stop,0.332896509999955,421.0,0.0,0.0,0.0,-0.02,0.0,0.0,0.0,42.3,0,0,0,"[0.0036, 0.0002, 0.0]",600.0
stop,0.3897416089998842,421.0,0.0,0.0,0.0,-0.02,0.0,0.0,0.0,42.3,0,0,0,"[0.0036, 0.0002, 0.0]",600.0
stop,0.4444964210001672,421.0,0.0,0.0,0.0,-0.02,0.0,0.0,0.0,42.3,0,0,0,"[0.0036, 0.0002, 0.0]",600.0
stop,0.499392514000192,421.0,0.0,0.0,0.0,-0.02,0.0,0.0,0.0,42.2,0,0,0,"[0.0036, 0.0002, 0.0]",600.0
stop,0.554110909999963,421.0,0.0,0.0,0.0,-0.04,0.0,0.0,0.0,42.2,0,0,0,"[0.0036, 0.0002, 0.0]",600.0
stop,0.6087711929999386,421.0,0.0,0.0,0.0,-0.02,0.0,0.0,0.0,42.2,0,0,0,"[0.0036, 0.0002, 0.0]",600.0
stop,0.6634732369998346,0.0,0.0,0.0,0.0,-0.02,0.0,0.0,0.0,42.2,0,0,0,"[0.0036, 0.0002, 0.0]",600.0
stop,0.7181550559998868,0.0,0.0,0.0,0.0,-0.04,0.0,0.0,0.0,42.3,0,0,0,"[0.0036, 0.0002, 0.0]",600.0
stop,0.772863371999847,0.0,0.0,0.0,0.0,-0.04,0.0,0.0,0.0,42.3,0,0,0,"[0.0036, 0.0002, 0.0]",600.0
run,0.005246147999969253,0.0,0.0,0.0,0.0,0.0,0.0,0.0,0.0,42.3,0,0,0,"[0.0036, 0.0002, 0.0]",600.0
run,0.05002207300003647,0.0,0.55,-0.01,-0.55,-0.02,0.09,0.086,2.169,42.3,0,0,0,"[0.0036, 0.0002, 0.0]",600.0
run,0.09478196500003833,0.0,0.95,0.07,0.96,0.04,0.161,-1.565,3.547,42.3,0,0,0,"[0.0036, 0.0002, 0.0]",600.0
stop,0.004584191000049032,969.0,0.0,0.0,0.0,0.0,0.0,0.0,0.0,42.3,0,0,0,"[0.0036, 0.0002, 0.0]",600.0
stop,0.05931397599988486,740.0,0.0,0.0,0.0,-0.02,0.0,0.0,0.0,42.3,0,0,0,"[0.0036, 0.0002, 0.0]",600.0
stop,0.11404788900017593,610.0,0.0,0.0,0.0,-0.02,0.0,0.0,0.0,42.3,0,0,0,"[0.0036, 0.0002, 0.0]",600.0
stop,0.16870324199999231,421.0,0.0,0.0,0.0,0.0,0.0,0.0,0.0,42.3,0,0,0,"[0.0036, 0.0002, 0.0]",600.0
stop,0.22338368600003378,421.0,0.0,0.0,0.0,-0.04,0.0,0.0,0.0,42.3,0,0,0,"[0.0036, 0.0002, 0.0]",600.0
stop,0.2781851220001954,421.0,0.0,0.0,0.0,-0.02,0.0,0.0,0.0,42.3,0,0,0,"[0.0036, 0.0002, 0.0]",600.0
stop,0.332896509999955,421.0,0.0,0.0,0.0,-0.02,0.0,0.0,0.0,42.3,0,0,0,"[0.0036, 0.0002, 0.0]",600.0
stop,0.3897416089998842,421.0,0.0,0.0,0.0,-0.02,0.0,0.0,0.0,42.3,0,0,0,"[0.0036, 0.0002, 0.0]",600.0
stop,0.4444964210001672,421.0,0.0,0.0,0.0,-0.02,0.0,0.0,0.0,42.3,0,0,0,"[0.0036, 0.0002, 0.0]",600.0
stop,0.499392514000192,421.0,0.0,0.0,0.0,-0.02,0.0,0.0,0.0,42.2,0,0,0,"[0.0036, 0.0002, 0.0]",600.0
stop,0.554110909999963,421.0,0.0,0.0,0.0,-0.04,0.0,0.0,0.0,42.2,0,0,0,"[0.0036, 0.0002, 0.0]",600.0
stop,0.6087711929999386,421.0,0.0,0.0,0.0,-0.02,0.0,0.0,0.0,42.2,0,0,0,"[0.0036, 0.0002, 0.0]",600.0
stop,0.6634732369998346,0.0,0.0,0.0,0.0,-0.02,0.0,0.0,0.0,42.2,0,0,0,"[0.0036, 0.0002, 0.0]",600.0
stop,0.7181550559998868,0.0,0.0,0.0,0.0,-0.04,0.0,0.0,0.0,42.3,0,0,0,"[0.0036, 0.0002, 0.0]",600.0
stop,0.772863371999847,0.0,0.0,0.0,0.0,-0.04,0.0,0.0,0.0,42.3,0,0,0,"[0.0036, 0.0002, 0.0]",600.0
run,0.005246147999969253,0.0,0.0,0.0,0.0,0.0,0.0,0.0,0.0,42.3,0,0,0,"[0.0036, 0.0002, 0.0]",600.0
run,0.05002207300003647,0.0,0.55,-0.01,-0.55,-0.02,0.09,0.086,2.169,42.3,0,0,0,"[0.0036, 0.0002, 0.0]",600.0
run,0.09478196500003833,0.0,0.95,0.07,0.96,0.04,0.161,-1.565,3.547,42.3,0,0,0,"[0.0036, 0.0002, 0.0]",600.0
stop,0.004584191000049032,969.0,0.0,0.0,0.0,0.0,0.0,0.0,0.0,42.3,0,0,0,"[0.0036, 0.0002, 0.0]",600.0
stop,0.05931397599988486,740.0,0.0,0.0,0.0,-0.02,0.0,0.0,0.0,42.3,0,0,0,"[0.0036, 0.0002, 0.0]",600.0
stop,0.11404788900017593,610.0,0.0,0.0,0.0,-0.02,0.0,0.0,0.0,42.3,0,0,0,"[0.0036, 0.0002, 0.0]",600.0
stop,0.16870324199999231,421.0,0.0,0.0,0.0,0.0,0.0,0.0,0.0,42.3,0,0,0,"[0.0036, 0.0002, 0.0]",600.0
stop,0.22338368600003378,421.0,0.0,0.0,0.0,-0.04,0.0,0.0,0.0,42.3,0,0,0,"[0.0036, 0.0002, 0.0]",600.0
stop,0.2781851220001954,421.0,0.0,0.0,0.0,-0.02,0.0,0.0,0.0,42.3,0,0,0,"[0.0036, 0.0002, 0.0]",600.0
stop,0.332896509999955,421.0,0.0,0.0,0.0,-0.02,0.0,0.0,0.0,42.3,0,0,0,"[0.0036, 0.0002, 0.0]",600.0
stop,0.3897416089998842,421.0,0.0,0.0,0.0,-0.02,0.0,0.0,0.0,42.3,0,0,0,"[0.0036, 0.0002, 0.0]",600.0
stop,0.4444964210001672,421.0,0.0,0.0,0.0,-0.02,0.0,0.0,0.0,42.3,0,0,0,"[0.0036, 0.0002, 0.0]",600.0
stop,0.499392514000192,421.0,0.0,0.0,0.0,-0.02,0.0,0.0,0.0,42.2,0,0,0,"[0.0036, 0.0002, 0.0]",600.0
stop,0.554110909999963,421.0,0.0,0.0,0.0,-0.04,0.0,0.0,0.0,42.2,0,0,0,"[0.0036, 0.0002, 0.0]",600.0
stop,0.6087711929999386,421.0,0.0,0.0,0.0,-0.02,0.0,0.0,0.0,42.2,0,0,0,"[0.0036, 0.0002, 0.0]",600.0
stop,0.6634732369998346,0.0,0.0,0.0,0.0,-0.02,0.0,0.0,0.0,42.2,0,0,0,"[0.0036, 0.0002, 0.0]",600.0
stop,0.7181550559998868,0.0,0.0,0.0,0.0,-0.04,0.0,0.0,0.0,42.3,0,0,0,"[0.0036, 0.0002, 0.0]",600.0
stop,0.772863371999847,0.0,0.0,0.0,0.0,-0.04,0.0,0.0,0.0,42.3,0,0,0,"[0.0036, 0.0002, 0.0]",600.0
run,0.005246147999969253,0.0,0.0,0.0,0.0,0.0,0.0,0.0,0.0,42.3,0,0,0,"[0.0036, 0.0002, 0.0]",600.0
run,0.05002207300003647,0.0,0.55,-0.01,-0.55,-0.02,0.09,0.086,2.169,42.3,0,0,0,"[0.0036, 0.0002, 0.0]",600.0
run,0.09478196500003833,0.0,0.95,0.07,0.96,0.04,0.161,-1.565,3.547,42.3,0,0,0,"[0.0036, 0.0002, 0.0]",600.0
stop,0.004584191000049032,969.0,0.0,0.0,0.0,0.0,0.0,0.0,0.0,42.3,0,0,0,"[0.0036, 0.0002, 0.0]",600.0
stop,0.05931397599988486,740.0,0.0,0.0,0.0,-0.02,0.0,0.0,0.0,42.3,0,0,0,"[0.0036, 0.0002, 0.0]",600.0
stop,0.11404788900017593,610.0,0.0,0.0,0.0,-0.02,0.0,0.0,0.0,42.3,0,0,0,"[0.0036, 0.0002, 0.0]",600.0
stop,0.16870324199999231,421.0,0.0,0.0,0.0,0.0,0.0,0.0,0.0,42.3,0,0,0,"[0.0036, 0.0002, 0.0]",600.0
stop,0.22338368600003378,421.0,0.0,0.0,0.0,-0.04,0.0,0.0,0.0,42.3,0,0,0,"[0.0036, 0.0002, 0.0]",600.0
stop,0.2781851220001954,421.0,0.0,0.0,0.0,-0.02,0.0,0.0,0.0,42.3,0,0,0,"[0.0036, 0.0002, 0.0]",600.0
stop,0.332896509999955,421.0,0.0,0.0,0.0,-0.02,0.0,0.0,0.0,42.3,0,0,0,"[0.0036, 0.0002, 0.0]",600.0
stop,0.3897416089998842,421.0,0.0,0.0,0.0,-0.02,0.0,0.0,0.0,42.3,0,0,0,"[0.0036, 0.0002, 0.0]",600.0
stop,0.4444964210001672,421.0,0.0,0.0,0.0,-0.02,0.0,0.0,0.0,42.3,0,0,0,"[0.0036, 0.0002, 0.0]",600.0
stop,0.499392514000192,421.0,0.0,0.0,0.0,-0.02,0.0,0.0,0.0,42.2,0,0,0,"[0.0036, 0.0002, 0.0]",600.0
stop,0.554110909999963,421.0,0.0,0.0,0.0,-0.04,0.0,0.0,0.0,42.2,0,0,0,"[0.0036, 0.0002, 0.0]",600.0
stop,0.6087711929999386,421.0,0.0,0.0,0.0,-0.02,0.0,0.0,0.0,42.2,0,0,0,"[0.0036, 0.0002, 0.0]",600.0
stop,0.6634732369998346,0.0,0.0,0.0,0.0,-0.02,0.0,0.0,0.0,42.2,0,0,0,"[0.0036, 0.0002, 0.0]",600.0
stop,0.7181550559998868,0.0,0.0,0.0,0.0,-0.04,0.0,0.0,0.0,42.3,0,0,0,"[0.0036, 0.0002, 0.0]",600.0
stop,0.772863371999847,0.0,0.0,0.0,0.0,-0.04,0.0,0.0,0.0,42.3,0,0,0,"[0.0036, 0.0002, 0.0]",600.0
run,0.005149124000126903,0.0,0.0,0.0,0.0,0.0,0.0,0.0,0.0,42.3,0,0,0,"[0.0036, 0.00025, 0.0]",600.0
run,0.049875449999944976,0.0,0.57,0.01,-0.59,-0.06,0.081,-0.232,1.944,42.3,0,0,0,"[0.0036, 0.00025, 0.0]",600.0
run,0.09453960000018924,0.0,0.96,0.06,0.96,0.04,0.16,-1.469,3.56,42.3,0,0,0,"[0.0036, 0.00025, 0.0]",600.0
stop,0.004597119999743882,1000.0,0.0,0.0,0.0,0.0,0.0,0.0,0.0,42.2,0,0,0,"[0.0036, 0.00025, 0.0]",600.0
stop,0.05934246299966617,792.0,0.0,0.0,0.0,-0.02,0.0,0.0,0.0,42.2,0,0,0,"[0.0036, 0.00025, 0.0]",600.0
stop,0.11410710299969651,601.0,0.0,0.0,0.0,-0.02,0.0,0.0,0.0,42.2,0,0,0,"[0.0036, 0.00025, 0.0]",600.0
stop,0.1688418539997656,423.0,0.0,0.0,0.0,-0.02,0.0,0.0,0.0,42.3,0,0,0,"[0.0036, 0.00025, 0.0]",600.0
stop,0.2235799009999937,423.0,0.0,0.0,0.0,-0.04,0.0,0.0,0.0,42.3,0,0,0,"[0.0036, 0.00025, 0.0]",600.0
stop,0.2782927319999544,423.0,0.0,0.0,0.0,-0.02,0.0,0.0,0.0,42.3,0,0,0,"[0.0036, 0.00025, 0.0]",600.0
stop,0.33303324300004533,423.0,0.0,0.0,0.0,-0.02,0.0,0.0,0.0,42.3,0,0,0,"[0.0036, 0.00025, 0.0]",600.0
stop,0.3877616899999339,423.0,0.0,0.0,0.0,-0.04,0.0,0.0,0.0,42.3,0,0,0,"[0.0036, 0.00025, 0.0]",600.0
stop,0.44274466699971526,423.0,0.0,0.0,0.0,-0.04,0.0,0.0,0.0,42.3,0,0,0,"[0.0036, 0.00025, 0.0]",600.0
stop,0.4975240260000646,423.0,0.0,0.0,0.0,-0.04,0.0,0.0,0.0,42.3,0,0,0,"[0.0036, 0.00025, 0.0]",600.0
stop,0.5525217869999324,423.0,0.0,0.0,0.0,-0.02,0.0,0.0,0.0,42.3,0,0,0,"[0.0036, 0.00025, 0.0]",600.0
stop,0.6074750989996573,423.0,0.0,0.0,0.0,-0.02,0.0,0.0,0.0,42.3,0,0,0,"[0.0036, 0.00025, 0.0]",600.0
stop,0.6624774039996737,0.0,0.0,0.0,0.0,-0.04,0.0,0.0,0.0,42.3,0,0,0,"[0.0036, 0.00025, 0.0]",600.0
stop,0.7172901079998155,0.0,0.0,0.0,0.0,-0.06,0.0,0.0,0.0,42.3,0,0,0,"[0.0036, 0.00025, 0.0]",600.0
stop,0.7741402659999039,0.0,0.0,0.0,0.0,-0.06,0.0,0.0,0.0,42.3,0,0,0,"[0.0036, 0.00025, 0.0]",600.0
run,0.005149124000126903,0.0,0.0,0.0,0.0,0.0,0.0,0.0,0.0,42.3,0,0,0,"[0.0036, 0.00025, 0.0]",600.0
run,0.049875449999944976,0.0,0.57,0.01,-0.59,-0.06,0.081,-0.232,1.944,42.3,0,0,0,"[0.0036, 0.00025, 0.0]",600.0
run,0.09453960000018924,0.0,0.96,0.06,0.96,0.04,0.16,-1.469,3.56,42.3,0,0,0,"[0.0036, 0.00025, 0.0]",600.0
stop,0.004597119999743882,1000.0,0.0,0.0,0.0,0.0,0.0,0.0,0.0,42.2,0,0,0,"[0.0036, 0.00025, 0.0]",600.0
stop,0.05934246299966617,792.0,0.0,0.0,0.0,-0.02,0.0,0.0,0.0,42.2,0,0,0,"[0.0036, 0.00025, 0.0]",600.0
stop,0.11410710299969651,601.0,0.0,0.0,0.0,-0.02,0.0,0.0,0.0,42.2,0,0,0,"[0.0036, 0.00025, 0.0]",600.0
stop,0.1688418539997656,423.0,0.0,0.0,0.0,-0.02,0.0,0.0,0.0,42.3,0,0,0,"[0.0036, 0.00025, 0.0]",600.0
stop,0.2235799009999937,423.0,0.0,0.0,0.0,-0.04,0.0,0.0,0.0,42.3,0,0,0,"[0.0036, 0.00025, 0.0]",600.0
stop,0.2782927319999544,423.0,0.0,0.0,0.0,-0.02,0.0,0.0,0.0,42.3,0,0,0,"[0.0036, 0.00025, 0.0]",600.0
stop,0.33303324300004533,423.0,0.0,0.0,0.0,-0.02,0.0,0.0,0.0,42.3,0,0,0,"[0.0036, 0.00025, 0.0]",600.0
stop,0.3877616899999339,423.0,0.0,0.0,0.0,-0.04,0.0,0.0,0.0,42.3,0,0,0,"[0.0036, 0.00025, 0.0]",600.0
stop,0.44274466699971526,423.0,0.0,0.0,0.0,-0.04,0.0,0.0,0.0,42.3,0,0,0,"[0.0036, 0.00025, 0.0]",600.0
stop,0.4975240260000646,423.0,0.0,0.0,0.0,-0.04,0.0,0.0,0.0,42.3,0,0,0,"[0.0036, 0.00025, 0.0]",600.0
stop,0.5525217869999324,423.0,0.0,0.0,0.0,-0.02,0.0,0.0,0.0,42.3,0,0,0,"[0.0036, 0.00025, 0.0]",600.0
stop,0.6074750989996573,423.0,0.0,0.0,0.0,-0.02,0.0,0.0,0.0,42.3,0,0,0,"[0.0036, 0.00025, 0.0]",600.0
stop,0.6624774039996737,0.0,0.0,0.0,0.0,-0.04,0.0,0.0,0.0,42.3,0,0,0,"[0.0036, 0.00025, 0.0]",600.0
stop,0.7172901079998155,0.0,0.0,0.0,0.0,-0.06,0.0,0.0,0.0,42.3,0,0,0,"[0.0036, 0.00025, 0.0]",600.0
stop,0.7741402659999039,0.0,0.0,0.0,0.0,-0.06,0.0,0.0,0.0,42.3,0,0,0,"[0.0036, 0.00025, 0.0]",600.0
run,0.005149124000126903,0.0,0.0,0.0,0.0,0.0,0.0,0.0,0.0,42.3,0,0,0,"[0.0036, 0.00025, 0.0]",600.0
run,0.049875449999944976,0.0,0.57,0.01,-0.59,-0.06,0.081,-0.232,1.944,42.3,0,0,0,"[0.0036, 0.00025, 0.0]",600.0
run,0.09453960000018924,0.0,0.96,0.06,0.96,0.04,0.16,-1.469,3.56,42.3,0,0,0,"[0.0036, 0.00025, 0.0]",600.0
stop,0.004597119999743882,1000.0,0.0,0.0,0.0,0.0,0.0,0.0,0.0,42.2,0,0,0,"[0.0036, 0.00025, 0.0]",600.0
stop,0.05934246299966617,792.0,0.0,0.0,0.0,-0.02,0.0,0.0,0.0,42.2,0,0,0,"[0.0036, 0.00025, 0.0]",600.0
stop,0.11410710299969651,601.0,0.0,0.0,0.0,-0.02,0.0,0.0,0.0,42.2,0,0,0,"[0.0036, 0.00025, 0.0]",600.0
stop,0.1688418539997656,423.0,0.0,0.0,0.0,-0.02,0.0,0.0,0.0,42.3,0,0,0,"[0.0036, 0.00025, 0.0]",600.0
stop,0.2235799009999937,423.0,0.0,0.0,0.0,-0.04,0.0,0.0,0.0,42.3,0,0,0,"[0.0036, 0.00025, 0.0]",600.0
stop,0.2782927319999544,423.0,0.0,0.0,0.0,-0.02,0.0,0.0,0.0,42.3,0,0,0,"[0.0036, 0.00025, 0.0]",600.0
stop,0.33303324300004533,423.0,0.0,0.0,0.0,-0.02,0.0,0.0,0.0,42.3,0,0,0,"[0.0036, 0.00025, 0.0]",600.0
stop,0.3877616899999339,423.0,0.0,0.0,0.0,-0.04,0.0,0.0,0.0,42.3,0,0,0,"[0.0036, 0.00025, 0.0]",600.0
stop,0.44274466699971526,423.0,0.0,0.0,0.0,-0.04,0.0,0.0,0.0,42.3,0,0,0,"[0.0036, 0.00025, 0.0]",600.0
stop,0.4975240260000646,423.0,0.0,0.0,0.0,-0.04,0.0,0.0,0.0,42.3,0,0,0,"[0.0036, 0.00025, 0.0]",600.0
stop,0.5525217869999324,423.0,0.0,0.0,0.0,-0.02,0.0,0.0,0.0,42.3,0,0,0,"[0.0036, 0.00025, 0.0]",600.0
stop,0.6074750989996573,423.0,0.0,0.0,0.0,-0.02,0.0,0.0,0.0,42.3,0,0,0,"[0.0036, 0.00025, 0.0]",600.0
stop,0.6624774039996737,0.0,0.0,0.0,0.0,-0.04,0.0,0.0,0.0,42.3,0,0,0,"[0.0036, 0.00025, 0.0]",600.0
stop,0.7172901079998155,0.0,0.0,0.0,0.0,-0.06,0.0,0.0,0.0,42.3,0,0,0,"[0.0036, 0.00025, 0.0]",600.0
stop,0.7741402659999039,0.0,0.0,0.0,0.0,-0.06,0.0,0.0,0.0,42.3,0,0,0,"[0.0036, 0.00025, 0.0]",600.0
run,0.005149124000126903,0.0,0.0,0.0,0.0,0.0,0.0,0.0,0.0,42.3,0,0,0,"[0.0036, 0.00025, 0.0]",600.0
run,0.049875449999944976,0.0,0.57,0.01,-0.59,-0.06,0.081,-0.232,1.944,42.3,0,0,0,"[0.0036, 0.00025, 0.0]",600.0
run,0.09453960000018924,0.0,0.96,0.06,0.96,0.04,0.16,-1.469,3.56,42.3,0,0,0,"[0.0036, 0.00025, 0.0]",600.0
stop,0.004597119999743882,1000.0,0.0,0.0,0.0,0.0,0.0,0.0,0.0,42.2,0,0,0,"[0.0036, 0.00025, 0.0]",600.0
stop,0.05934246299966617,792.0,0.0,0.0,0.0,-0.02,0.0,0.0,0.0,42.2,0,0,0,"[0.0036, 0.00025, 0.0]",600.0
stop,0.11410710299969651,601.0,0.0,0.0,0.0,-0.02,0.0,0.0,0.0,42.2,0,0,0,"[0.0036, 0.00025, 0.0]",600.0
stop,0.1688418539997656,423.0,0.0,0.0,0.0,-0.02,0.0,0.0,0.0,42.3,0,0,0,"[0.0036, 0.00025, 0.0]",600.0
stop,0.2235799009999937,423.0,0.0,0.0,0.0,-0.04,0.0,0.0,0.0,42.3,0,0,0,"[0.0036, 0.00025, 0.0]",600.0
stop,0.2782927319999544,423.0,0.0,0.0,0.0,-0.02,0.0,0.0,0.0,42.3,0,0,0,"[0.0036, 0.00025, 0.0]",600.0
stop,0.33303324300004533,423.0,0.0,0.0,0.0,-0.02,0.0,0.0,0.0,42.3,0,0,0,"[0.0036, 0.00025, 0.0]",600.0
stop,0.3877616899999339,423.0,0.0,0.0,0.0,-0.04,0.0,0.0,0.0,42.3,0,0,0,"[0.0036, 0.00025, 0.0]",600.0
stop,0.44274466699971526,423.0,0.0,0.0,0.0,-0.04,0.0,0.0,0.0,42.3,0,0,0,"[0.0036, 0.00025, 0.0]",600.0
stop,0.4975240260000646,423.0,0.0,0.0,0.0,-0.04,0.0,0.0,0.0,42.3,0,0,0,"[0.0036, 0.00025, 0.0]",600.0
stop,0.5525217869999324,423.0,0.0,0.0,0.0,-0.02,0.0,0.0,0.0,42.3,0,0,0,"[0.0036, 0.00025, 0.0]",600.0
stop,0.6074750989996573,423.0,0.0,0.0,0.0,-0.02,0.0,0.0,0.0,42.3,0,0,0,"[0.0036, 0.00025, 0.0]",600.0
stop,0.6624774039996737,0.0,0.0,0.0,0.0,-0.04,0.0,0.0,0.0,42.3,0,0,0,"[0.0036, 0.00025, 0.0]",600.0
stop,0.7172901079998155,0.0,0.0,0.0,0.0,-0.06,0.0,0.0,0.0,42.3,0,0,0,"[0.0036, 0.00025, 0.0]",600.0
stop,0.7741402659999039,0.0,0.0,0.0,0.0,-0.06,0.0,0.0,0.0,42.3,0,0,0,"[0.0036, 0.00025, 0.0]",600.0
run,0.005149124000126903,0.0,0.0,0.0,0.0,0.0,0.0,0.0,0.0,42.3,0,0,0,"[0.0036, 0.00025, 0.0]",600.0
run,0.049875449999944976,0.0,0.57,0.01,-0.59,-0.06,0.081,-0.232,1.944,42.3,0,0,0,"[0.0036, 0.00025, 0.0]",600.0
run,0.09453960000018924,0.0,0.96,0.06,0.96,0.04,0.16,-1.469,3.56,42.3,0,0,0,"[0.0036, 0.00025, 0.0]",600.0
stop,0.004597119999743882,1000.0,0.0,0.0,0.0,0.0,0.0,0.0,0.0,42.2,0,0,0,"[0.0036, 0.00025, 0.0]",600.0
stop,0.05934246299966617,792.0,0.0,0.0,0.0,-0.02,0.0,0.0,0.0,42.2,0,0,0,"[0.0036, 0.00025, 0.0]",600.0
stop,0.11410710299969651,601.0,0.0,0.0,0.0,-0.02,0.0,0.0,0.0,42.2,0,0,0,"[0.0036, 0.00025, 0.0]",600.0
stop,0.1688418539997656,423.0,0.0,0.0,0.0,-0.02,0.0,0.0,0.0,42.3,0,0,0,"[0.0036, 0.00025, 0.0]",600.0
stop,0.2235799009999937,423.0,0.0,0.0,0.0,-0.04,0.0,0.0,0.0,42.3,0,0,0,"[0.0036, 0.00025, 0.0]",600.0
stop,0.2782927319999544,423.0,0.0,0.0,0.0,-0.02,0.0,0.0,0.0,42.3,0,0,0,"[0.0036, 0.00025, 0.0]",600.0
stop,0.33303324300004533,423.0,0.0,0.0,0.0,-0.02,0.0,0.0,0.0,42.3,0,0,0,"[0.0036, 0.00025, 0.0]",600.0
stop,0.3877616899999339,423.0,0.0,0.0,0.0,-0.04,0.0,0.0,0.0,42.3,0,0,0,"[0.0036, 0.00025, 0.0]",600.0
stop,0.44274466699971526,423.0,0.0,0.0,0.0,-0.04,0.0,0.0,0.0,42.3,0,0,0,"[0.0036, 0.00025, 0.0]",600.0
stop,0.4975240260000646,423.0,0.0,0.0,0.0,-0.04,0.0,0.0,0.0,42.3,0,0,0,"[0.0036, 0.00025, 0.0]",600.0
stop,0.5525217869999324,423.0,0.0,0.0,0.0,-0.02,0.0,0.0,0.0,42.3,0,0,0,"[0.0036, 0.00025, 0.0]",600.0
stop,0.6074750989996573,423.0,0.0,0.0,0.0,-0.02,0.0,0.0,0.0,42.3,0,0,0,"[0.0036, 0.00025, 0.0]",600.0
stop,0.6624774039996737,0.0,0.0,0.0,0.0,-0.04,0.0,0.0,0.0,42.3,0,0,0,"[0.0036, 0.00025, 0.0]",600.0
stop,0.7172901079998155,0.0,0.0,0.0,0.0,-0.06,0.0,0.0,0.0,42.3,0,0,0,"[0.0036, 0.00025, 0.0]",600.0
stop,0.7741402659999039,0.0,0.0,0.0,0.0,-0.06,0.0,0.0,0.0,42.3,0,0,0,"[0.0036, 0.00025, 0.0]",600.0
run,0.005149124000126903,0.0,0.0,0.0,0.0,0.0,0.0,0.0,0.0,42.3,0,0,0,"[0.0036, 0.00025, 0.0]",600.0
run,0.049875449999944976,0.0,0.57,0.01,-0.59,-0.06,0.081,-0.232,1.944,42.3,0,0,0,"[0.0036, 0.00025, 0.0]",600.0
run,0.09453960000018924,0.0,0.96,0.06,0.96,0.04,0.16,-1.469,3.56,42.3,0,0,0,"[0.0036, 0.00025, 0.0]",600.0
stop,0.004597119999743882,1000.0,0.0,0.0,0.0,0.0,0.0,0.0,0.0,42.2,0,0,0,"[0.0036, 0.00025, 0.0]",600.0
stop,0.05934246299966617,792.0,0.0,0.0,0.0,-0.02,0.0,0.0,0.0,42.2,0,0,0,"[0.0036, 0.00025, 0.0]",600.0
stop,0.11410710299969651,601.0,0.0,0.0,0.0,-0.02,0.0,0.0,0.0,42.2,0,0,0,"[0.0036, 0.00025, 0.0]",600.0
stop,0.1688418539997656,423.0,0.0,0.0,0.0,-0.02,0.0,0.0,0.0,42.3,0,0,0,"[0.0036, 0.00025, 0.0]",600.0
stop,0.2235799009999937,423.0,0.0,0.0,0.0,-0.04,0.0,0.0,0.0,42.3,0,0,0,"[0.0036, 0.00025, 0.0]",600.0
stop,0.2782927319999544,423.0,0.0,0.0,0.0,-0.02,0.0,0.0,0.0,42.3,0,0,0,"[0.0036, 0.00025, 0.0]",600.0
stop,0.33303324300004533,423.0,0.0,0.0,0.0,-0.02,0.0,0.0,0.0,42.3,0,0,0,"[0.0036, 0.00025, 0.0]",600.0
stop,0.3877616899999339,423.0,0.0,0.0,0.0,-0.04,0.0,0.0,0.0,42.3,0,0,0,"[0.0036, 0.00025, 0.0]",600.0
stop,0.44274466699971526,423.0,0.0,0.0,0.0,-0.04,0.0,0.0,0.0,42.3,0,0,0,"[0.0036, 0.00025, 0.0]",600.0
stop,0.4975240260000646,423.0,0.0,0.0,0.0,-0.04,0.0,0.0,0.0,42.3,0,0,0,"[0.0036, 0.00025, 0.0]",600.0
stop,0.5525217869999324,423.0,0.0,0.0,0.0,-0.02,0.0,0.0,0.0,42.3,0,0,0,"[0.0036, 0.00025, 0.0]",600.0
stop,0.6074750989996573,423.0,0.0,0.0,0.0,-0.02,0.0,0.0,0.0,42.3,0,0,0,"[0.0036, 0.00025, 0.0]",600.0
stop,0.6624774039996737,0.0,0.0,0.0,0.0,-0.04,0.0,0.0,0.0,42.3,0,0,0,"[0.0036, 0.00025, 0.0]",600.0
stop,0.7172901079998155,0.0,0.0,0.0,0.0,-0.06,0.0,0.0,0.0,42.3,0,0,0,"[0.0036, 0.00025, 0.0]",600.0
stop,0.7741402659999039,0.0,0.0,0.0,0.0,-0.06,0.0,0.0,0.0,42.3,0,0,0,"[0.0036, 0.00025, 0.0]",600.0
run,0.005149124000126903,0.0,0.0,0.0,0.0,0.0,0.0,0.0,0.0,42.3,0,0,0,"[0.0036, 0.00025, 0.0]",600.0
run,0.049875449999944976,0.0,0.57,0.01,-0.59,-0.06,0.081,-0.232,1.944,42.3,0,0,0,"[0.0036, 0.00025, 0.0]",600.0
run,0.09453960000018924,0.0,0.96,0.06,0.96,0.04,0.16,-1.469,3.56,42.3,0,0,0,"[0.0036, 0.00025, 0.0]",600.0
stop,0.004597119999743882,1000.0,0.0,0.0,0.0,0.0,0.0,0.0,0.0,42.2,0,0,0,"[0.0036, 0.00025, 0.0]",600.0
stop,0.05934246299966617,792.0,0.0,0.0,0.0,-0.02,0.0,0.0,0.0,42.2,0,0,0,"[0.0036, 0.00025, 0.0]",600.0
stop,0.11410710299969651,601.0,0.0,0.0,0.0,-0.02,0.0,0.0,0.0,42.2,0,0,0,"[0.0036, 0.00025, 0.0]",600.0
stop,0.1688418539997656,423.0,0.0,0.0,0.0,-0.02,0.0,0.0,0.0,42.3,0,0,0,"[0.0036, 0.00025, 0.0]",600.0
stop,0.2235799009999937,423.0,0.0,0.0,0.0,-0.04,0.0,0.0,0.0,42.3,0,0,0,"[0.0036, 0.00025, 0.0]",600.0
stop,0.2782927319999544,423.0,0.0,0.0,0.0,-0.02,0.0,0.0,0.0,42.3,0,0,0,"[0.0036, 0.00025, 0.0]",600.0
stop,0.33303324300004533,423.0,0.0,0.0,0.0,-0.02,0.0,0.0,0.0,42.3,0,0,0,"[0.0036, 0.00025, 0.0]",600.0
stop,0.3877616899999339,423.0,0.0,0.0,0.0,-0.04,0.0,0.0,0.0,42.3,0,0,0,"[0.0036, 0.00025, 0.0]",600.0
stop,0.44274466699971526,423.0,0.0,0.0,0.0,-0.04,0.0,0.0,0.0,42.3,0,0,0,"[0.0036, 0.00025, 0.0]",600.0
stop,0.4975240260000646,423.0,0.0,0.0,0.0,-0.04,0.0,0.0,0.0,42.3,0,0,0,"[0.0036, 0.00025, 0.0]",600.0
stop,0.5525217869999324,423.0,0.0,0.0,0.0,-0.02,0.0,0.0,0.0,42.3,0,0,0,"[0.0036, 0.00025, 0.0]",600.0
stop,0.6074750989996573,423.0,0.0,0.0,0.0,-0.02,0.0,0.0,0.0,42.3,0,0,0,"[0.0036, 0.00025, 0.0]",600.0
stop,0.6624774039996737,0.0,0.0,0.0,0.0,-0.04,0.0,0.0,0.0,42.3,0,0,0,"[0.0036, 0.00025, 0.0]",600.0
stop,0.7172901079998155,0.0,0.0,0.0,0.0,-0.06,0.0,0.0,0.0,42.3,0,0,0,"[0.0036, 0.00025, 0.0]",600.0
stop,0.7741402659999039,0.0,0.0,0.0,0.0,-0.06,0.0,0.0,0.0,42.3,0,0,0,"[0.0036, 0.00025, 0.0]",600.0
run,0.005149124000126903,0.0,0.0,0.0,0.0,0.0,0.0,0.0,0.0,42.3,0,0,0,"[0.0036, 0.00025, 0.0]",600.0
run,0.049875449999944976,0.0,0.57,0.01,-0.59,-0.06,0.081,-0.232,1.944,42.3,0,0,0,"[0.0036, 0.00025, 0.0]",600.0
run,0.09453960000018924,0.0,0.96,0.06,0.96,0.04,0.16,-1.469,3.56,42.3,0,0,0,"[0.0036, 0.00025, 0.0]",600.0
stop,0.004597119999743882,1000.0,0.0,0.0,0.0,0.0,0.0,0.0,0.0,42.2,0,0,0,"[0.0036, 0.00025, 0.0]",600.0
stop,0.05934246299966617,792.0,0.0,0.0,0.0,-0.02,0.0,0.0,0.0,42.2,0,0,0,"[0.0036, 0.00025, 0.0]",600.0
stop,0.11410710299969651,601.0,0.0,0.0,0.0,-0.02,0.0,0.0,0.0,42.2,0,0,0,"[0.0036, 0.00025, 0.0]",600.0
stop,0.1688418539997656,423.0,0.0,0.0,0.0,-0.02,0.0,0.0,0.0,42.3,0,0,0,"[0.0036, 0.00025, 0.0]",600.0
stop,0.2235799009999937,423.0,0.0,0.0,0.0,-0.04,0.0,0.0,0.0,42.3,0,0,0,"[0.0036, 0.00025, 0.0]",600.0
stop,0.2782927319999544,423.0,0.0,0.0,0.0,-0.02,0.0,0.0,0.0,42.3,0,0,0,"[0.0036, 0.00025, 0.0]",600.0
stop,0.33303324300004533,423.0,0.0,0.0,0.0,-0.02,0.0,0.0,0.0,42.3,0,0,0,"[0.0036, 0.00025, 0.0]",600.0
stop,0.3877616899999339,423.0,0.0,0.0,0.0,-0.04,0.0,0.0,0.0,42.3,0,0,0,"[0.0036, 0.00025, 0.0]",600.0
stop,0.44274466699971526,423.0,0.0,0.0,0.0,-0.04,0.0,0.0,0.0,42.3,0,0,0,"[0.0036, 0.00025, 0.0]",600.0
stop,0.4975240260000646,423.0,0.0,0.0,0.0,-0.04,0.0,0.0,0.0,42.3,0,0,0,"[0.0036, 0.00025, 0.0]",600.0
stop,0.5525217869999324,423.0,0.0,0.0,0.0,-0.02,0.0,0.0,0.0,42.3,0,0,0,"[0.0036, 0.00025, 0.0]",600.0
stop,0.6074750989996573,423.0,0.0,0.0,0.0,-0.02,0.0,0.0,0.0,42.3,0,0,0,"[0.0036, 0.00025, 0.0]",600.0
stop,0.6624774039996737,0.0,0.0,0.0,0.0,-0.04,0.0,0.0,0.0,42.3,0,0,0,"[0.0036, 0.00025, 0.0]",600.0
stop,0.7172901079998155,0.0,0.0,0.0,0.0,-0.06,0.0,0.0,0.0,42.3,0,0,0,"[0.0036, 0.00025, 0.0]",600.0
stop,0.7741402659999039,0.0,0.0,0.0,0.0,-0.06,0.0,0.0,0.0,42.3,0,0,0,"[0.0036, 0.00025, 0.0]",600.0
run,0.005149124000126903,0.0,0.0,0.0,0.0,0.0,0.0,0.0,0.0,42.3,0,0,0,"[0.0036, 0.00025, 0.0]",600.0
run,0.049875449999944976,0.0,0.57,0.01,-0.59,-0.06,0.081,-0.232,1.944,42.3,0,0,0,"[0.0036, 0.00025, 0.0]",600.0
run,0.09453960000018924,0.0,0.96,0.06,0.96,0.04,0.16,-1.469,3.56,42.3,0,0,0,"[0.0036, 0.00025, 0.0]",600.0
stop,0.004597119999743882,1000.0,0.0,0.0,0.0,0.0,0.0,0.0,0.0,42.2,0,0,0,"[0.0036, 0.00025, 0.0]",600.0
stop,0.05934246299966617,792.0,0.0,0.0,0.0,-0.02,0.0,0.0,0.0,42.2,0,0,0,"[0.0036, 0.00025, 0.0]",600.0
stop,0.11410710299969651,601.0,0.0,0.0,0.0,-0.02,0.0,0.0,0.0,42.2,0,0,0,"[0.0036, 0.00025, 0.0]",600.0
stop,0.1688418539997656,423.0,0.0,0.0,0.0,-0.02,0.0,0.0,0.0,42.3,0,0,0,"[0.0036, 0.00025, 0.0]",600.0
stop,0.2235799009999937,423.0,0.0,0.0,0.0,-0.04,0.0,0.0,0.0,42.3,0,0,0,"[0.0036, 0.00025, 0.0]",600.0
stop,0.2782927319999544,423.0,0.0,0.0,0.0,-0.02,0.0,0.0,0.0,42.3,0,0,0,"[0.0036, 0.00025, 0.0]",600.0
stop,0.33303324300004533,423.0,0.0,0.0,0.0,-0.02,0.0,0.0,0.0,42.3,0,0,0,"[0.0036, 0.00025, 0.0]",600.0
stop,0.3877616899999339,423.0,0.0,0.0,0.0,-0.04,0.0,0.0,0.0,42.3,0,0,0,"[0.0036, 0.00025, 0.0]",600.0
stop,0.44274466699971526,423.0,0.0,0.0,0.0,-0.04,0.0,0.0,0.0,42.3,0,0,0,"[0.0036, 0.00025, 0.0]",600.0
stop,0.4975240260000646,423.0,0.0,0.0,0.0,-0.04,0.0,0.0,0.0,42.3,0,0,0,"[0.0036, 0.00025, 0.0]",600.0
stop,0.5525217869999324,423.0,0.0,0.0,0.0,-0.02,0.0,0.0,0.0,42.3,0,0,0,"[0.0036, 0.00025, 0.0]",600.0
stop,0.6074750989996573,423.0,0.0,0.0,0.0,-0.02,0.0,0.0,0.0,42.3,0,0,0,"[0.0036, 0.00025, 0.0]",600.0
stop,0.6624774039996737,0.0,0.0,0.0,0.0,-0.04,0.0,0.0,0.0,42.3,0,0,0,"[0.0036, 0.00025, 0.0]",600.0
stop,0.7172901079998155,0.0,0.0,0.0,0.0,-0.06,0.0,0.0,0.0,42.3,0,0,0,"[0.0036, 0.00025, 0.0]",600.0
stop,0.7741402659999039,0.0,0.0,0.0,0.0,-0.06,0.0,0.0,0.0,42.3,0,0,0,"[0.0036, 0.00025, 0.0]",600.0
run,0.005149124000126903,0.0,0.0,0.0,0.0,0.0,0.0,0.0,0.0,42.3,0,0,0,"[0.0036, 0.00025, 0.0]",600.0
run,0.049875449999944976,0.0,0.57,0.01,-0.59,-0.06,0.081,-0.232,1.944,42.3,0,0,0,"[0.0036, 0.00025, 0.0]",600.0
run,0.09453960000018924,0.0,0.96,0.06,0.96,0.04,0.16,-1.469,3.56,42.3,0,0,0,"[0.0036, 0.00025, 0.0]",600.0
stop,0.004597119999743882,1000.0,0.0,0.0,0.0,0.0,0.0,0.0,0.0,42.2,0,0,0,"[0.0036, 0.00025, 0.0]",600.0
stop,0.05934246299966617,792.0,0.0,0.0,0.0,-0.02,0.0,0.0,0.0,42.2,0,0,0,"[0.0036, 0.00025, 0.0]",600.0
stop,0.11410710299969651,601.0,0.0,0.0,0.0,-0.02,0.0,0.0,0.0,42.2,0,0,0,"[0.0036, 0.00025, 0.0]",600.0
stop,0.1688418539997656,423.0,0.0,0.0,0.0,-0.02,0.0,0.0,0.0,42.3,0,0,0,"[0.0036, 0.00025, 0.0]",600.0
stop,0.2235799009999937,423.0,0.0,0.0,0.0,-0.04,0.0,0.0,0.0,42.3,0,0,0,"[0.0036, 0.00025, 0.0]",600.0
stop,0.2782927319999544,423.0,0.0,0.0,0.0,-0.02,0.0,0.0,0.0,42.3,0,0,0,"[0.0036, 0.00025, 0.0]",600.0
stop,0.33303324300004533,423.0,0.0,0.0,0.0,-0.02,0.0,0.0,0.0,42.3,0,0,0,"[0.0036, 0.00025, 0.0]",600.0
stop,0.3877616899999339,423.0,0.0,0.0,0.0,-0.04,0.0,0.0,0.0,42.3,0,0,0,"[0.0036, 0.00025, 0.0]",600.0
stop,0.44274466699971526,423.0,0.0,0.0,0.0,-0.04,0.0,0.0,0.0,42.3,0,0,0,"[0.0036, 0.00025, 0.0]",600.0
stop,0.4975240260000646,423.0,0.0,0.0,0.0,-0.04,0.0,0.0,0.0,42.3,0,0,0,"[0.0036, 0.00025, 0.0]",600.0
stop,0.5525217869999324,423.0,0.0,0.0,0.0,-0.02,0.0,0.0,0.0,42.3,0,0,0,"[0.0036, 0.00025, 0.0]",600.0
stop,0.6074750989996573,423.0,0.0,0.0,0.0,-0.02,0.0,0.0,0.0,42.3,0,0,0,"[0.0036, 0.00025, 0.0]",600.0
stop,0.6624774039996737,0.0,0.0,0.0,0.0,-0.04,0.0,0.0,0.0,42.3,0,0,0,"[0.0036, 0.00025, 0.0]",600.0
stop,0.7172901079998155,0.0,0.0,0.0,0.0,-0.06,0.0,0.0,0.0,42.3,0,0,0,"[0.0036, 0.00025, 0.0]",600.0
stop,0.7741402659999039,0.0,0.0,0.0,0.0,-0.06,0.0,0.0,0.0,42.3,0,0,0,"[0.0036, 0.00025, 0.0]",600.0
run,0.005149124000126903,0.0,0.0,0.0,0.0,0.0,0.0,0.0,0.0,42.3,0,0,0,"[0.0036, 0.00025, 0.0]",600.0
run,0.049875449999944976,0.0,0.57,0.01,-0.59,-0.06,0.081,-0.232,1.944,42.3,0,0,0,"[0.0036, 0.00025, 0.0]",600.0
run,0.09453960000018924,0.0,0.96,0.06,0.96,0.04,0.16,-1.469,3.56,42.3,0,0,0,"[0.0036, 0.00025, 0.0]",600.0
stop,0.004597119999743882,1000.0,0.0,0.0,0.0,0.0,0.0,0.0,0.0,42.2,0,0,0,"[0.0036, 0.00025, 0.0]",600.0
stop,0.05934246299966617,792.0,0.0,0.0,0.0,-0.02,0.0,0.0,0.0,42.2,0,0,0,"[0.0036, 0.00025, 0.0]",600.0
stop,0.11410710299969651,601.0,0.0,0.0,0.0,-0.02,0.0,0.0,0.0,42.2,0,0,0,"[0.0036, 0.00025, 0.0]",600.0
stop,0.1688418539997656,423.0,0.0,0.0,0.0,-0.02,0.0,0.0,0.0,42.3,0,0,0,"[0.0036, 0.00025, 0.0]",600.0
stop,0.2235799009999937,423.0,0.0,0.0,0.0,-0.04,0.0,0.0,0.0,42.3,0,0,0,"[0.0036, 0.00025, 0.0]",600.0
stop,0.2782927319999544,423.0,0.0,0.0,0.0,-0.02,0.0,0.0,0.0,42.3,0,0,0,"[0.0036, 0.00025, 0.0]",600.0
stop,0.33303324300004533,423.0,0.0,0.0,0.0,-0.02,0.0,0.0,0.0,42.3,0,0,0,"[0.0036, 0.00025, 0.0]",600.0
stop,0.3877616899999339,423.0,0.0,0.0,0.0,-0.04,0.0,0.0,0.0,42.3,0,0,0,"[0.0036, 0.00025, 0.0]",600.0
stop,0.44274466699971526,423.0,0.0,0.0,0.0,-0.04,0.0,0.0,0.0,42.3,0,0,0,"[0.0036, 0.00025, 0.0]",600.0
stop,0.4975240260000646,423.0,0.0,0.0,0.0,-0.04,0.0,0.0,0.0,42.3,0,0,0,"[0.0036, 0.00025, 0.0]",600.0
stop,0.5525217869999324,423.0,0.0,0.0,0.0,-0.02,0.0,0.0,0.0,42.3,0,0,0,"[0.0036, 0.00025, 0.0]",600.0
stop,0.6074750989996573,423.0,0.0,0.0,0.0,-0.02,0.0,0.0,0.0,42.3,0,0,0,"[0.0036, 0.00025, 0.0]",600.0
stop,0.6624774039996737,0.0,0.0,0.0,0.0,-0.04,0.0,0.0,0.0,42.3,0,0,0,"[0.0036, 0.00025, 0.0]",600.0
stop,0.7172901079998155,0.0,0.0,0.0,0.0,-0.06,0.0,0.0,0.0,42.3,0,0,0,"[0.0036, 0.00025, 0.0]",600.0
stop,0.7741402659999039,0.0,0.0,0.0,0.0,-0.06,0.0,0.0,0.0,42.3,0,0,0,"[0.0036, 0.00025, 0.0]",600.0
run,0.005149124000126903,0.0,0.0,0.0,0.0,0.0,0.0,0.0,0.0,42.3,0,0,0,"[0.0036, 0.00025, 0.0]",600.0
run,0.049875449999944976,0.0,0.57,0.01,-0.59,-0.06,0.081,-0.232,1.944,42.3,0,0,0,"[0.0036, 0.00025, 0.0]",600.0
run,0.09453960000018924,0.0,0.96,0.06,0.96,0.04,0.16,-1.469,3.56,42.3,0,0,0,"[0.0036, 0.00025, 0.0]",600.0
stop,0.004597119999743882,1000.0,0.0,0.0,0.0,0.0,0.0,0.0,0.0,42.2,0,0,0,"[0.0036, 0.00025, 0.0]",600.0
stop,0.05934246299966617,792.0,0.0,0.0,0.0,-0.02,0.0,0.0,0.0,42.2,0,0,0,"[0.0036, 0.00025, 0.0]",600.0
stop,0.11410710299969651,601.0,0.0,0.0,0.0,-0.02,0.0,0.0,0.0,42.2,0,0,0,"[0.0036, 0.00025, 0.0]",600.0
stop,0.1688418539997656,423.0,0.0,0.0,0.0,-0.02,0.0,0.0,0.0,42.3,0,0,0,"[0.0036, 0.00025, 0.0]",600.0
stop,0.2235799009999937,423.0,0.0,0.0,0.0,-0.04,0.0,0.0,0.0,42.3,0,0,0,"[0.0036, 0.00025, 0.0]",600.0
stop,0.2782927319999544,423.0,0.0,0.0,0.0,-0.02,0.0,0.0,0.0,42.3,0,0,0,"[0.0036, 0.00025, 0.0]",600.0
stop,0.33303324300004533,423.0,0.0,0.0,0.0,-0.02,0.0,0.0,0.0,42.3,0,0,0,"[0.0036, 0.00025, 0.0]",600.0
stop,0.3877616899999339,423.0,0.0,0.0,0.0,-0.04,0.0,0.0,0.0,42.3,0,0,0,"[0.0036, 0.00025, 0.0]",600.0
stop,0.44274466699971526,423.0,0.0,0.0,0.0,-0.04,0.0,0.0,0.0,42.3,0,0,0,"[0.0036, 0.00025, 0.0]",600.0
stop,0.4975240260000646,423.0,0.0,0.0,0.0,-0.04,0.0,0.0,0.0,42.3,0,0,0,"[0.0036, 0.00025, 0.0]",600.0
stop,0.5525217869999324,423.0,0.0,0.0,0.0,-0.02,0.0,0.0,0.0,42.3,0,0,0,"[0.0036, 0.00025, 0.0]",600.0
stop,0.6074750989996573,423.0,0.0,0.0,0.0,-0.02,0.0,0.0,0.0,42.3,0,0,0,"[0.0036, 0.00025, 0.0]",600.0
stop,0.6624774039996737,0.0,0.0,0.0,0.0,-0.04,0.0,0.0,0.0,42.3,0,0,0,"[0.0036, 0.00025, 0.0]",600.0
stop,0.7172901079998155,0.0,0.0,0.0,0.0,-0.06,0.0,0.0,0.0,42.3,0,0,0,"[0.0036, 0.00025, 0.0]",600.0
stop,0.7741402659999039,0.0,0.0,0.0,0.0,-0.06,0.0,0.0,0.0,42.3,0,0,0,"[0.0036, 0.00025, 0.0]",600.0
run,0.005149124000126903,0.0,0.0,0.0,0.0,0.0,0.0,0.0,0.0,42.3,0,0,0,"[0.0036, 0.00025, 0.0]",600.0
run,0.049875449999944976,0.0,0.57,0.01,-0.59,-0.06,0.081,-0.232,1.944,42.3,0,0,0,"[0.0036, 0.00025, 0.0]",600.0
run,0.09453960000018924,0.0,0.96,0.06,0.96,0.04,0.16,-1.469,3.56,42.3,0,0,0,"[0.0036, 0.00025, 0.0]",600.0
stop,0.004597119999743882,1000.0,0.0,0.0,0.0,0.0,0.0,0.0,0.0,42.2,0,0,0,"[0.0036, 0.00025, 0.0]",600.0
stop,0.05934246299966617,792.0,0.0,0.0,0.0,-0.02,0.0,0.0,0.0,42.2,0,0,0,"[0.0036, 0.00025, 0.0]",600.0
stop,0.11410710299969651,601.0,0.0,0.0,0.0,-0.02,0.0,0.0,0.0,42.2,0,0,0,"[0.0036, 0.00025, 0.0]",600.0
stop,0.1688418539997656,423.0,0.0,0.0,0.0,-0.02,0.0,0.0,0.0,42.3,0,0,0,"[0.0036, 0.00025, 0.0]",600.0
stop,0.2235799009999937,423.0,0.0,0.0,0.0,-0.04,0.0,0.0,0.0,42.3,0,0,0,"[0.0036, 0.00025, 0.0]",600.0
stop,0.2782927319999544,423.0,0.0,0.0,0.0,-0.02,0.0,0.0,0.0,42.3,0,0,0,"[0.0036, 0.00025, 0.0]",600.0
stop,0.33303324300004533,423.0,0.0,0.0,0.0,-0.02,0.0,0.0,0.0,42.3,0,0,0,"[0.0036, 0.00025, 0.0]",600.0
stop,0.3877616899999339,423.0,0.0,0.0,0.0,-0.04,0.0,0.0,0.0,42.3,0,0,0,"[0.0036, 0.00025, 0.0]",600.0
stop,0.44274466699971526,423.0,0.0,0.0,0.0,-0.04,0.0,0.0,0.0,42.3,0,0,0,"[0.0036, 0.00025, 0.0]",600.0
stop,0.4975240260000646,423.0,0.0,0.0,0.0,-0.04,0.0,0.0,0.0,42.3,0,0,0,"[0.0036, 0.00025, 0.0]",600.0
stop,0.5525217869999324,423.0,0.0,0.0,0.0,-0.02,0.0,0.0,0.0,42.3,0,0,0,"[0.0036, 0.00025, 0.0]",600.0
stop,0.6074750989996573,423.0,0.0,0.0,0.0,-0.02,0.0,0.0,0.0,42.3,0,0,0,"[0.0036, 0.00025, 0.0]",600.0
stop,0.6624774039996737,0.0,0.0,0.0,0.0,-0.04,0.0,0.0,0.0,42.3,0,0,0,"[0.0036, 0.00025, 0.0]",600.0
stop,0.7172901079998155,0.0,0.0,0.0,0.0,-0.06,0.0,0.0,0.0,42.3,0,0,0,"[0.0036, 0.00025, 0.0]",600.0
stop,0.7741402659999039,0.0,0.0,0.0,0.0,-0.06,0.0,0.0,0.0,42.3,0,0,0,"[0.0036, 0.00025, 0.0]",600.0
run,0.005149124000126903,0.0,0.0,0.0,0.0,0.0,0.0,0.0,0.0,42.3,0,0,0,"[0.0036, 0.00025, 0.0]",600.0
run,0.049875449999944976,0.0,0.57,0.01,-0.59,-0.06,0.081,-0.232,1.944,42.3,0,0,0,"[0.0036, 0.00025, 0.0]",600.0
run,0.09453960000018924,0.0,0.96,0.06,0.96,0.04,0.16,-1.469,3.56,42.3,0,0,0,"[0.0036, 0.00025, 0.0]",600.0
stop,0.004597119999743882,1000.0,0.0,0.0,0.0,0.0,0.0,0.0,0.0,42.2,0,0,0,"[0.0036, 0.00025, 0.0]",600.0
stop,0.05934246299966617,792.0,0.0,0.0,0.0,-0.02,0.0,0.0,0.0,42.2,0,0,0,"[0.0036, 0.00025, 0.0]",600.0
stop,0.11410710299969651,601.0,0.0,0.0,0.0,-0.02,0.0,0.0,0.0,42.2,0,0,0,"[0.0036, 0.00025, 0.0]",600.0
stop,0.1688418539997656,423.0,0.0,0.0,0.0,-0.02,0.0,0.0,0.0,42.3,0,0,0,"[0.0036, 0.00025, 0.0]",600.0
stop,0.2235799009999937,423.0,0.0,0.0,0.0,-0.04,0.0,0.0,0.0,42.3,0,0,0,"[0.0036, 0.00025, 0.0]",600.0
stop,0.2782927319999544,423.0,0.0,0.0,0.0,-0.02,0.0,0.0,0.0,42.3,0,0,0,"[0.0036, 0.00025, 0.0]",600.0
stop,0.33303324300004533,423.0,0.0,0.0,0.0,-0.02,0.0,0.0,0.0,42.3,0,0,0,"[0.0036, 0.00025, 0.0]",600.0
stop,0.3877616899999339,423.0,0.0,0.0,0.0,-0.04,0.0,0.0,0.0,42.3,0,0,0,"[0.0036, 0.00025, 0.0]",600.0
stop,0.44274466699971526,423.0,0.0,0.0,0.0,-0.04,0.0,0.0,0.0,42.3,0,0,0,"[0.0036, 0.00025, 0.0]",600.0
stop,0.4975240260000646,423.0,0.0,0.0,0.0,-0.04,0.0,0.0,0.0,42.3,0,0,0,"[0.0036, 0.00025, 0.0]",600.0
stop,0.5525217869999324,423.0,0.0,0.0,0.0,-0.02,0.0,0.0,0.0,42.3,0,0,0,"[0.0036, 0.00025, 0.0]",600.0
stop,0.6074750989996573,423.0,0.0,0.0,0.0,-0.02,0.0,0.0,0.0,42.3,0,0,0,"[0.0036, 0.00025, 0.0]",600.0
stop,0.6624774039996737,0.0,0.0,0.0,0.0,-0.04,0.0,0.0,0.0,42.3,0,0,0,"[0.0036, 0.00025, 0.0]",600.0
stop,0.7172901079998155,0.0,0.0,0.0,0.0,-0.06,0.0,0.0,0.0,42.3,0,0,0,"[0.0036, 0.00025, 0.0]",600.0
stop,0.7741402659999039,0.0,0.0,0.0,0.0,-0.06,0.0,0.0,0.0,42.3,0,0,0,"[0.0036, 0.00025, 0.0]",600.0
run,0.005149124000126903,0.0,0.0,0.0,0.0,0.0,0.0,0.0,0.0,42.3,0,0,0,"[0.0036, 0.00025, 0.0]",600.0
run,0.049875449999944976,0.0,0.57,0.01,-0.59,-0.06,0.081,-0.232,1.944,42.3,0,0,0,"[0.0036, 0.00025, 0.0]",600.0
run,0.09453960000018924,0.0,0.96,0.06,0.96,0.04,0.16,-1.469,3.56,42.3,0,0,0,"[0.0036, 0.00025, 0.0]",600.0
stop,0.004597119999743882,1000.0,0.0,0.0,0.0,0.0,0.0,0.0,0.0,42.2,0,0,0,"[0.0036, 0.00025, 0.0]",600.0
stop,0.05934246299966617,792.0,0.0,0.0,0.0,-0.02,0.0,0.0,0.0,42.2,0,0,0,"[0.0036, 0.00025, 0.0]",600.0
stop,0.11410710299969651,601.0,0.0,0.0,0.0,-0.02,0.0,0.0,0.0,42.2,0,0,0,"[0.0036, 0.00025, 0.0]",600.0
stop,0.1688418539997656,423.0,0.0,0.0,0.0,-0.02,0.0,0.0,0.0,42.3,0,0,0,"[0.0036, 0.00025, 0.0]",600.0
stop,0.2235799009999937,423.0,0.0,0.0,0.0,-0.04,0.0,0.0,0.0,42.3,0,0,0,"[0.0036, 0.00025, 0.0]",600.0
stop,0.2782927319999544,423.0,0.0,0.0,0.0,-0.02,0.0,0.0,0.0,42.3,0,0,0,"[0.0036, 0.00025, 0.0]",600.0
stop,0.33303324300004533,423.0,0.0,0.0,0.0,-0.02,0.0,0.0,0.0,42.3,0,0,0,"[0.0036, 0.00025, 0.0]",600.0
stop,0.3877616899999339,423.0,0.0,0.0,0.0,-0.04,0.0,0.0,0.0,42.3,0,0,0,"[0.0036, 0.00025, 0.0]",600.0
stop,0.44274466699971526,423.0,0.0,0.0,0.0,-0.04,0.0,0.0,0.0,42.3,0,0,0,"[0.0036, 0.00025, 0.0]",600.0
stop,0.4975240260000646,423.0,0.0,0.0,0.0,-0.04,0.0,0.0,0.0,42.3,0,0,0,"[0.0036, 0.00025, 0.0]",600.0
stop,0.5525217869999324,423.0,0.0,0.0,0.0,-0.02,0.0,0.0,0.0,42.3,0,0,0,"[0.0036, 0.00025, 0.0]",600.0
stop,0.6074750989996573,423.0,0.0,0.0,0.0,-0.02,0.0,0.0,0.0,42.3,0,0,0,"[0.0036, 0.00025, 0.0]",600.0
stop,0.6624774039996737,0.0,0.0,0.0,0.0,-0.04,0.0,0.0,0.0,42.3,0,0,0,"[0.0036, 0.00025, 0.0]",600.0
stop,0.7172901079998155,0.0,0.0,0.0,0.0,-0.06,0.0,0.0,0.0,42.3,0,0,0,"[0.0036, 0.00025, 0.0]",600.0
stop,0.7741402659999039,0.0,0.0,0.0,0.0,-0.06,0.0,0.0,0.0,42.3,0,0,0,"[0.0036, 0.00025, 0.0]",600.0
run,0.005149124000126903,0.0,0.0,0.0,0.0,0.0,0.0,0.0,0.0,42.3,0,0,0,"[0.0036, 0.00025, 0.0]",600.0
run,0.049875449999944976,0.0,0.57,0.01,-0.59,-0.06,0.081,-0.232,1.944,42.3,0,0,0,"[0.0036, 0.00025, 0.0]",600.0
run,0.09453960000018924,0.0,0.96,0.06,0.96,0.04,0.16,-1.469,3.56,42.3,0,0,0,"[0.0036, 0.00025, 0.0]",600.0
stop,0.004597119999743882,1000.0,0.0,0.0,0.0,0.0,0.0,0.0,0.0,42.2,0,0,0,"[0.0036, 0.00025, 0.0]",600.0
stop,0.05934246299966617,792.0,0.0,0.0,0.0,-0.02,0.0,0.0,0.0,42.2,0,0,0,"[0.0036, 0.00025, 0.0]",600.0
stop,0.11410710299969651,601.0,0.0,0.0,0.0,-0.02,0.0,0.0,0.0,42.2,0,0,0,"[0.0036, 0.00025, 0.0]",600.0
stop,0.1688418539997656,423.0,0.0,0.0,0.0,-0.02,0.0,0.0,0.0,42.3,0,0,0,"[0.0036, 0.00025, 0.0]",600.0
stop,0.2235799009999937,423.0,0.0,0.0,0.0,-0.04,0.0,0.0,0.0,42.3,0,0,0,"[0.0036, 0.00025, 0.0]",600.0
stop,0.2782927319999544,423.0,0.0,0.0,0.0,-0.02,0.0,0.0,0.0,42.3,0,0,0,"[0.0036, 0.00025, 0.0]",600.0
stop,0.33303324300004533,423.0,0.0,0.0,0.0,-0.02,0.0,0.0,0.0,42.3,0,0,0,"[0.0036, 0.00025, 0.0]",600.0
stop,0.3877616899999339,423.0,0.0,0.0,0.0,-0.04,0.0,0.0,0.0,42.3,0,0,0,"[0.0036, 0.00025, 0.0]",600.0
stop,0.44274466699971526,423.0,0.0,0.0,0.0,-0.04,0.0,0.0,0.0,42.3,0,0,0,"[0.0036, 0.00025, 0.0]",600.0
stop,0.4975240260000646,423.0,0.0,0.0,0.0,-0.04,0.0,0.0,0.0,42.3,0,0,0,"[0.0036, 0.00025, 0.0]",600.0
stop,0.5525217869999324,423.0,0.0,0.0,0.0,-0.02,0.0,0.0,0.0,42.3,0,0,0,"[0.0036, 0.00025, 0.0]",600.0
stop,0.6074750989996573,423.0,0.0,0.0,0.0,-0.02,0.0,0.0,0.0,42.3,0,0,0,"[0.0036, 0.00025, 0.0]",600.0
stop,0.6624774039996737,0.0,0.0,0.0,0.0,-0.04,0.0,0.0,0.0,42.3,0,0,0,"[0.0036, 0.00025, 0.0]",600.0
stop,0.7172901079998155,0.0,0.0,0.0,0.0,-0.06,0.0,0.0,0.0,42.3,0,0,0,"[0.0036, 0.00025, 0.0]",600.0
stop,0.7741402659999039,0.0,0.0,0.0,0.0,-0.06,0.0,0.0,0.0,42.3,0,0,0,"[0.0036, 0.00025, 0.0]",600.0
run,0.005149124000126903,0.0,0.0,0.0,0.0,0.0,0.0,0.0,0.0,42.3,0,0,0,"[0.0036, 0.00025, 0.0]",600.0
run,0.049875449999944976,0.0,0.57,0.01,-0.59,-0.06,0.081,-0.232,1.944,42.3,0,0,0,"[0.0036, 0.00025, 0.0]",600.0
run,0.09453960000018924,0.0,0.96,0.06,0.96,0.04,0.16,-1.469,3.56,42.3,0,0,0,"[0.0036, 0.00025, 0.0]",600.0
stop,0.004597119999743882,1000.0,0.0,0.0,0.0,0.0,0.0,0.0,0.0,42.2,0,0,0,"[0.0036, 0.00025, 0.0]",600.0
stop,0.05934246299966617,792.0,0.0,0.0,0.0,-0.02,0.0,0.0,0.0,42.2,0,0,0,"[0.0036, 0.00025, 0.0]",600.0
stop,0.11410710299969651,601.0,0.0,0.0,0.0,-0.02,0.0,0.0,0.0,42.2,0,0,0,"[0.0036, 0.00025, 0.0]",600.0
stop,0.1688418539997656,423.0,0.0,0.0,0.0,-0.02,0.0,0.0,0.0,42.3,0,0,0,"[0.0036, 0.00025, 0.0]",600.0
stop,0.2235799009999937,423.0,0.0,0.0,0.0,-0.04,0.0,0.0,0.0,42.3,0,0,0,"[0.0036, 0.00025, 0.0]",600.0
stop,0.2782927319999544,423.0,0.0,0.0,0.0,-0.02,0.0,0.0,0.0,42.3,0,0,0,"[0.0036, 0.00025, 0.0]",600.0
stop,0.33303324300004533,423.0,0.0,0.0,0.0,-0.02,0.0,0.0,0.0,42.3,0,0,0,"[0.0036, 0.00025, 0.0]",600.0
stop,0.3877616899999339,423.0,0.0,0.0,0.0,-0.04,0.0,0.0,0.0,42.3,0,0,0,"[0.0036, 0.00025, 0.0]",600.0
stop,0.44274466699971526,423.0,0.0,0.0,0.0,-0.04,0.0,0.0,0.0,42.3,0,0,0,"[0.0036, 0.00025, 0.0]",600.0
stop,0.4975240260000646,423.0,0.0,0.0,0.0,-0.04,0.0,0.0,0.0,42.3,0,0,0,"[0.0036, 0.00025, 0.0]",600.0
stop,0.5525217869999324,423.0,0.0,0.0,0.0,-0.02,0.0,0.0,0.0,42.3,0,0,0,"[0.0036, 0.00025, 0.0]",600.0
stop,0.6074750989996573,423.0,0.0,0.0,0.0,-0.02,0.0,0.0,0.0,42.3,0,0,0,"[0.0036, 0.00025, 0.0]",600.0
stop,0.6624774039996737,0.0,0.0,0.0,0.0,-0.04,0.0,0.0,0.0,42.3,0,0,0,"[0.0036, 0.00025, 0.0]",600.0
stop,0.7172901079998155,0.0,0.0,0.0,0.0,-0.06,0.0,0.0,0.0,42.3,0,0,0,"[0.0036, 0.00025, 0.0]",600.0
stop,0.7741402659999039,0.0,0.0,0.0,0.0,-0.06,0.0,0.0,0.0,42.3,0,0,0,"[0.0036, 0.00025, 0.0]",600.0
run,0.005149124000126903,0.0,0.0,0.0,0.0,0.0,0.0,0.0,0.0,42.3,0,0,0,"[0.0036, 0.00025, 0.0]",600.0
run,0.049875449999944976,0.0,0.57,0.01,-0.59,-0.06,0.081,-0.232,1.944,42.3,0,0,0,"[0.0036, 0.00025, 0.0]",600.0
run,0.09453960000018924,0.0,0.96,0.06,0.96,0.04,0.16,-1.469,3.56,42.3,0,0,0,"[0.0036, 0.00025, 0.0]",600.0
stop,0.004597119999743882,1000.0,0.0,0.0,0.0,0.0,0.0,0.0,0.0,42.2,0,0,0,"[0.0036, 0.00025, 0.0]",600.0
stop,0.05934246299966617,792.0,0.0,0.0,0.0,-0.02,0.0,0.0,0.0,42.2,0,0,0,"[0.0036, 0.00025, 0.0]",600.0
stop,0.11410710299969651,601.0,0.0,0.0,0.0,-0.02,0.0,0.0,0.0,42.2,0,0,0,"[0.0036, 0.00025, 0.0]",600.0
stop,0.1688418539997656,423.0,0.0,0.0,0.0,-0.02,0.0,0.0,0.0,42.3,0,0,0,"[0.0036, 0.00025, 0.0]",600.0
stop,0.2235799009999937,423.0,0.0,0.0,0.0,-0.04,0.0,0.0,0.0,42.3,0,0,0,"[0.0036, 0.00025, 0.0]",600.0
stop,0.2782927319999544,423.0,0.0,0.0,0.0,-0.02,0.0,0.0,0.0,42.3,0,0,0,"[0.0036, 0.00025, 0.0]",600.0
stop,0.33303324300004533,423.0,0.0,0.0,0.0,-0.02,0.0,0.0,0.0,42.3,0,0,0,"[0.0036, 0.00025, 0.0]",600.0
stop,0.3877616899999339,423.0,0.0,0.0,0.0,-0.04,0.0,0.0,0.0,42.3,0,0,0,"[0.0036, 0.00025, 0.0]",600.0
stop,0.44274466699971526,423.0,0.0,0.0,0.0,-0.04,0.0,0.0,0.0,42.3,0,0,0,"[0.0036, 0.00025, 0.0]",600.0
stop,0.4975240260000646,423.0,0.0,0.0,0.0,-0.04,0.0,0.0,0.0,42.3,0,0,0,"[0.0036, 0.00025, 0.0]",600.0
stop,0.5525217869999324,423.0,0.0,0.0,0.0,-0.02,0.0,0.0,0.0,42.3,0,0,0,"[0.0036, 0.00025, 0.0]",600.0
stop,0.6074750989996573,423.0,0.0,0.0,0.0,-0.02,0.0,0.0,0.0,42.3,0,0,0,"[0.0036, 0.00025, 0.0]",600.0
stop,0.6624774039996737,0.0,0.0,0.0,0.0,-0.04,0.0,0.0,0.0,42.3,0,0,0,"[0.0036, 0.00025, 0.0]",600.0
stop,0.7172901079998155,0.0,0.0,0.0,0.0,-0.06,0.0,0.0,0.0,42.3,0,0,0,"[0.0036, 0.00025, 0.0]",600.0
stop,0.7741402659999039,0.0,0.0,0.0,0.0,-0.06,0.0,0.0,0.0,42.3,0,0,0,"[0.0036, 0.00025, 0.0]",600.0
run,0.005138051999892923,0.0,0.0,0.0,0.0,0.0,0.0,0.0,0.0,42.3,0,0,0,"[0.0036, 0.0003, 0.0]",600.0
run,0.04980582400003186,0.0,0.57,0.01,0.0,0.0,0.08,-0.061,1.922,42.3,0,0,0,"[0.0036, 0.0003, 0.0]",600.0
run,0.09450191499990979,0.0,0.95,0.05,0.96,0.02,0.156,-1.441,3.48,42.3,0,0,0,"[0.0036, 0.0003, 0.0]",600.0
stop,0.004599295999923925,1019.0,0.0,0.0,0.0,0.0,0.0,0.0,0.0,42.3,0,0,0,"[0.0036, 0.0003, 0.0]",600.0
stop,0.0592891219998819,816.0,0.0,0.0,0.0,-0.02,0.0,0.0,0.0,42.3,0,0,0,"[0.0036, 0.0003, 0.0]",600.0
stop,0.11404611699981615,622.0,0.0,0.0,0.0,-0.04,0.0,0.0,0.0,42.3,0,0,0,"[0.0036, 0.0003, 0.0]",600.0
stop,0.16881664699985777,443.0,0.0,0.0,0.0,-0.04,0.0,0.0,0.0,42.3,0,0,0,"[0.0036, 0.0003, 0.0]",600.0
stop,0.22378653899977508,443.0,0.0,0.0,0.0,-0.04,0.0,0.0,0.0,42.3,0,0,0,"[0.0036, 0.0003, 0.0]",600.0
stop,0.2789049119996889,443.0,0.0,0.0,0.0,-0.04,0.0,0.0,0.0,42.3,0,0,0,"[0.0036, 0.0003, 0.0]",600.0
stop,0.33581452899989017,443.0,0.0,0.0,0.0,-0.04,0.0,0.0,0.0,42.3,0,0,0,"[0.0036, 0.0003, 0.0]",600.0
stop,0.39097930299976724,443.0,0.0,0.0,0.0,-0.02,0.0,0.0,0.0,42.2,0,0,0,"[0.0036, 0.0003, 0.0]",600.0
stop,0.44574653699964983,443.0,0.0,0.0,0.0,-0.02,0.0,0.0,0.0,42.2,0,0,0,"[0.0036, 0.0003, 0.0]",600.0
stop,0.5006403319998753,443.0,0.0,0.0,0.0,-0.02,0.0,0.0,0.0,42.3,0,0,0,"[0.0036, 0.0003, 0.0]",600.0
stop,0.555608495999877,443.0,0.0,0.0,0.0,-0.04,0.0,0.0,0.0,42.3,0,0,0,"[0.0036, 0.0003, 0.0]",600.0
stop,0.6104174269999021,443.0,0.0,0.0,0.0,-0.02,0.0,0.0,0.0,42.3,0,0,0,"[0.0036, 0.0003, 0.0]",600.0
stop,0.6651440209998327,0.0,0.0,0.0,0.0,-0.04,0.0,0.0,0.0,42.3,0,0,0,"[0.0036, 0.0003, 0.0]",600.0
stop,0.7197642460000679,0.0,0.0,0.0,0.0,-0.06,0.0,0.0,0.0,42.3,0,0,0,"[0.0036, 0.0003, 0.0]",600.0
stop,0.774902555999688,0.0,0.0,0.0,0.0,-0.04,0.0,0.0,0.0,42.3,0,0,0,"[0.0036, 0.0003, 0.0]",600.0
run,0.005138051999892923,0.0,0.0,0.0,0.0,0.0,0.0,0.0,0.0,42.3,0,0,0,"[0.0036, 0.0003, 0.0]",600.0
run,0.04980582400003186,0.0,0.57,0.01,0.0,0.0,0.08,-0.061,1.922,42.3,0,0,0,"[0.0036, 0.0003, 0.0]",600.0
run,0.09450191499990979,0.0,0.95,0.05,0.96,0.02,0.156,-1.441,3.48,42.3,0,0,0,"[0.0036, 0.0003, 0.0]",600.0
stop,0.004599295999923925,1019.0,0.0,0.0,0.0,0.0,0.0,0.0,0.0,42.3,0,0,0,"[0.0036, 0.0003, 0.0]",600.0
stop,0.0592891219998819,816.0,0.0,0.0,0.0,-0.02,0.0,0.0,0.0,42.3,0,0,0,"[0.0036, 0.0003, 0.0]",600.0
stop,0.11404611699981615,622.0,0.0,0.0,0.0,-0.04,0.0,0.0,0.0,42.3,0,0,0,"[0.0036, 0.0003, 0.0]",600.0
stop,0.16881664699985777,443.0,0.0,0.0,0.0,-0.04,0.0,0.0,0.0,42.3,0,0,0,"[0.0036, 0.0003, 0.0]",600.0
stop,0.22378653899977508,443.0,0.0,0.0,0.0,-0.04,0.0,0.0,0.0,42.3,0,0,0,"[0.0036, 0.0003, 0.0]",600.0
stop,0.2789049119996889,443.0,0.0,0.0,0.0,-0.04,0.0,0.0,0.0,42.3,0,0,0,"[0.0036, 0.0003, 0.0]",600.0
stop,0.33581452899989017,443.0,0.0,0.0,0.0,-0.04,0.0,0.0,0.0,42.3,0,0,0,"[0.0036, 0.0003, 0.0]",600.0
stop,0.39097930299976724,443.0,0.0,0.0,0.0,-0.02,0.0,0.0,0.0,42.2,0,0,0,"[0.0036, 0.0003, 0.0]",600.0
stop,0.44574653699964983,443.0,0.0,0.0,0.0,-0.02,0.0,0.0,0.0,42.2,0,0,0,"[0.0036, 0.0003, 0.0]",600.0
stop,0.5006403319998753,443.0,0.0,0.0,0.0,-0.02,0.0,0.0,0.0,42.3,0,0,0,"[0.0036, 0.0003, 0.0]",600.0
stop,0.555608495999877,443.0,0.0,0.0,0.0,-0.04,0.0,0.0,0.0,42.3,0,0,0,"[0.0036, 0.0003, 0.0]",600.0
stop,0.6104174269999021,443.0,0.0,0.0,0.0,-0.02,0.0,0.0,0.0,42.3,0,0,0,"[0.0036, 0.0003, 0.0]",600.0
stop,0.6651440209998327,0.0,0.0,0.0,0.0,-0.04,0.0,0.0,0.0,42.3,0,0,0,"[0.0036, 0.0003, 0.0]",600.0
stop,0.7197642460000679,0.0,0.0,0.0,0.0,-0.06,0.0,0.0,0.0,42.3,0,0,0,"[0.0036, 0.0003, 0.0]",600.0
stop,0.774902555999688,0.0,0.0,0.0,0.0,-0.04,0.0,0.0,0.0,42.3,0,0,0,"[0.0036, 0.0003, 0.0]",600.0
run,0.005138051999892923,0.0,0.0,0.0,0.0,0.0,0.0,0.0,0.0,42.3,0,0,0,"[0.0036, 0.0003, 0.0]",600.0
run,0.04980582400003186,0.0,0.57,0.01,0.0,0.0,0.08,-0.061,1.922,42.3,0,0,0,"[0.0036, 0.0003, 0.0]",600.0
run,0.09450191499990979,0.0,0.95,0.05,0.96,0.02,0.156,-1.441,3.48,42.3,0,0,0,"[0.0036, 0.0003, 0.0]",600.0
stop,0.004599295999923925,1019.0,0.0,0.0,0.0,0.0,0.0,0.0,0.0,42.3,0,0,0,"[0.0036, 0.0003, 0.0]",600.0
stop,0.0592891219998819,816.0,0.0,0.0,0.0,-0.02,0.0,0.0,0.0,42.3,0,0,0,"[0.0036, 0.0003, 0.0]",600.0
stop,0.11404611699981615,622.0,0.0,0.0,0.0,-0.04,0.0,0.0,0.0,42.3,0,0,0,"[0.0036, 0.0003, 0.0]",600.0
stop,0.16881664699985777,443.0,0.0,0.0,0.0,-0.04,0.0,0.0,0.0,42.3,0,0,0,"[0.0036, 0.0003, 0.0]",600.0
stop,0.22378653899977508,443.0,0.0,0.0,0.0,-0.04,0.0,0.0,0.0,42.3,0,0,0,"[0.0036, 0.0003, 0.0]",600.0
stop,0.2789049119996889,443.0,0.0,0.0,0.0,-0.04,0.0,0.0,0.0,42.3,0,0,0,"[0.0036, 0.0003, 0.0]",600.0
stop,0.33581452899989017,443.0,0.0,0.0,0.0,-0.04,0.0,0.0,0.0,42.3,0,0,0,"[0.0036, 0.0003, 0.0]",600.0
stop,0.39097930299976724,443.0,0.0,0.0,0.0,-0.02,0.0,0.0,0.0,42.2,0,0,0,"[0.0036, 0.0003, 0.0]",600.0
stop,0.44574653699964983,443.0,0.0,0.0,0.0,-0.02,0.0,0.0,0.0,42.2,0,0,0,"[0.0036, 0.0003, 0.0]",600.0
stop,0.5006403319998753,443.0,0.0,0.0,0.0,-0.02,0.0,0.0,0.0,42.3,0,0,0,"[0.0036, 0.0003, 0.0]",600.0
stop,0.555608495999877,443.0,0.0,0.0,0.0,-0.04,0.0,0.0,0.0,42.3,0,0,0,"[0.0036, 0.0003, 0.0]",600.0
stop,0.6104174269999021,443.0,0.0,0.0,0.0,-0.02,0.0,0.0,0.0,42.3,0,0,0,"[0.0036, 0.0003, 0.0]",600.0
stop,0.6651440209998327,0.0,0.0,0.0,0.0,-0.04,0.0,0.0,0.0,42.3,0,0,0,"[0.0036, 0.0003, 0.0]",600.0
stop,0.7197642460000679,0.0,0.0,0.0,0.0,-0.06,0.0,0.0,0.0,42.3,0,0,0,"[0.0036, 0.0003, 0.0]",600.0
stop,0.774902555999688,0.0,0.0,0.0,0.0,-0.04,0.0,0.0,0.0,42.3,0,0,0,"[0.0036, 0.0003, 0.0]",600.0
run,0.005138051999892923,0.0,0.0,0.0,0.0,0.0,0.0,0.0,0.0,42.3,0,0,0,"[0.0036, 0.0003, 0.0]",600.0
run,0.04980582400003186,0.0,0.57,0.01,0.0,0.0,0.08,-0.061,1.922,42.3,0,0,0,"[0.0036, 0.0003, 0.0]",600.0
run,0.09450191499990979,0.0,0.95,0.05,0.96,0.02,0.156,-1.441,3.48,42.3,0,0,0,"[0.0036, 0.0003, 0.0]",600.0
stop,0.004599295999923925,1019.0,0.0,0.0,0.0,0.0,0.0,0.0,0.0,42.3,0,0,0,"[0.0036, 0.0003, 0.0]",600.0
stop,0.0592891219998819,816.0,0.0,0.0,0.0,-0.02,0.0,0.0,0.0,42.3,0,0,0,"[0.0036, 0.0003, 0.0]",600.0
stop,0.11404611699981615,622.0,0.0,0.0,0.0,-0.04,0.0,0.0,0.0,42.3,0,0,0,"[0.0036, 0.0003, 0.0]",600.0
stop,0.16881664699985777,443.0,0.0,0.0,0.0,-0.04,0.0,0.0,0.0,42.3,0,0,0,"[0.0036, 0.0003, 0.0]",600.0
stop,0.22378653899977508,443.0,0.0,0.0,0.0,-0.04,0.0,0.0,0.0,42.3,0,0,0,"[0.0036, 0.0003, 0.0]",600.0
stop,0.2789049119996889,443.0,0.0,0.0,0.0,-0.04,0.0,0.0,0.0,42.3,0,0,0,"[0.0036, 0.0003, 0.0]",600.0
stop,0.33581452899989017,443.0,0.0,0.0,0.0,-0.04,0.0,0.0,0.0,42.3,0,0,0,"[0.0036, 0.0003, 0.0]",600.0
stop,0.39097930299976724,443.0,0.0,0.0,0.0,-0.02,0.0,0.0,0.0,42.2,0,0,0,"[0.0036, 0.0003, 0.0]",600.0
stop,0.44574653699964983,443.0,0.0,0.0,0.0,-0.02,0.0,0.0,0.0,42.2,0,0,0,"[0.0036, 0.0003, 0.0]",600.0
stop,0.5006403319998753,443.0,0.0,0.0,0.0,-0.02,0.0,0.0,0.0,42.3,0,0,0,"[0.0036, 0.0003, 0.0]",600.0
stop,0.555608495999877,443.0,0.0,0.0,0.0,-0.04,0.0,0.0,0.0,42.3,0,0,0,"[0.0036, 0.0003, 0.0]",600.0
stop,0.6104174269999021,443.0,0.0,0.0,0.0,-0.02,0.0,0.0,0.0,42.3,0,0,0,"[0.0036, 0.0003, 0.0]",600.0
stop,0.6651440209998327,0.0,0.0,0.0,0.0,-0.04,0.0,0.0,0.0,42.3,0,0,0,"[0.0036, 0.0003, 0.0]",600.0
stop,0.7197642460000679,0.0,0.0,0.0,0.0,-0.06,0.0,0.0,0.0,42.3,0,0,0,"[0.0036, 0.0003, 0.0]",600.0
stop,0.774902555999688,0.0,0.0,0.0,0.0,-0.04,0.0,0.0,0.0,42.3,0,0,0,"[0.0036, 0.0003, 0.0]",600.0
run,0.005138051999892923,0.0,0.0,0.0,0.0,0.0,0.0,0.0,0.0,42.3,0,0,0,"[0.0036, 0.0003, 0.0]",600.0
run,0.04980582400003186,0.0,0.57,0.01,0.0,0.0,0.08,-0.061,1.922,42.3,0,0,0,"[0.0036, 0.0003, 0.0]",600.0
run,0.09450191499990979,0.0,0.95,0.05,0.96,0.02,0.156,-1.441,3.48,42.3,0,0,0,"[0.0036, 0.0003, 0.0]",600.0
stop,0.004599295999923925,1019.0,0.0,0.0,0.0,0.0,0.0,0.0,0.0,42.3,0,0,0,"[0.0036, 0.0003, 0.0]",600.0
stop,0.0592891219998819,816.0,0.0,0.0,0.0,-0.02,0.0,0.0,0.0,42.3,0,0,0,"[0.0036, 0.0003, 0.0]",600.0
stop,0.11404611699981615,622.0,0.0,0.0,0.0,-0.04,0.0,0.0,0.0,42.3,0,0,0,"[0.0036, 0.0003, 0.0]",600.0
stop,0.16881664699985777,443.0,0.0,0.0,0.0,-0.04,0.0,0.0,0.0,42.3,0,0,0,"[0.0036, 0.0003, 0.0]",600.0
stop,0.22378653899977508,443.0,0.0,0.0,0.0,-0.04,0.0,0.0,0.0,42.3,0,0,0,"[0.0036, 0.0003, 0.0]",600.0
stop,0.2789049119996889,443.0,0.0,0.0,0.0,-0.04,0.0,0.0,0.0,42.3,0,0,0,"[0.0036, 0.0003, 0.0]",600.0
stop,0.33581452899989017,443.0,0.0,0.0,0.0,-0.04,0.0,0.0,0.0,42.3,0,0,0,"[0.0036, 0.0003, 0.0]",600.0
stop,0.39097930299976724,443.0,0.0,0.0,0.0,-0.02,0.0,0.0,0.0,42.2,0,0,0,"[0.0036, 0.0003, 0.0]",600.0
stop,0.44574653699964983,443.0,0.0,0.0,0.0,-0.02,0.0,0.0,0.0,42.2,0,0,0,"[0.0036, 0.0003, 0.0]",600.0
stop,0.5006403319998753,443.0,0.0,0.0,0.0,-0.02,0.0,0.0,0.0,42.3,0,0,0,"[0.0036, 0.0003, 0.0]",600.0
stop,0.555608495999877,443.0,0.0,0.0,0.0,-0.04,0.0,0.0,0.0,42.3,0,0,0,"[0.0036, 0.0003, 0.0]",600.0
stop,0.6104174269999021,443.0,0.0,0.0,0.0,-0.02,0.0,0.0,0.0,42.3,0,0,0,"[0.0036, 0.0003, 0.0]",600.0
stop,0.6651440209998327,0.0,0.0,0.0,0.0,-0.04,0.0,0.0,0.0,42.3,0,0,0,"[0.0036, 0.0003, 0.0]",600.0
stop,0.7197642460000679,0.0,0.0,0.0,0.0,-0.06,0.0,0.0,0.0,42.3,0,0,0,"[0.0036, 0.0003, 0.0]",600.0
stop,0.774902555999688,0.0,0.0,0.0,0.0,-0.04,0.0,0.0,0.0,42.3,0,0,0,"[0.0036, 0.0003, 0.0]",600.0
run,0.005138051999892923,0.0,0.0,0.0,0.0,0.0,0.0,0.0,0.0,42.3,0,0,0,"[0.0036, 0.0003, 0.0]",600.0
run,0.04980582400003186,0.0,0.57,0.01,0.0,0.0,0.08,-0.061,1.922,42.3,0,0,0,"[0.0036, 0.0003, 0.0]",600.0
run,0.09450191499990979,0.0,0.95,0.05,0.96,0.02,0.156,-1.441,3.48,42.3,0,0,0,"[0.0036, 0.0003, 0.0]",600.0
stop,0.004599295999923925,1019.0,0.0,0.0,0.0,0.0,0.0,0.0,0.0,42.3,0,0,0,"[0.0036, 0.0003, 0.0]",600.0
stop,0.0592891219998819,816.0,0.0,0.0,0.0,-0.02,0.0,0.0,0.0,42.3,0,0,0,"[0.0036, 0.0003, 0.0]",600.0
stop,0.11404611699981615,622.0,0.0,0.0,0.0,-0.04,0.0,0.0,0.0,42.3,0,0,0,"[0.0036, 0.0003, 0.0]",600.0
stop,0.16881664699985777,443.0,0.0,0.0,0.0,-0.04,0.0,0.0,0.0,42.3,0,0,0,"[0.0036, 0.0003, 0.0]",600.0
stop,0.22378653899977508,443.0,0.0,0.0,0.0,-0.04,0.0,0.0,0.0,42.3,0,0,0,"[0.0036, 0.0003, 0.0]",600.0
stop,0.2789049119996889,443.0,0.0,0.0,0.0,-0.04,0.0,0.0,0.0,42.3,0,0,0,"[0.0036, 0.0003, 0.0]",600.0
stop,0.33581452899989017,443.0,0.0,0.0,0.0,-0.04,0.0,0.0,0.0,42.3,0,0,0,"[0.0036, 0.0003, 0.0]",600.0
stop,0.39097930299976724,443.0,0.0,0.0,0.0,-0.02,0.0,0.0,0.0,42.2,0,0,0,"[0.0036, 0.0003, 0.0]",600.0
stop,0.44574653699964983,443.0,0.0,0.0,0.0,-0.02,0.0,0.0,0.0,42.2,0,0,0,"[0.0036, 0.0003, 0.0]",600.0
stop,0.5006403319998753,443.0,0.0,0.0,0.0,-0.02,0.0,0.0,0.0,42.3,0,0,0,"[0.0036, 0.0003, 0.0]",600.0
stop,0.555608495999877,443.0,0.0,0.0,0.0,-0.04,0.0,0.0,0.0,42.3,0,0,0,"[0.0036, 0.0003, 0.0]",600.0
stop,0.6104174269999021,443.0,0.0,0.0,0.0,-0.02,0.0,0.0,0.0,42.3,0,0,0,"[0.0036, 0.0003, 0.0]",600.0
stop,0.6651440209998327,0.0,0.0,0.0,0.0,-0.04,0.0,0.0,0.0,42.3,0,0,0,"[0.0036, 0.0003, 0.0]",600.0
stop,0.7197642460000679,0.0,0.0,0.0,0.0,-0.06,0.0,0.0,0.0,42.3,0,0,0,"[0.0036, 0.0003, 0.0]",600.0
stop,0.774902555999688,0.0,0.0,0.0,0.0,-0.04,0.0,0.0,0.0,42.3,0,0,0,"[0.0036, 0.0003, 0.0]",600.0
run,0.005138051999892923,0.0,0.0,0.0,0.0,0.0,0.0,0.0,0.0,42.3,0,0,0,"[0.0036, 0.0003, 0.0]",600.0
run,0.04980582400003186,0.0,0.57,0.01,0.0,0.0,0.08,-0.061,1.922,42.3,0,0,0,"[0.0036, 0.0003, 0.0]",600.0
run,0.09450191499990979,0.0,0.95,0.05,0.96,0.02,0.156,-1.441,3.48,42.3,0,0,0,"[0.0036, 0.0003, 0.0]",600.0
stop,0.004599295999923925,1019.0,0.0,0.0,0.0,0.0,0.0,0.0,0.0,42.3,0,0,0,"[0.0036, 0.0003, 0.0]",600.0
stop,0.0592891219998819,816.0,0.0,0.0,0.0,-0.02,0.0,0.0,0.0,42.3,0,0,0,"[0.0036, 0.0003, 0.0]",600.0
stop,0.11404611699981615,622.0,0.0,0.0,0.0,-0.04,0.0,0.0,0.0,42.3,0,0,0,"[0.0036, 0.0003, 0.0]",600.0
stop,0.16881664699985777,443.0,0.0,0.0,0.0,-0.04,0.0,0.0,0.0,42.3,0,0,0,"[0.0036, 0.0003, 0.0]",600.0
stop,0.22378653899977508,443.0,0.0,0.0,0.0,-0.04,0.0,0.0,0.0,42.3,0,0,0,"[0.0036, 0.0003, 0.0]",600.0
stop,0.2789049119996889,443.0,0.0,0.0,0.0,-0.04,0.0,0.0,0.0,42.3,0,0,0,"[0.0036, 0.0003, 0.0]",600.0
stop,0.33581452899989017,443.0,0.0,0.0,0.0,-0.04,0.0,0.0,0.0,42.3,0,0,0,"[0.0036, 0.0003, 0.0]",600.0
stop,0.39097930299976724,443.0,0.0,0.0,0.0,-0.02,0.0,0.0,0.0,42.2,0,0,0,"[0.0036, 0.0003, 0.0]",600.0
stop,0.44574653699964983,443.0,0.0,0.0,0.0,-0.02,0.0,0.0,0.0,42.2,0,0,0,"[0.0036, 0.0003, 0.0]",600.0
stop,0.5006403319998753,443.0,0.0,0.0,0.0,-0.02,0.0,0.0,0.0,42.3,0,0,0,"[0.0036, 0.0003, 0.0]",600.0
stop,0.555608495999877,443.0,0.0,0.0,0.0,-0.04,0.0,0.0,0.0,42.3,0,0,0,"[0.0036, 0.0003, 0.0]",600.0
stop,0.6104174269999021,443.0,0.0,0.0,0.0,-0.02,0.0,0.0,0.0,42.3,0,0,0,"[0.0036, 0.0003, 0.0]",600.0
stop,0.6651440209998327,0.0,0.0,0.0,0.0,-0.04,0.0,0.0,0.0,42.3,0,0,0,"[0.0036, 0.0003, 0.0]",600.0
stop,0.7197642460000679,0.0,0.0,0.0,0.0,-0.06,0.0,0.0,0.0,42.3,0,0,0,"[0.0036, 0.0003, 0.0]",600.0
stop,0.774902555999688,0.0,0.0,0.0,0.0,-0.04,0.0,0.0,0.0,42.3,0,0,0,"[0.0036, 0.0003, 0.0]",600.0
run,0.005138051999892923,0.0,0.0,0.0,0.0,0.0,0.0,0.0,0.0,42.3,0,0,0,"[0.0036, 0.0003, 0.0]",600.0
run,0.04980582400003186,0.0,0.57,0.01,0.0,0.0,0.08,-0.061,1.922,42.3,0,0,0,"[0.0036, 0.0003, 0.0]",600.0
run,0.09450191499990979,0.0,0.95,0.05,0.96,0.02,0.156,-1.441,3.48,42.3,0,0,0,"[0.0036, 0.0003, 0.0]",600.0
stop,0.004599295999923925,1019.0,0.0,0.0,0.0,0.0,0.0,0.0,0.0,42.3,0,0,0,"[0.0036, 0.0003, 0.0]",600.0
stop,0.0592891219998819,816.0,0.0,0.0,0.0,-0.02,0.0,0.0,0.0,42.3,0,0,0,"[0.0036, 0.0003, 0.0]",600.0
stop,0.11404611699981615,622.0,0.0,0.0,0.0,-0.04,0.0,0.0,0.0,42.3,0,0,0,"[0.0036, 0.0003, 0.0]",600.0
stop,0.16881664699985777,443.0,0.0,0.0,0.0,-0.04,0.0,0.0,0.0,42.3,0,0,0,"[0.0036, 0.0003, 0.0]",600.0
stop,0.22378653899977508,443.0,0.0,0.0,0.0,-0.04,0.0,0.0,0.0,42.3,0,0,0,"[0.0036, 0.0003, 0.0]",600.0
stop,0.2789049119996889,443.0,0.0,0.0,0.0,-0.04,0.0,0.0,0.0,42.3,0,0,0,"[0.0036, 0.0003, 0.0]",600.0
stop,0.33581452899989017,443.0,0.0,0.0,0.0,-0.04,0.0,0.0,0.0,42.3,0,0,0,"[0.0036, 0.0003, 0.0]",600.0
stop,0.39097930299976724,443.0,0.0,0.0,0.0,-0.02,0.0,0.0,0.0,42.2,0,0,0,"[0.0036, 0.0003, 0.0]",600.0
stop,0.44574653699964983,443.0,0.0,0.0,0.0,-0.02,0.0,0.0,0.0,42.2,0,0,0,"[0.0036, 0.0003, 0.0]",600.0
stop,0.5006403319998753,443.0,0.0,0.0,0.0,-0.02,0.0,0.0,0.0,42.3,0,0,0,"[0.0036, 0.0003, 0.0]",600.0
stop,0.555608495999877,443.0,0.0,0.0,0.0,-0.04,0.0,0.0,0.0,42.3,0,0,0,"[0.0036, 0.0003, 0.0]",600.0
stop,0.6104174269999021,443.0,0.0,0.0,0.0,-0.02,0.0,0.0,0.0,42.3,0,0,0,"[0.0036, 0.0003, 0.0]",600.0
stop,0.6651440209998327,0.0,0.0,0.0,0.0,-0.04,0.0,0.0,0.0,42.3,0,0,0,"[0.0036, 0.0003, 0.0]",600.0
stop,0.7197642460000679,0.0,0.0,0.0,0.0,-0.06,0.0,0.0,0.0,42.3,0,0,0,"[0.0036, 0.0003, 0.0]",600.0
stop,0.774902555999688,0.0,0.0,0.0,0.0,-0.04,0.0,0.0,0.0,42.3,0,0,0,"[0.0036, 0.0003, 0.0]",600.0
run,0.005138051999892923,0.0,0.0,0.0,0.0,0.0,0.0,0.0,0.0,42.3,0,0,0,"[0.0036, 0.0003, 0.0]",600.0
run,0.04980582400003186,0.0,0.57,0.01,0.0,0.0,0.08,-0.061,1.922,42.3,0,0,0,"[0.0036, 0.0003, 0.0]",600.0
run,0.09450191499990979,0.0,0.95,0.05,0.96,0.02,0.156,-1.441,3.48,42.3,0,0,0,"[0.0036, 0.0003, 0.0]",600.0
stop,0.004599295999923925,1019.0,0.0,0.0,0.0,0.0,0.0,0.0,0.0,42.3,0,0,0,"[0.0036, 0.0003, 0.0]",600.0
stop,0.0592891219998819,816.0,0.0,0.0,0.0,-0.02,0.0,0.0,0.0,42.3,0,0,0,"[0.0036, 0.0003, 0.0]",600.0
stop,0.11404611699981615,622.0,0.0,0.0,0.0,-0.04,0.0,0.0,0.0,42.3,0,0,0,"[0.0036, 0.0003, 0.0]",600.0
stop,0.16881664699985777,443.0,0.0,0.0,0.0,-0.04,0.0,0.0,0.0,42.3,0,0,0,"[0.0036, 0.0003, 0.0]",600.0
stop,0.22378653899977508,443.0,0.0,0.0,0.0,-0.04,0.0,0.0,0.0,42.3,0,0,0,"[0.0036, 0.0003, 0.0]",600.0
stop,0.2789049119996889,443.0,0.0,0.0,0.0,-0.04,0.0,0.0,0.0,42.3,0,0,0,"[0.0036, 0.0003, 0.0]",600.0
stop,0.33581452899989017,443.0,0.0,0.0,0.0,-0.04,0.0,0.0,0.0,42.3,0,0,0,"[0.0036, 0.0003, 0.0]",600.0
stop,0.39097930299976724,443.0,0.0,0.0,0.0,-0.02,0.0,0.0,0.0,42.2,0,0,0,"[0.0036, 0.0003, 0.0]",600.0
stop,0.44574653699964983,443.0,0.0,0.0,0.0,-0.02,0.0,0.0,0.0,42.2,0,0,0,"[0.0036, 0.0003, 0.0]",600.0
stop,0.5006403319998753,443.0,0.0,0.0,0.0,-0.02,0.0,0.0,0.0,42.3,0,0,0,"[0.0036, 0.0003, 0.0]",600.0
stop,0.555608495999877,443.0,0.0,0.0,0.0,-0.04,0.0,0.0,0.0,42.3,0,0,0,"[0.0036, 0.0003, 0.0]",600.0
stop,0.6104174269999021,443.0,0.0,0.0,0.0,-0.02,0.0,0.0,0.0,42.3,0,0,0,"[0.0036, 0.0003, 0.0]",600.0
stop,0.6651440209998327,0.0,0.0,0.0,0.0,-0.04,0.0,0.0,0.0,42.3,0,0,0,"[0.0036, 0.0003, 0.0]",600.0
stop,0.7197642460000679,0.0,0.0,0.0,0.0,-0.06,0.0,0.0,0.0,42.3,0,0,0,"[0.0036, 0.0003, 0.0]",600.0
stop,0.774902555999688,0.0,0.0,0.0,0.0,-0.04,0.0,0.0,0.0,42.3,0,0,0,"[0.0036, 0.0003, 0.0]",600.0
run,0.005138051999892923,0.0,0.0,0.0,0.0,0.0,0.0,0.0,0.0,42.3,0,0,0,"[0.0036, 0.0003, 0.0]",600.0
run,0.04980582400003186,0.0,0.57,0.01,0.0,0.0,0.08,-0.061,1.922,42.3,0,0,0,"[0.0036, 0.0003, 0.0]",600.0
run,0.09450191499990979,0.0,0.95,0.05,0.96,0.02,0.156,-1.441,3.48,42.3,0,0,0,"[0.0036, 0.0003, 0.0]",600.0
stop,0.004599295999923925,1019.0,0.0,0.0,0.0,0.0,0.0,0.0,0.0,42.3,0,0,0,"[0.0036, 0.0003, 0.0]",600.0
stop,0.0592891219998819,816.0,0.0,0.0,0.0,-0.02,0.0,0.0,0.0,42.3,0,0,0,"[0.0036, 0.0003, 0.0]",600.0
stop,0.11404611699981615,622.0,0.0,0.0,0.0,-0.04,0.0,0.0,0.0,42.3,0,0,0,"[0.0036, 0.0003, 0.0]",600.0
stop,0.16881664699985777,443.0,0.0,0.0,0.0,-0.04,0.0,0.0,0.0,42.3,0,0,0,"[0.0036, 0.0003, 0.0]",600.0
stop,0.22378653899977508,443.0,0.0,0.0,0.0,-0.04,0.0,0.0,0.0,42.3,0,0,0,"[0.0036, 0.0003, 0.0]",600.0
stop,0.2789049119996889,443.0,0.0,0.0,0.0,-0.04,0.0,0.0,0.0,42.3,0,0,0,"[0.0036, 0.0003, 0.0]",600.0
stop,0.33581452899989017,443.0,0.0,0.0,0.0,-0.04,0.0,0.0,0.0,42.3,0,0,0,"[0.0036, 0.0003, 0.0]",600.0
stop,0.39097930299976724,443.0,0.0,0.0,0.0,-0.02,0.0,0.0,0.0,42.2,0,0,0,"[0.0036, 0.0003, 0.0]",600.0
stop,0.44574653699964983,443.0,0.0,0.0,0.0,-0.02,0.0,0.0,0.0,42.2,0,0,0,"[0.0036, 0.0003, 0.0]",600.0
stop,0.5006403319998753,443.0,0.0,0.0,0.0,-0.02,0.0,0.0,0.0,42.3,0,0,0,"[0.0036, 0.0003, 0.0]",600.0
stop,0.555608495999877,443.0,0.0,0.0,0.0,-0.04,0.0,0.0,0.0,42.3,0,0,0,"[0.0036, 0.0003, 0.0]",600.0
stop,0.6104174269999021,443.0,0.0,0.0,0.0,-0.02,0.0,0.0,0.0,42.3,0,0,0,"[0.0036, 0.0003, 0.0]",600.0
stop,0.6651440209998327,0.0,0.0,0.0,0.0,-0.04,0.0,0.0,0.0,42.3,0,0,0,"[0.0036, 0.0003, 0.0]",600.0
stop,0.7197642460000679,0.0,0.0,0.0,0.0,-0.06,0.0,0.0,0.0,42.3,0,0,0,"[0.0036, 0.0003, 0.0]",600.0
stop,0.774902555999688,0.0,0.0,0.0,0.0,-0.04,0.0,0.0,0.0,42.3,0,0,0,"[0.0036, 0.0003, 0.0]",600.0
run,0.005138051999892923,0.0,0.0,0.0,0.0,0.0,0.0,0.0,0.0,42.3,0,0,0,"[0.0036, 0.0003, 0.0]",600.0
run,0.04980582400003186,0.0,0.57,0.01,0.0,0.0,0.08,-0.061,1.922,42.3,0,0,0,"[0.0036, 0.0003, 0.0]",600.0
run,0.09450191499990979,0.0,0.95,0.05,0.96,0.02,0.156,-1.441,3.48,42.3,0,0,0,"[0.0036, 0.0003, 0.0]",600.0
stop,0.004599295999923925,1019.0,0.0,0.0,0.0,0.0,0.0,0.0,0.0,42.3,0,0,0,"[0.0036, 0.0003, 0.0]",600.0
stop,0.0592891219998819,816.0,0.0,0.0,0.0,-0.02,0.0,0.0,0.0,42.3,0,0,0,"[0.0036, 0.0003, 0.0]",600.0
stop,0.11404611699981615,622.0,0.0,0.0,0.0,-0.04,0.0,0.0,0.0,42.3,0,0,0,"[0.0036, 0.0003, 0.0]",600.0
stop,0.16881664699985777,443.0,0.0,0.0,0.0,-0.04,0.0,0.0,0.0,42.3,0,0,0,"[0.0036, 0.0003, 0.0]",600.0
stop,0.22378653899977508,443.0,0.0,0.0,0.0,-0.04,0.0,0.0,0.0,42.3,0,0,0,"[0.0036, 0.0003, 0.0]",600.0
stop,0.2789049119996889,443.0,0.0,0.0,0.0,-0.04,0.0,0.0,0.0,42.3,0,0,0,"[0.0036, 0.0003, 0.0]",600.0
stop,0.33581452899989017,443.0,0.0,0.0,0.0,-0.04,0.0,0.0,0.0,42.3,0,0,0,"[0.0036, 0.0003, 0.0]",600.0
stop,0.39097930299976724,443.0,0.0,0.0,0.0,-0.02,0.0,0.0,0.0,42.2,0,0,0,"[0.0036, 0.0003, 0.0]",600.0
stop,0.44574653699964983,443.0,0.0,0.0,0.0,-0.02,0.0,0.0,0.0,42.2,0,0,0,"[0.0036, 0.0003, 0.0]",600.0
stop,0.5006403319998753,443.0,0.0,0.0,0.0,-0.02,0.0,0.0,0.0,42.3,0,0,0,"[0.0036, 0.0003, 0.0]",600.0
stop,0.555608495999877,443.0,0.0,0.0,0.0,-0.04,0.0,0.0,0.0,42.3,0,0,0,"[0.0036, 0.0003, 0.0]",600.0
stop,0.6104174269999021,443.0,0.0,0.0,0.0,-0.02,0.0,0.0,0.0,42.3,0,0,0,"[0.0036, 0.0003, 0.0]",600.0
stop,0.6651440209998327,0.0,0.0,0.0,0.0,-0.04,0.0,0.0,0.0,42.3,0,0,0,"[0.0036, 0.0003, 0.0]",600.0
stop,0.7197642460000679,0.0,0.0,0.0,0.0,-0.06,0.0,0.0,0.0,42.3,0,0,0,"[0.0036, 0.0003, 0.0]",600.0
stop,0.774902555999688,0.0,0.0,0.0,0.0,-0.04,0.0,0.0,0.0,42.3,0,0,0,"[0.0036, 0.0003, 0.0]",600.0
run,0.005138051999892923,0.0,0.0,0.0,0.0,0.0,0.0,0.0,0.0,42.3,0,0,0,"[0.0036, 0.0003, 0.0]",600.0
run,0.04980582400003186,0.0,0.57,0.01,0.0,0.0,0.08,-0.061,1.922,42.3,0,0,0,"[0.0036, 0.0003, 0.0]",600.0
run,0.09450191499990979,0.0,0.95,0.05,0.96,0.02,0.156,-1.441,3.48,42.3,0,0,0,"[0.0036, 0.0003, 0.0]",600.0
stop,0.004599295999923925,1019.0,0.0,0.0,0.0,0.0,0.0,0.0,0.0,42.3,0,0,0,"[0.0036, 0.0003, 0.0]",600.0
stop,0.0592891219998819,816.0,0.0,0.0,0.0,-0.02,0.0,0.0,0.0,42.3,0,0,0,"[0.0036, 0.0003, 0.0]",600.0
stop,0.11404611699981615,622.0,0.0,0.0,0.0,-0.04,0.0,0.0,0.0,42.3,0,0,0,"[0.0036, 0.0003, 0.0]",600.0
stop,0.16881664699985777,443.0,0.0,0.0,0.0,-0.04,0.0,0.0,0.0,42.3,0,0,0,"[0.0036, 0.0003, 0.0]",600.0
stop,0.22378653899977508,443.0,0.0,0.0,0.0,-0.04,0.0,0.0,0.0,42.3,0,0,0,"[0.0036, 0.0003, 0.0]",600.0
stop,0.2789049119996889,443.0,0.0,0.0,0.0,-0.04,0.0,0.0,0.0,42.3,0,0,0,"[0.0036, 0.0003, 0.0]",600.0
stop,0.33581452899989017,443.0,0.0,0.0,0.0,-0.04,0.0,0.0,0.0,42.3,0,0,0,"[0.0036, 0.0003, 0.0]",600.0
stop,0.39097930299976724,443.0,0.0,0.0,0.0,-0.02,0.0,0.0,0.0,42.2,0,0,0,"[0.0036, 0.0003, 0.0]",600.0
stop,0.44574653699964983,443.0,0.0,0.0,0.0,-0.02,0.0,0.0,0.0,42.2,0,0,0,"[0.0036, 0.0003, 0.0]",600.0
stop,0.5006403319998753,443.0,0.0,0.0,0.0,-0.02,0.0,0.0,0.0,42.3,0,0,0,"[0.0036, 0.0003, 0.0]",600.0
stop,0.555608495999877,443.0,0.0,0.0,0.0,-0.04,0.0,0.0,0.0,42.3,0,0,0,"[0.0036, 0.0003, 0.0]",600.0
stop,0.6104174269999021,443.0,0.0,0.0,0.0,-0.02,0.0,0.0,0.0,42.3,0,0,0,"[0.0036, 0.0003, 0.0]",600.0
stop,0.6651440209998327,0.0,0.0,0.0,0.0,-0.04,0.0,0.0,0.0,42.3,0,0,0,"[0.0036, 0.0003, 0.0]",600.0
stop,0.7197642460000679,0.0,0.0,0.0,0.0,-0.06,0.0,0.0,0.0,42.3,0,0,0,"[0.0036, 0.0003, 0.0]",600.0
stop,0.774902555999688,0.0,0.0,0.0,0.0,-0.04,0.0,0.0,0.0,42.3,0,0,0,"[0.0036, 0.0003, 0.0]",600.0
run,0.005138051999892923,0.0,0.0,0.0,0.0,0.0,0.0,0.0,0.0,42.3,0,0,0,"[0.0036, 0.0003, 0.0]",600.0
run,0.04980582400003186,0.0,0.57,0.01,0.0,0.0,0.08,-0.061,1.922,42.3,0,0,0,"[0.0036, 0.0003, 0.0]",600.0
run,0.09450191499990979,0.0,0.95,0.05,0.96,0.02,0.156,-1.441,3.48,42.3,0,0,0,"[0.0036, 0.0003, 0.0]",600.0
stop,0.004599295999923925,1019.0,0.0,0.0,0.0,0.0,0.0,0.0,0.0,42.3,0,0,0,"[0.0036, 0.0003, 0.0]",600.0
stop,0.0592891219998819,816.0,0.0,0.0,0.0,-0.02,0.0,0.0,0.0,42.3,0,0,0,"[0.0036, 0.0003, 0.0]",600.0
stop,0.11404611699981615,622.0,0.0,0.0,0.0,-0.04,0.0,0.0,0.0,42.3,0,0,0,"[0.0036, 0.0003, 0.0]",600.0
stop,0.16881664699985777,443.0,0.0,0.0,0.0,-0.04,0.0,0.0,0.0,42.3,0,0,0,"[0.0036, 0.0003, 0.0]",600.0
stop,0.22378653899977508,443.0,0.0,0.0,0.0,-0.04,0.0,0.0,0.0,42.3,0,0,0,"[0.0036, 0.0003, 0.0]",600.0
stop,0.2789049119996889,443.0,0.0,0.0,0.0,-0.04,0.0,0.0,0.0,42.3,0,0,0,"[0.0036, 0.0003, 0.0]",600.0
stop,0.33581452899989017,443.0,0.0,0.0,0.0,-0.04,0.0,0.0,0.0,42.3,0,0,0,"[0.0036, 0.0003, 0.0]",600.0
stop,0.39097930299976724,443.0,0.0,0.0,0.0,-0.02,0.0,0.0,0.0,42.2,0,0,0,"[0.0036, 0.0003, 0.0]",600.0
stop,0.44574653699964983,443.0,0.0,0.0,0.0,-0.02,0.0,0.0,0.0,42.2,0,0,0,"[0.0036, 0.0003, 0.0]",600.0
stop,0.5006403319998753,443.0,0.0,0.0,0.0,-0.02,0.0,0.0,0.0,42.3,0,0,0,"[0.0036, 0.0003, 0.0]",600.0
stop,0.555608495999877,443.0,0.0,0.0,0.0,-0.04,0.0,0.0,0.0,42.3,0,0,0,"[0.0036, 0.0003, 0.0]",600.0
stop,0.6104174269999021,443.0,0.0,0.0,0.0,-0.02,0.0,0.0,0.0,42.3,0,0,0,"[0.0036, 0.0003, 0.0]",600.0
stop,0.6651440209998327,0.0,0.0,0.0,0.0,-0.04,0.0,0.0,0.0,42.3,0,0,0,"[0.0036, 0.0003, 0.0]",600.0
stop,0.7197642460000679,0.0,0.0,0.0,0.0,-0.06,0.0,0.0,0.0,42.3,0,0,0,"[0.0036, 0.0003, 0.0]",600.0
stop,0.774902555999688,0.0,0.0,0.0,0.0,-0.04,0.0,0.0,0.0,42.3,0,0,0,"[0.0036, 0.0003, 0.0]",600.0
run,0.005138051999892923,0.0,0.0,0.0,0.0,0.0,0.0,0.0,0.0,42.3,0,0,0,"[0.0036, 0.0003, 0.0]",600.0
run,0.04980582400003186,0.0,0.57,0.01,0.0,0.0,0.08,-0.061,1.922,42.3,0,0,0,"[0.0036, 0.0003, 0.0]",600.0
run,0.09450191499990979,0.0,0.95,0.05,0.96,0.02,0.156,-1.441,3.48,42.3,0,0,0,"[0.0036, 0.0003, 0.0]",600.0
stop,0.004599295999923925,1019.0,0.0,0.0,0.0,0.0,0.0,0.0,0.0,42.3,0,0,0,"[0.0036, 0.0003, 0.0]",600.0
stop,0.0592891219998819,816.0,0.0,0.0,0.0,-0.02,0.0,0.0,0.0,42.3,0,0,0,"[0.0036, 0.0003, 0.0]",600.0
stop,0.11404611699981615,622.0,0.0,0.0,0.0,-0.04,0.0,0.0,0.0,42.3,0,0,0,"[0.0036, 0.0003, 0.0]",600.0
stop,0.16881664699985777,443.0,0.0,0.0,0.0,-0.04,0.0,0.0,0.0,42.3,0,0,0,"[0.0036, 0.0003, 0.0]",600.0
stop,0.22378653899977508,443.0,0.0,0.0,0.0,-0.04,0.0,0.0,0.0,42.3,0,0,0,"[0.0036, 0.0003, 0.0]",600.0
stop,0.2789049119996889,443.0,0.0,0.0,0.0,-0.04,0.0,0.0,0.0,42.3,0,0,0,"[0.0036, 0.0003, 0.0]",600.0
stop,0.33581452899989017,443.0,0.0,0.0,0.0,-0.04,0.0,0.0,0.0,42.3,0,0,0,"[0.0036, 0.0003, 0.0]",600.0
stop,0.39097930299976724,443.0,0.0,0.0,0.0,-0.02,0.0,0.0,0.0,42.2,0,0,0,"[0.0036, 0.0003, 0.0]",600.0
stop,0.44574653699964983,443.0,0.0,0.0,0.0,-0.02,0.0,0.0,0.0,42.2,0,0,0,"[0.0036, 0.0003, 0.0]",600.0
stop,0.5006403319998753,443.0,0.0,0.0,0.0,-0.02,0.0,0.0,0.0,42.3,0,0,0,"[0.0036, 0.0003, 0.0]",600.0
stop,0.555608495999877,443.0,0.0,0.0,0.0,-0.04,0.0,0.0,0.0,42.3,0,0,0,"[0.0036, 0.0003, 0.0]",600.0
stop,0.6104174269999021,443.0,0.0,0.0,0.0,-0.02,0.0,0.0,0.0,42.3,0,0,0,"[0.0036, 0.0003, 0.0]",600.0
stop,0.6651440209998327,0.0,0.0,0.0,0.0,-0.04,0.0,0.0,0.0,42.3,0,0,0,"[0.0036, 0.0003, 0.0]",600.0
stop,0.7197642460000679,0.0,0.0,0.0,0.0,-0.06,0.0,0.0,0.0,42.3,0,0,0,"[0.0036, 0.0003, 0.0]",600.0
stop,0.774902555999688,0.0,0.0,0.0,0.0,-0.04,0.0,0.0,0.0,42.3,0,0,0,"[0.0036, 0.0003, 0.0]",600.0
run,0.005138051999892923,0.0,0.0,0.0,0.0,0.0,0.0,0.0,0.0,42.3,0,0,0,"[0.0036, 0.0003, 0.0]",600.0
run,0.04980582400003186,0.0,0.57,0.01,0.0,0.0,0.08,-0.061,1.922,42.3,0,0,0,"[0.0036, 0.0003, 0.0]",600.0
run,0.09450191499990979,0.0,0.95,0.05,0.96,0.02,0.156,-1.441,3.48,42.3,0,0,0,"[0.0036, 0.0003, 0.0]",600.0
stop,0.004599295999923925,1019.0,0.0,0.0,0.0,0.0,0.0,0.0,0.0,42.3,0,0,0,"[0.0036, 0.0003, 0.0]",600.0
stop,0.0592891219998819,816.0,0.0,0.0,0.0,-0.02,0.0,0.0,0.0,42.3,0,0,0,"[0.0036, 0.0003, 0.0]",600.0
stop,0.11404611699981615,622.0,0.0,0.0,0.0,-0.04,0.0,0.0,0.0,42.3,0,0,0,"[0.0036, 0.0003, 0.0]",600.0
stop,0.16881664699985777,443.0,0.0,0.0,0.0,-0.04,0.0,0.0,0.0,42.3,0,0,0,"[0.0036, 0.0003, 0.0]",600.0
stop,0.22378653899977508,443.0,0.0,0.0,0.0,-0.04,0.0,0.0,0.0,42.3,0,0,0,"[0.0036, 0.0003, 0.0]",600.0
stop,0.2789049119996889,443.0,0.0,0.0,0.0,-0.04,0.0,0.0,0.0,42.3,0,0,0,"[0.0036, 0.0003, 0.0]",600.0
stop,0.33581452899989017,443.0,0.0,0.0,0.0,-0.04,0.0,0.0,0.0,42.3,0,0,0,"[0.0036, 0.0003, 0.0]",600.0
stop,0.39097930299976724,443.0,0.0,0.0,0.0,-0.02,0.0,0.0,0.0,42.2,0,0,0,"[0.0036, 0.0003, 0.0]",600.0
stop,0.44574653699964983,443.0,0.0,0.0,0.0,-0.02,0.0,0.0,0.0,42.2,0,0,0,"[0.0036, 0.0003, 0.0]",600.0
stop,0.5006403319998753,443.0,0.0,0.0,0.0,-0.02,0.0,0.0,0.0,42.3,0,0,0,"[0.0036, 0.0003, 0.0]",600.0
stop,0.555608495999877,443.0,0.0,0.0,0.0,-0.04,0.0,0.0,0.0,42.3,0,0,0,"[0.0036, 0.0003, 0.0]",600.0
stop,0.6104174269999021,443.0,0.0,0.0,0.0,-0.02,0.0,0.0,0.0,42.3,0,0,0,"[0.0036, 0.0003, 0.0]",600.0
stop,0.6651440209998327,0.0,0.0,0.0,0.0,-0.04,0.0,0.0,0.0,42.3,0,0,0,"[0.0036, 0.0003, 0.0]",600.0
stop,0.7197642460000679,0.0,0.0,0.0,0.0,-0.06,0.0,0.0,0.0,42.3,0,0,0,"[0.0036, 0.0003, 0.0]",600.0
stop,0.774902555999688,0.0,0.0,0.0,0.0,-0.04,0.0,0.0,0.0,42.3,0,0,0,"[0.0036, 0.0003, 0.0]",600.0
run,0.005138051999892923,0.0,0.0,0.0,0.0,0.0,0.0,0.0,0.0,42.3,0,0,0,"[0.0036, 0.0003, 0.0]",600.0
run,0.04980582400003186,0.0,0.57,0.01,0.0,0.0,0.08,-0.061,1.922,42.3,0,0,0,"[0.0036, 0.0003, 0.0]",600.0
run,0.09450191499990979,0.0,0.95,0.05,0.96,0.02,0.156,-1.441,3.48,42.3,0,0,0,"[0.0036, 0.0003, 0.0]",600.0
stop,0.004599295999923925,1019.0,0.0,0.0,0.0,0.0,0.0,0.0,0.0,42.3,0,0,0,"[0.0036, 0.0003, 0.0]",600.0
stop,0.0592891219998819,816.0,0.0,0.0,0.0,-0.02,0.0,0.0,0.0,42.3,0,0,0,"[0.0036, 0.0003, 0.0]",600.0
stop,0.11404611699981615,622.0,0.0,0.0,0.0,-0.04,0.0,0.0,0.0,42.3,0,0,0,"[0.0036, 0.0003, 0.0]",600.0
stop,0.16881664699985777,443.0,0.0,0.0,0.0,-0.04,0.0,0.0,0.0,42.3,0,0,0,"[0.0036, 0.0003, 0.0]",600.0
stop,0.22378653899977508,443.0,0.0,0.0,0.0,-0.04,0.0,0.0,0.0,42.3,0,0,0,"[0.0036, 0.0003, 0.0]",600.0
stop,0.2789049119996889,443.0,0.0,0.0,0.0,-0.04,0.0,0.0,0.0,42.3,0,0,0,"[0.0036, 0.0003, 0.0]",600.0
stop,0.33581452899989017,443.0,0.0,0.0,0.0,-0.04,0.0,0.0,0.0,42.3,0,0,0,"[0.0036, 0.0003, 0.0]",600.0
stop,0.39097930299976724,443.0,0.0,0.0,0.0,-0.02,0.0,0.0,0.0,42.2,0,0,0,"[0.0036, 0.0003, 0.0]",600.0
stop,0.44574653699964983,443.0,0.0,0.0,0.0,-0.02,0.0,0.0,0.0,42.2,0,0,0,"[0.0036, 0.0003, 0.0]",600.0
stop,0.5006403319998753,443.0,0.0,0.0,0.0,-0.02,0.0,0.0,0.0,42.3,0,0,0,"[0.0036, 0.0003, 0.0]",600.0
stop,0.555608495999877,443.0,0.0,0.0,0.0,-0.04,0.0,0.0,0.0,42.3,0,0,0,"[0.0036, 0.0003, 0.0]",600.0
stop,0.6104174269999021,443.0,0.0,0.0,0.0,-0.02,0.0,0.0,0.0,42.3,0,0,0,"[0.0036, 0.0003, 0.0]",600.0
stop,0.6651440209998327,0.0,0.0,0.0,0.0,-0.04,0.0,0.0,0.0,42.3,0,0,0,"[0.0036, 0.0003, 0.0]",600.0
stop,0.7197642460000679,0.0,0.0,0.0,0.0,-0.06,0.0,0.0,0.0,42.3,0,0,0,"[0.0036, 0.0003, 0.0]",600.0
stop,0.774902555999688,0.0,0.0,0.0,0.0,-0.04,0.0,0.0,0.0,42.3,0,0,0,"[0.0036, 0.0003, 0.0]",600.0
run,0.005138051999892923,0.0,0.0,0.0,0.0,0.0,0.0,0.0,0.0,42.3,0,0,0,"[0.0036, 0.0003, 0.0]",600.0
run,0.04980582400003186,0.0,0.57,0.01,0.0,0.0,0.08,-0.061,1.922,42.3,0,0,0,"[0.0036, 0.0003, 0.0]",600.0
run,0.09450191499990979,0.0,0.95,0.05,0.96,0.02,0.156,-1.441,3.48,42.3,0,0,0,"[0.0036, 0.0003, 0.0]",600.0
stop,0.004599295999923925,1019.0,0.0,0.0,0.0,0.0,0.0,0.0,0.0,42.3,0,0,0,"[0.0036, 0.0003, 0.0]",600.0
stop,0.0592891219998819,816.0,0.0,0.0,0.0,-0.02,0.0,0.0,0.0,42.3,0,0,0,"[0.0036, 0.0003, 0.0]",600.0
stop,0.11404611699981615,622.0,0.0,0.0,0.0,-0.04,0.0,0.0,0.0,42.3,0,0,0,"[0.0036, 0.0003, 0.0]",600.0
stop,0.16881664699985777,443.0,0.0,0.0,0.0,-0.04,0.0,0.0,0.0,42.3,0,0,0,"[0.0036, 0.0003, 0.0]",600.0
stop,0.22378653899977508,443.0,0.0,0.0,0.0,-0.04,0.0,0.0,0.0,42.3,0,0,0,"[0.0036, 0.0003, 0.0]",600.0
stop,0.2789049119996889,443.0,0.0,0.0,0.0,-0.04,0.0,0.0,0.0,42.3,0,0,0,"[0.0036, 0.0003, 0.0]",600.0
stop,0.33581452899989017,443.0,0.0,0.0,0.0,-0.04,0.0,0.0,0.0,42.3,0,0,0,"[0.0036, 0.0003, 0.0]",600.0
stop,0.39097930299976724,443.0,0.0,0.0,0.0,-0.02,0.0,0.0,0.0,42.2,0,0,0,"[0.0036, 0.0003, 0.0]",600.0
stop,0.44574653699964983,443.0,0.0,0.0,0.0,-0.02,0.0,0.0,0.0,42.2,0,0,0,"[0.0036, 0.0003, 0.0]",600.0
stop,0.5006403319998753,443.0,0.0,0.0,0.0,-0.02,0.0,0.0,0.0,42.3,0,0,0,"[0.0036, 0.0003, 0.0]",600.0
stop,0.555608495999877,443.0,0.0,0.0,0.0,-0.04,0.0,0.0,0.0,42.3,0,0,0,"[0.0036, 0.0003, 0.0]",600.0
stop,0.6104174269999021,443.0,0.0,0.0,0.0,-0.02,0.0,0.0,0.0,42.3,0,0,0,"[0.0036, 0.0003, 0.0]",600.0
stop,0.6651440209998327,0.0,0.0,0.0,0.0,-0.04,0.0,0.0,0.0,42.3,0,0,0,"[0.0036, 0.0003, 0.0]",600.0
stop,0.7197642460000679,0.0,0.0,0.0,0.0,-0.06,0.0,0.0,0.0,42.3,0,0,0,"[0.0036, 0.0003, 0.0]",600.0
stop,0.774902555999688,0.0,0.0,0.0,0.0,-0.04,0.0,0.0,0.0,42.3,0,0,0,"[0.0036, 0.0003, 0.0]",600.0
run,0.005138051999892923,0.0,0.0,0.0,0.0,0.0,0.0,0.0,0.0,42.3,0,0,0,"[0.0036, 0.0003, 0.0]",600.0
run,0.04980582400003186,0.0,0.57,0.01,0.0,0.0,0.08,-0.061,1.922,42.3,0,0,0,"[0.0036, 0.0003, 0.0]",600.0
run,0.09450191499990979,0.0,0.95,0.05,0.96,0.02,0.156,-1.441,3.48,42.3,0,0,0,"[0.0036, 0.0003, 0.0]",600.0
stop,0.004599295999923925,1019.0,0.0,0.0,0.0,0.0,0.0,0.0,0.0,42.3,0,0,0,"[0.0036, 0.0003, 0.0]",600.0
stop,0.0592891219998819,816.0,0.0,0.0,0.0,-0.02,0.0,0.0,0.0,42.3,0,0,0,"[0.0036, 0.0003, 0.0]",600.0
stop,0.11404611699981615,622.0,0.0,0.0,0.0,-0.04,0.0,0.0,0.0,42.3,0,0,0,"[0.0036, 0.0003, 0.0]",600.0
stop,0.16881664699985777,443.0,0.0,0.0,0.0,-0.04,0.0,0.0,0.0,42.3,0,0,0,"[0.0036, 0.0003, 0.0]",600.0
stop,0.22378653899977508,443.0,0.0,0.0,0.0,-0.04,0.0,0.0,0.0,42.3,0,0,0,"[0.0036, 0.0003, 0.0]",600.0
stop,0.2789049119996889,443.0,0.0,0.0,0.0,-0.04,0.0,0.0,0.0,42.3,0,0,0,"[0.0036, 0.0003, 0.0]",600.0
stop,0.33581452899989017,443.0,0.0,0.0,0.0,-0.04,0.0,0.0,0.0,42.3,0,0,0,"[0.0036, 0.0003, 0.0]",600.0
stop,0.39097930299976724,443.0,0.0,0.0,0.0,-0.02,0.0,0.0,0.0,42.2,0,0,0,"[0.0036, 0.0003, 0.0]",600.0
stop,0.44574653699964983,443.0,0.0,0.0,0.0,-0.02,0.0,0.0,0.0,42.2,0,0,0,"[0.0036, 0.0003, 0.0]",600.0
stop,0.5006403319998753,443.0,0.0,0.0,0.0,-0.02,0.0,0.0,0.0,42.3,0,0,0,"[0.0036, 0.0003, 0.0]",600.0
stop,0.555608495999877,443.0,0.0,0.0,0.0,-0.04,0.0,0.0,0.0,42.3,0,0,0,"[0.0036, 0.0003, 0.0]",600.0
stop,0.6104174269999021,443.0,0.0,0.0,0.0,-0.02,0.0,0.0,0.0,42.3,0,0,0,"[0.0036, 0.0003, 0.0]",600.0
stop,0.6651440209998327,0.0,0.0,0.0,0.0,-0.04,0.0,0.0,0.0,42.3,0,0,0,"[0.0036, 0.0003, 0.0]",600.0
stop,0.7197642460000679,0.0,0.0,0.0,0.0,-0.06,0.0,0.0,0.0,42.3,0,0,0,"[0.0036, 0.0003, 0.0]",600.0
stop,0.774902555999688,0.0,0.0,0.0,0.0,-0.04,0.0,0.0,0.0,42.3,0,0,0,"[0.0036, 0.0003, 0.0]",600.0
run,0.005155492999620037,0.0,0.0,0.0,0.0,0.0,0.0,0.0,0.0,42.3,0,0,0,"[0.0036, 0.00035, 0.0]",600.0
run,0.049930339999718854,0.0,0.56,0.0,-0.58,-0.06,0.084,-0.033,2.02,42.2,0,0,0,"[0.0036, 0.00035, 0.0]",600.0
run,0.0946718739996868,0.0,0.94,0.07,0.95,0.04,0.167,-1.259,3.828,42.2,0,0,0,"[0.0036, 0.00035, 0.0]",600.0
stop,0.0045825280003555235,981.0,0.0,0.0,0.0,0.0,0.0,0.0,0.0,42.2,0,0,0,"[0.0036, 0.00035, 0.0]",600.0
stop,0.0593534780000482,744.0,0.0,0.0,0.0,0.0,0.0,0.0,0.0,42.2,0,0,0,"[0.0036, 0.00035, 0.0]",600.0
stop,0.1162191299999904,603.0,0.0,0.0,0.0,-0.02,0.0,0.0,0.0,42.2,0,0,0,"[0.0036, 0.00035, 0.0]",600.0
stop,0.17097039999998742,362.0,0.0,0.0,0.0,-0.02,0.0,0.0,0.0,42.2,0,0,0,"[0.0036, 0.00035, 0.0]",600.0
stop,0.2256982130002143,362.0,0.0,0.0,0.0,-0.02,0.0,0.0,0.0,42.2,0,0,0,"[0.0036, 0.00035, 0.0]",600.0
stop,0.28037633000030837,362.0,0.0,0.0,0.0,-0.02,0.0,0.0,0.0,42.2,0,0,0,"[0.0036, 0.00035, 0.0]",600.0
stop,0.33501783900010196,362.0,0.0,0.0,0.0,-0.02,0.0,0.0,0.0,42.2,0,0,0,"[0.0036, 0.00035, 0.0]",600.0
stop,0.38971899600028337,362.0,0.0,0.0,0.0,-0.02,0.0,0.0,0.0,42.2,0,0,0,"[0.0036, 0.00035, 0.0]",600.0
stop,0.4447182030003205,362.0,0.0,0.0,0.0,-0.04,0.0,0.0,0.0,42.2,0,0,0,"[0.0036, 0.00035, 0.0]",600.0
stop,0.49954016100036824,362.0,0.0,0.0,0.0,-0.02,0.0,0.0,0.0,42.3,0,0,0,"[0.0036, 0.00035, 0.0]",600.0
stop,0.5543103740001243,362.0,0.0,0.0,0.0,-0.02,0.0,0.0,0.0,42.3,0,0,0,"[0.0036, 0.00035, 0.0]",600.0
stop,0.6093378060004397,362.0,0.0,0.0,0.0,-0.02,0.0,0.0,0.0,42.3,0,0,0,"[0.0036, 0.00035, 0.0]",600.0
stop,0.664352854000299,362.0,0.0,0.0,0.0,-0.02,0.0,0.0,0.0,42.2,0,0,0,"[0.0036, 0.00035, 0.0]",600.0
stop,0.7191274230003728,0.0,0.0,0.0,0.0,-0.04,0.0,0.0,0.0,42.3,0,0,0,"[0.0036, 0.00035, 0.0]",600.0
stop,0.7739682000001267,0.0,0.0,0.0,0.0,-0.04,0.0,0.0,0.0,42.3,0,0,0,"[0.0036, 0.00035, 0.0]",600.0
run,0.005155492999620037,0.0,0.0,0.0,0.0,0.0,0.0,0.0,0.0,42.3,0,0,0,"[0.0036, 0.00035, 0.0]",600.0
run,0.049930339999718854,0.0,0.56,0.0,-0.58,-0.06,0.084,-0.033,2.02,42.2,0,0,0,"[0.0036, 0.00035, 0.0]",600.0
run,0.0946718739996868,0.0,0.94,0.07,0.95,0.04,0.167,-1.259,3.828,42.2,0,0,0,"[0.0036, 0.00035, 0.0]",600.0
stop,0.0045825280003555235,981.0,0.0,0.0,0.0,0.0,0.0,0.0,0.0,42.2,0,0,0,"[0.0036, 0.00035, 0.0]",600.0
stop,0.0593534780000482,744.0,0.0,0.0,0.0,0.0,0.0,0.0,0.0,42.2,0,0,0,"[0.0036, 0.00035, 0.0]",600.0
stop,0.1162191299999904,603.0,0.0,0.0,0.0,-0.02,0.0,0.0,0.0,42.2,0,0,0,"[0.0036, 0.00035, 0.0]",600.0
stop,0.17097039999998742,362.0,0.0,0.0,0.0,-0.02,0.0,0.0,0.0,42.2,0,0,0,"[0.0036, 0.00035, 0.0]",600.0
stop,0.2256982130002143,362.0,0.0,0.0,0.0,-0.02,0.0,0.0,0.0,42.2,0,0,0,"[0.0036, 0.00035, 0.0]",600.0
stop,0.28037633000030837,362.0,0.0,0.0,0.0,-0.02,0.0,0.0,0.0,42.2,0,0,0,"[0.0036, 0.00035, 0.0]",600.0
stop,0.33501783900010196,362.0,0.0,0.0,0.0,-0.02,0.0,0.0,0.0,42.2,0,0,0,"[0.0036, 0.00035, 0.0]",600.0
stop,0.38971899600028337,362.0,0.0,0.0,0.0,-0.02,0.0,0.0,0.0,42.2,0,0,0,"[0.0036, 0.00035, 0.0]",600.0
stop,0.4447182030003205,362.0,0.0,0.0,0.0,-0.04,0.0,0.0,0.0,42.2,0,0,0,"[0.0036, 0.00035, 0.0]",600.0
stop,0.49954016100036824,362.0,0.0,0.0,0.0,-0.02,0.0,0.0,0.0,42.3,0,0,0,"[0.0036, 0.00035, 0.0]",600.0
stop,0.5543103740001243,362.0,0.0,0.0,0.0,-0.02,0.0,0.0,0.0,42.3,0,0,0,"[0.0036, 0.00035, 0.0]",600.0
stop,0.6093378060004397,362.0,0.0,0.0,0.0,-0.02,0.0,0.0,0.0,42.3,0,0,0,"[0.0036, 0.00035, 0.0]",600.0
stop,0.664352854000299,362.0,0.0,0.0,0.0,-0.02,0.0,0.0,0.0,42.2,0,0,0,"[0.0036, 0.00035, 0.0]",600.0
stop,0.7191274230003728,0.0,0.0,0.0,0.0,-0.04,0.0,0.0,0.0,42.3,0,0,0,"[0.0036, 0.00035, 0.0]",600.0
stop,0.7739682000001267,0.0,0.0,0.0,0.0,-0.04,0.0,0.0,0.0,42.3,0,0,0,"[0.0036, 0.00035, 0.0]",600.0
run,0.005155492999620037,0.0,0.0,0.0,0.0,0.0,0.0,0.0,0.0,42.3,0,0,0,"[0.0036, 0.00035, 0.0]",600.0
run,0.049930339999718854,0.0,0.56,0.0,-0.58,-0.06,0.084,-0.033,2.02,42.2,0,0,0,"[0.0036, 0.00035, 0.0]",600.0
run,0.0946718739996868,0.0,0.94,0.07,0.95,0.04,0.167,-1.259,3.828,42.2,0,0,0,"[0.0036, 0.00035, 0.0]",600.0
stop,0.0045825280003555235,981.0,0.0,0.0,0.0,0.0,0.0,0.0,0.0,42.2,0,0,0,"[0.0036, 0.00035, 0.0]",600.0
stop,0.0593534780000482,744.0,0.0,0.0,0.0,0.0,0.0,0.0,0.0,42.2,0,0,0,"[0.0036, 0.00035, 0.0]",600.0
stop,0.1162191299999904,603.0,0.0,0.0,0.0,-0.02,0.0,0.0,0.0,42.2,0,0,0,"[0.0036, 0.00035, 0.0]",600.0
stop,0.17097039999998742,362.0,0.0,0.0,0.0,-0.02,0.0,0.0,0.0,42.2,0,0,0,"[0.0036, 0.00035, 0.0]",600.0
stop,0.2256982130002143,362.0,0.0,0.0,0.0,-0.02,0.0,0.0,0.0,42.2,0,0,0,"[0.0036, 0.00035, 0.0]",600.0
stop,0.28037633000030837,362.0,0.0,0.0,0.0,-0.02,0.0,0.0,0.0,42.2,0,0,0,"[0.0036, 0.00035, 0.0]",600.0
stop,0.33501783900010196,362.0,0.0,0.0,0.0,-0.02,0.0,0.0,0.0,42.2,0,0,0,"[0.0036, 0.00035, 0.0]",600.0
stop,0.38971899600028337,362.0,0.0,0.0,0.0,-0.02,0.0,0.0,0.0,42.2,0,0,0,"[0.0036, 0.00035, 0.0]",600.0
stop,0.4447182030003205,362.0,0.0,0.0,0.0,-0.04,0.0,0.0,0.0,42.2,0,0,0,"[0.0036, 0.00035, 0.0]",600.0
stop,0.49954016100036824,362.0,0.0,0.0,0.0,-0.02,0.0,0.0,0.0,42.3,0,0,0,"[0.0036, 0.00035, 0.0]",600.0
stop,0.5543103740001243,362.0,0.0,0.0,0.0,-0.02,0.0,0.0,0.0,42.3,0,0,0,"[0.0036, 0.00035, 0.0]",600.0
stop,0.6093378060004397,362.0,0.0,0.0,0.0,-0.02,0.0,0.0,0.0,42.3,0,0,0,"[0.0036, 0.00035, 0.0]",600.0
stop,0.664352854000299,362.0,0.0,0.0,0.0,-0.02,0.0,0.0,0.0,42.2,0,0,0,"[0.0036, 0.00035, 0.0]",600.0
stop,0.7191274230003728,0.0,0.0,0.0,0.0,-0.04,0.0,0.0,0.0,42.3,0,0,0,"[0.0036, 0.00035, 0.0]",600.0
stop,0.7739682000001267,0.0,0.0,0.0,0.0,-0.04,0.0,0.0,0.0,42.3,0,0,0,"[0.0036, 0.00035, 0.0]",600.0
run,0.005155492999620037,0.0,0.0,0.0,0.0,0.0,0.0,0.0,0.0,42.3,0,0,0,"[0.0036, 0.00035, 0.0]",600.0
run,0.049930339999718854,0.0,0.56,0.0,-0.58,-0.06,0.084,-0.033,2.02,42.2,0,0,0,"[0.0036, 0.00035, 0.0]",600.0
run,0.0946718739996868,0.0,0.94,0.07,0.95,0.04,0.167,-1.259,3.828,42.2,0,0,0,"[0.0036, 0.00035, 0.0]",600.0
stop,0.0045825280003555235,981.0,0.0,0.0,0.0,0.0,0.0,0.0,0.0,42.2,0,0,0,"[0.0036, 0.00035, 0.0]",600.0
stop,0.0593534780000482,744.0,0.0,0.0,0.0,0.0,0.0,0.0,0.0,42.2,0,0,0,"[0.0036, 0.00035, 0.0]",600.0
stop,0.1162191299999904,603.0,0.0,0.0,0.0,-0.02,0.0,0.0,0.0,42.2,0,0,0,"[0.0036, 0.00035, 0.0]",600.0
stop,0.17097039999998742,362.0,0.0,0.0,0.0,-0.02,0.0,0.0,0.0,42.2,0,0,0,"[0.0036, 0.00035, 0.0]",600.0
stop,0.2256982130002143,362.0,0.0,0.0,0.0,-0.02,0.0,0.0,0.0,42.2,0,0,0,"[0.0036, 0.00035, 0.0]",600.0
stop,0.28037633000030837,362.0,0.0,0.0,0.0,-0.02,0.0,0.0,0.0,42.2,0,0,0,"[0.0036, 0.00035, 0.0]",600.0
stop,0.33501783900010196,362.0,0.0,0.0,0.0,-0.02,0.0,0.0,0.0,42.2,0,0,0,"[0.0036, 0.00035, 0.0]",600.0
stop,0.38971899600028337,362.0,0.0,0.0,0.0,-0.02,0.0,0.0,0.0,42.2,0,0,0,"[0.0036, 0.00035, 0.0]",600.0
stop,0.4447182030003205,362.0,0.0,0.0,0.0,-0.04,0.0,0.0,0.0,42.2,0,0,0,"[0.0036, 0.00035, 0.0]",600.0
stop,0.49954016100036824,362.0,0.0,0.0,0.0,-0.02,0.0,0.0,0.0,42.3,0,0,0,"[0.0036, 0.00035, 0.0]",600.0
stop,0.5543103740001243,362.0,0.0,0.0,0.0,-0.02,0.0,0.0,0.0,42.3,0,0,0,"[0.0036, 0.00035, 0.0]",600.0
stop,0.6093378060004397,362.0,0.0,0.0,0.0,-0.02,0.0,0.0,0.0,42.3,0,0,0,"[0.0036, 0.00035, 0.0]",600.0
stop,0.664352854000299,362.0,0.0,0.0,0.0,-0.02,0.0,0.0,0.0,42.2,0,0,0,"[0.0036, 0.00035, 0.0]",600.0
stop,0.7191274230003728,0.0,0.0,0.0,0.0,-0.04,0.0,0.0,0.0,42.3,0,0,0,"[0.0036, 0.00035, 0.0]",600.0
stop,0.7739682000001267,0.0,0.0,0.0,0.0,-0.04,0.0,0.0,0.0,42.3,0,0,0,"[0.0036, 0.00035, 0.0]",600.0
run,0.005155492999620037,0.0,0.0,0.0,0.0,0.0,0.0,0.0,0.0,42.3,0,0,0,"[0.0036, 0.00035, 0.0]",600.0
run,0.049930339999718854,0.0,0.56,0.0,-0.58,-0.06,0.084,-0.033,2.02,42.2,0,0,0,"[0.0036, 0.00035, 0.0]",600.0
run,0.0946718739996868,0.0,0.94,0.07,0.95,0.04,0.167,-1.259,3.828,42.2,0,0,0,"[0.0036, 0.00035, 0.0]",600.0
stop,0.0045825280003555235,981.0,0.0,0.0,0.0,0.0,0.0,0.0,0.0,42.2,0,0,0,"[0.0036, 0.00035, 0.0]",600.0
stop,0.0593534780000482,744.0,0.0,0.0,0.0,0.0,0.0,0.0,0.0,42.2,0,0,0,"[0.0036, 0.00035, 0.0]",600.0
stop,0.1162191299999904,603.0,0.0,0.0,0.0,-0.02,0.0,0.0,0.0,42.2,0,0,0,"[0.0036, 0.00035, 0.0]",600.0
stop,0.17097039999998742,362.0,0.0,0.0,0.0,-0.02,0.0,0.0,0.0,42.2,0,0,0,"[0.0036, 0.00035, 0.0]",600.0
stop,0.2256982130002143,362.0,0.0,0.0,0.0,-0.02,0.0,0.0,0.0,42.2,0,0,0,"[0.0036, 0.00035, 0.0]",600.0
stop,0.28037633000030837,362.0,0.0,0.0,0.0,-0.02,0.0,0.0,0.0,42.2,0,0,0,"[0.0036, 0.00035, 0.0]",600.0
stop,0.33501783900010196,362.0,0.0,0.0,0.0,-0.02,0.0,0.0,0.0,42.2,0,0,0,"[0.0036, 0.00035, 0.0]",600.0
stop,0.38971899600028337,362.0,0.0,0.0,0.0,-0.02,0.0,0.0,0.0,42.2,0,0,0,"[0.0036, 0.00035, 0.0]",600.0
stop,0.4447182030003205,362.0,0.0,0.0,0.0,-0.04,0.0,0.0,0.0,42.2,0,0,0,"[0.0036, 0.00035, 0.0]",600.0
stop,0.49954016100036824,362.0,0.0,0.0,0.0,-0.02,0.0,0.0,0.0,42.3,0,0,0,"[0.0036, 0.00035, 0.0]",600.0
stop,0.5543103740001243,362.0,0.0,0.0,0.0,-0.02,0.0,0.0,0.0,42.3,0,0,0,"[0.0036, 0.00035, 0.0]",600.0
stop,0.6093378060004397,362.0,0.0,0.0,0.0,-0.02,0.0,0.0,0.0,42.3,0,0,0,"[0.0036, 0.00035, 0.0]",600.0
stop,0.664352854000299,362.0,0.0,0.0,0.0,-0.02,0.0,0.0,0.0,42.2,0,0,0,"[0.0036, 0.00035, 0.0]",600.0
stop,0.7191274230003728,0.0,0.0,0.0,0.0,-0.04,0.0,0.0,0.0,42.3,0,0,0,"[0.0036, 0.00035, 0.0]",600.0
stop,0.7739682000001267,0.0,0.0,0.0,0.0,-0.04,0.0,0.0,0.0,42.3,0,0,0,"[0.0036, 0.00035, 0.0]",600.0
run,0.005155492999620037,0.0,0.0,0.0,0.0,0.0,0.0,0.0,0.0,42.3,0,0,0,"[0.0036, 0.00035, 0.0]",600.0
run,0.049930339999718854,0.0,0.56,0.0,-0.58,-0.06,0.084,-0.033,2.02,42.2,0,0,0,"[0.0036, 0.00035, 0.0]",600.0
run,0.0946718739996868,0.0,0.94,0.07,0.95,0.04,0.167,-1.259,3.828,42.2,0,0,0,"[0.0036, 0.00035, 0.0]",600.0
stop,0.0045825280003555235,981.0,0.0,0.0,0.0,0.0,0.0,0.0,0.0,42.2,0,0,0,"[0.0036, 0.00035, 0.0]",600.0
stop,0.0593534780000482,744.0,0.0,0.0,0.0,0.0,0.0,0.0,0.0,42.2,0,0,0,"[0.0036, 0.00035, 0.0]",600.0
stop,0.1162191299999904,603.0,0.0,0.0,0.0,-0.02,0.0,0.0,0.0,42.2,0,0,0,"[0.0036, 0.00035, 0.0]",600.0
stop,0.17097039999998742,362.0,0.0,0.0,0.0,-0.02,0.0,0.0,0.0,42.2,0,0,0,"[0.0036, 0.00035, 0.0]",600.0
stop,0.2256982130002143,362.0,0.0,0.0,0.0,-0.02,0.0,0.0,0.0,42.2,0,0,0,"[0.0036, 0.00035, 0.0]",600.0
stop,0.28037633000030837,362.0,0.0,0.0,0.0,-0.02,0.0,0.0,0.0,42.2,0,0,0,"[0.0036, 0.00035, 0.0]",600.0
stop,0.33501783900010196,362.0,0.0,0.0,0.0,-0.02,0.0,0.0,0.0,42.2,0,0,0,"[0.0036, 0.00035, 0.0]",600.0
stop,0.38971899600028337,362.0,0.0,0.0,0.0,-0.02,0.0,0.0,0.0,42.2,0,0,0,"[0.0036, 0.00035, 0.0]",600.0
stop,0.4447182030003205,362.0,0.0,0.0,0.0,-0.04,0.0,0.0,0.0,42.2,0,0,0,"[0.0036, 0.00035, 0.0]",600.0
stop,0.49954016100036824,362.0,0.0,0.0,0.0,-0.02,0.0,0.0,0.0,42.3,0,0,0,"[0.0036, 0.00035, 0.0]",600.0
stop,0.5543103740001243,362.0,0.0,0.0,0.0,-0.02,0.0,0.0,0.0,42.3,0,0,0,"[0.0036, 0.00035, 0.0]",600.0
stop,0.6093378060004397,362.0,0.0,0.0,0.0,-0.02,0.0,0.0,0.0,42.3,0,0,0,"[0.0036, 0.00035, 0.0]",600.0
stop,0.664352854000299,362.0,0.0,0.0,0.0,-0.02,0.0,0.0,0.0,42.2,0,0,0,"[0.0036, 0.00035, 0.0]",600.0
stop,0.7191274230003728,0.0,0.0,0.0,0.0,-0.04,0.0,0.0,0.0,42.3,0,0,0,"[0.0036, 0.00035, 0.0]",600.0
stop,0.7739682000001267,0.0,0.0,0.0,0.0,-0.04,0.0,0.0,0.0,42.3,0,0,0,"[0.0036, 0.00035, 0.0]",600.0
run,0.005155492999620037,0.0,0.0,0.0,0.0,0.0,0.0,0.0,0.0,42.3,0,0,0,"[0.0036, 0.00035, 0.0]",600.0
run,0.049930339999718854,0.0,0.56,0.0,-0.58,-0.06,0.084,-0.033,2.02,42.2,0,0,0,"[0.0036, 0.00035, 0.0]",600.0
run,0.0946718739996868,0.0,0.94,0.07,0.95,0.04,0.167,-1.259,3.828,42.2,0,0,0,"[0.0036, 0.00035, 0.0]",600.0
stop,0.0045825280003555235,981.0,0.0,0.0,0.0,0.0,0.0,0.0,0.0,42.2,0,0,0,"[0.0036, 0.00035, 0.0]",600.0
stop,0.0593534780000482,744.0,0.0,0.0,0.0,0.0,0.0,0.0,0.0,42.2,0,0,0,"[0.0036, 0.00035, 0.0]",600.0
stop,0.1162191299999904,603.0,0.0,0.0,0.0,-0.02,0.0,0.0,0.0,42.2,0,0,0,"[0.0036, 0.00035, 0.0]",600.0
stop,0.17097039999998742,362.0,0.0,0.0,0.0,-0.02,0.0,0.0,0.0,42.2,0,0,0,"[0.0036, 0.00035, 0.0]",600.0
stop,0.2256982130002143,362.0,0.0,0.0,0.0,-0.02,0.0,0.0,0.0,42.2,0,0,0,"[0.0036, 0.00035, 0.0]",600.0
stop,0.28037633000030837,362.0,0.0,0.0,0.0,-0.02,0.0,0.0,0.0,42.2,0,0,0,"[0.0036, 0.00035, 0.0]",600.0
stop,0.33501783900010196,362.0,0.0,0.0,0.0,-0.02,0.0,0.0,0.0,42.2,0,0,0,"[0.0036, 0.00035, 0.0]",600.0
stop,0.38971899600028337,362.0,0.0,0.0,0.0,-0.02,0.0,0.0,0.0,42.2,0,0,0,"[0.0036, 0.00035, 0.0]",600.0
stop,0.4447182030003205,362.0,0.0,0.0,0.0,-0.04,0.0,0.0,0.0,42.2,0,0,0,"[0.0036, 0.00035, 0.0]",600.0
stop,0.49954016100036824,362.0,0.0,0.0,0.0,-0.02,0.0,0.0,0.0,42.3,0,0,0,"[0.0036, 0.00035, 0.0]",600.0
stop,0.5543103740001243,362.0,0.0,0.0,0.0,-0.02,0.0,0.0,0.0,42.3,0,0,0,"[0.0036, 0.00035, 0.0]",600.0
stop,0.6093378060004397,362.0,0.0,0.0,0.0,-0.02,0.0,0.0,0.0,42.3,0,0,0,"[0.0036, 0.00035, 0.0]",600.0
stop,0.664352854000299,362.0,0.0,0.0,0.0,-0.02,0.0,0.0,0.0,42.2,0,0,0,"[0.0036, 0.00035, 0.0]",600.0
stop,0.7191274230003728,0.0,0.0,0.0,0.0,-0.04,0.0,0.0,0.0,42.3,0,0,0,"[0.0036, 0.00035, 0.0]",600.0
stop,0.7739682000001267,0.0,0.0,0.0,0.0,-0.04,0.0,0.0,0.0,42.3,0,0,0,"[0.0036, 0.00035, 0.0]",600.0
run,0.005155492999620037,0.0,0.0,0.0,0.0,0.0,0.0,0.0,0.0,42.3,0,0,0,"[0.0036, 0.00035, 0.0]",600.0
run,0.049930339999718854,0.0,0.56,0.0,-0.58,-0.06,0.084,-0.033,2.02,42.2,0,0,0,"[0.0036, 0.00035, 0.0]",600.0
run,0.0946718739996868,0.0,0.94,0.07,0.95,0.04,0.167,-1.259,3.828,42.2,0,0,0,"[0.0036, 0.00035, 0.0]",600.0
stop,0.0045825280003555235,981.0,0.0,0.0,0.0,0.0,0.0,0.0,0.0,42.2,0,0,0,"[0.0036, 0.00035, 0.0]",600.0
stop,0.0593534780000482,744.0,0.0,0.0,0.0,0.0,0.0,0.0,0.0,42.2,0,0,0,"[0.0036, 0.00035, 0.0]",600.0
stop,0.1162191299999904,603.0,0.0,0.0,0.0,-0.02,0.0,0.0,0.0,42.2,0,0,0,"[0.0036, 0.00035, 0.0]",600.0
stop,0.17097039999998742,362.0,0.0,0.0,0.0,-0.02,0.0,0.0,0.0,42.2,0,0,0,"[0.0036, 0.00035, 0.0]",600.0
stop,0.2256982130002143,362.0,0.0,0.0,0.0,-0.02,0.0,0.0,0.0,42.2,0,0,0,"[0.0036, 0.00035, 0.0]",600.0
stop,0.28037633000030837,362.0,0.0,0.0,0.0,-0.02,0.0,0.0,0.0,42.2,0,0,0,"[0.0036, 0.00035, 0.0]",600.0
stop,0.33501783900010196,362.0,0.0,0.0,0.0,-0.02,0.0,0.0,0.0,42.2,0,0,0,"[0.0036, 0.00035, 0.0]",600.0
stop,0.38971899600028337,362.0,0.0,0.0,0.0,-0.02,0.0,0.0,0.0,42.2,0,0,0,"[0.0036, 0.00035, 0.0]",600.0
stop,0.4447182030003205,362.0,0.0,0.0,0.0,-0.04,0.0,0.0,0.0,42.2,0,0,0,"[0.0036, 0.00035, 0.0]",600.0
stop,0.49954016100036824,362.0,0.0,0.0,0.0,-0.02,0.0,0.0,0.0,42.3,0,0,0,"[0.0036, 0.00035, 0.0]",600.0
stop,0.5543103740001243,362.0,0.0,0.0,0.0,-0.02,0.0,0.0,0.0,42.3,0,0,0,"[0.0036, 0.00035, 0.0]",600.0
stop,0.6093378060004397,362.0,0.0,0.0,0.0,-0.02,0.0,0.0,0.0,42.3,0,0,0,"[0.0036, 0.00035, 0.0]",600.0
stop,0.664352854000299,362.0,0.0,0.0,0.0,-0.02,0.0,0.0,0.0,42.2,0,0,0,"[0.0036, 0.00035, 0.0]",600.0
stop,0.7191274230003728,0.0,0.0,0.0,0.0,-0.04,0.0,0.0,0.0,42.3,0,0,0,"[0.0036, 0.00035, 0.0]",600.0
stop,0.7739682000001267,0.0,0.0,0.0,0.0,-0.04,0.0,0.0,0.0,42.3,0,0,0,"[0.0036, 0.00035, 0.0]",600.0
run,0.005155492999620037,0.0,0.0,0.0,0.0,0.0,0.0,0.0,0.0,42.3,0,0,0,"[0.0036, 0.00035, 0.0]",600.0
run,0.049930339999718854,0.0,0.56,0.0,-0.58,-0.06,0.084,-0.033,2.02,42.2,0,0,0,"[0.0036, 0.00035, 0.0]",600.0
run,0.0946718739996868,0.0,0.94,0.07,0.95,0.04,0.167,-1.259,3.828,42.2,0,0,0,"[0.0036, 0.00035, 0.0]",600.0
stop,0.0045825280003555235,981.0,0.0,0.0,0.0,0.0,0.0,0.0,0.0,42.2,0,0,0,"[0.0036, 0.00035, 0.0]",600.0
stop,0.0593534780000482,744.0,0.0,0.0,0.0,0.0,0.0,0.0,0.0,42.2,0,0,0,"[0.0036, 0.00035, 0.0]",600.0
stop,0.1162191299999904,603.0,0.0,0.0,0.0,-0.02,0.0,0.0,0.0,42.2,0,0,0,"[0.0036, 0.00035, 0.0]",600.0
stop,0.17097039999998742,362.0,0.0,0.0,0.0,-0.02,0.0,0.0,0.0,42.2,0,0,0,"[0.0036, 0.00035, 0.0]",600.0
stop,0.2256982130002143,362.0,0.0,0.0,0.0,-0.02,0.0,0.0,0.0,42.2,0,0,0,"[0.0036, 0.00035, 0.0]",600.0
stop,0.28037633000030837,362.0,0.0,0.0,0.0,-0.02,0.0,0.0,0.0,42.2,0,0,0,"[0.0036, 0.00035, 0.0]",600.0
stop,0.33501783900010196,362.0,0.0,0.0,0.0,-0.02,0.0,0.0,0.0,42.2,0,0,0,"[0.0036, 0.00035, 0.0]",600.0
stop,0.38971899600028337,362.0,0.0,0.0,0.0,-0.02,0.0,0.0,0.0,42.2,0,0,0,"[0.0036, 0.00035, 0.0]",600.0
stop,0.4447182030003205,362.0,0.0,0.0,0.0,-0.04,0.0,0.0,0.0,42.2,0,0,0,"[0.0036, 0.00035, 0.0]",600.0
stop,0.49954016100036824,362.0,0.0,0.0,0.0,-0.02,0.0,0.0,0.0,42.3,0,0,0,"[0.0036, 0.00035, 0.0]",600.0
stop,0.5543103740001243,362.0,0.0,0.0,0.0,-0.02,0.0,0.0,0.0,42.3,0,0,0,"[0.0036, 0.00035, 0.0]",600.0
stop,0.6093378060004397,362.0,0.0,0.0,0.0,-0.02,0.0,0.0,0.0,42.3,0,0,0,"[0.0036, 0.00035, 0.0]",600.0
stop,0.664352854000299,362.0,0.0,0.0,0.0,-0.02,0.0,0.0,0.0,42.2,0,0,0,"[0.0036, 0.00035, 0.0]",600.0
stop,0.7191274230003728,0.0,0.0,0.0,0.0,-0.04,0.0,0.0,0.0,42.3,0,0,0,"[0.0036, 0.00035, 0.0]",600.0
stop,0.7739682000001267,0.0,0.0,0.0,0.0,-0.04,0.0,0.0,0.0,42.3,0,0,0,"[0.0036, 0.00035, 0.0]",600.0
run,0.005155492999620037,0.0,0.0,0.0,0.0,0.0,0.0,0.0,0.0,42.3,0,0,0,"[0.0036, 0.00035, 0.0]",600.0
run,0.049930339999718854,0.0,0.56,0.0,-0.58,-0.06,0.084,-0.033,2.02,42.2,0,0,0,"[0.0036, 0.00035, 0.0]",600.0
run,0.0946718739996868,0.0,0.94,0.07,0.95,0.04,0.167,-1.259,3.828,42.2,0,0,0,"[0.0036, 0.00035, 0.0]",600.0
stop,0.0045825280003555235,981.0,0.0,0.0,0.0,0.0,0.0,0.0,0.0,42.2,0,0,0,"[0.0036, 0.00035, 0.0]",600.0
stop,0.0593534780000482,744.0,0.0,0.0,0.0,0.0,0.0,0.0,0.0,42.2,0,0,0,"[0.0036, 0.00035, 0.0]",600.0
stop,0.1162191299999904,603.0,0.0,0.0,0.0,-0.02,0.0,0.0,0.0,42.2,0,0,0,"[0.0036, 0.00035, 0.0]",600.0
stop,0.17097039999998742,362.0,0.0,0.0,0.0,-0.02,0.0,0.0,0.0,42.2,0,0,0,"[0.0036, 0.00035, 0.0]",600.0
stop,0.2256982130002143,362.0,0.0,0.0,0.0,-0.02,0.0,0.0,0.0,42.2,0,0,0,"[0.0036, 0.00035, 0.0]",600.0
stop,0.28037633000030837,362.0,0.0,0.0,0.0,-0.02,0.0,0.0,0.0,42.2,0,0,0,"[0.0036, 0.00035, 0.0]",600.0
stop,0.33501783900010196,362.0,0.0,0.0,0.0,-0.02,0.0,0.0,0.0,42.2,0,0,0,"[0.0036, 0.00035, 0.0]",600.0
stop,0.38971899600028337,362.0,0.0,0.0,0.0,-0.02,0.0,0.0,0.0,42.2,0,0,0,"[0.0036, 0.00035, 0.0]",600.0
stop,0.4447182030003205,362.0,0.0,0.0,0.0,-0.04,0.0,0.0,0.0,42.2,0,0,0,"[0.0036, 0.00035, 0.0]",600.0
stop,0.49954016100036824,362.0,0.0,0.0,0.0,-0.02,0.0,0.0,0.0,42.3,0,0,0,"[0.0036, 0.00035, 0.0]",600.0
stop,0.5543103740001243,362.0,0.0,0.0,0.0,-0.02,0.0,0.0,0.0,42.3,0,0,0,"[0.0036, 0.00035, 0.0]",600.0
stop,0.6093378060004397,362.0,0.0,0.0,0.0,-0.02,0.0,0.0,0.0,42.3,0,0,0,"[0.0036, 0.00035, 0.0]",600.0
stop,0.664352854000299,362.0,0.0,0.0,0.0,-0.02,0.0,0.0,0.0,42.2,0,0,0,"[0.0036, 0.00035, 0.0]",600.0
stop,0.7191274230003728,0.0,0.0,0.0,0.0,-0.04,0.0,0.0,0.0,42.3,0,0,0,"[0.0036, 0.00035, 0.0]",600.0
stop,0.7739682000001267,0.0,0.0,0.0,0.0,-0.04,0.0,0.0,0.0,42.3,0,0,0,"[0.0036, 0.00035, 0.0]",600.0
run,0.005155492999620037,0.0,0.0,0.0,0.0,0.0,0.0,0.0,0.0,42.3,0,0,0,"[0.0036, 0.00035, 0.0]",600.0
run,0.049930339999718854,0.0,0.56,0.0,-0.58,-0.06,0.084,-0.033,2.02,42.2,0,0,0,"[0.0036, 0.00035, 0.0]",600.0
run,0.0946718739996868,0.0,0.94,0.07,0.95,0.04,0.167,-1.259,3.828,42.2,0,0,0,"[0.0036, 0.00035, 0.0]",600.0
stop,0.0045825280003555235,981.0,0.0,0.0,0.0,0.0,0.0,0.0,0.0,42.2,0,0,0,"[0.0036, 0.00035, 0.0]",600.0
stop,0.0593534780000482,744.0,0.0,0.0,0.0,0.0,0.0,0.0,0.0,42.2,0,0,0,"[0.0036, 0.00035, 0.0]",600.0
stop,0.1162191299999904,603.0,0.0,0.0,0.0,-0.02,0.0,0.0,0.0,42.2,0,0,0,"[0.0036, 0.00035, 0.0]",600.0
stop,0.17097039999998742,362.0,0.0,0.0,0.0,-0.02,0.0,0.0,0.0,42.2,0,0,0,"[0.0036, 0.00035, 0.0]",600.0
stop,0.2256982130002143,362.0,0.0,0.0,0.0,-0.02,0.0,0.0,0.0,42.2,0,0,0,"[0.0036, 0.00035, 0.0]",600.0
stop,0.28037633000030837,362.0,0.0,0.0,0.0,-0.02,0.0,0.0,0.0,42.2,0,0,0,"[0.0036, 0.00035, 0.0]",600.0
stop,0.33501783900010196,362.0,0.0,0.0,0.0,-0.02,0.0,0.0,0.0,42.2,0,0,0,"[0.0036, 0.00035, 0.0]",600.0
stop,0.38971899600028337,362.0,0.0,0.0,0.0,-0.02,0.0,0.0,0.0,42.2,0,0,0,"[0.0036, 0.00035, 0.0]",600.0
stop,0.4447182030003205,362.0,0.0,0.0,0.0,-0.04,0.0,0.0,0.0,42.2,0,0,0,"[0.0036, 0.00035, 0.0]",600.0
stop,0.49954016100036824,362.0,0.0,0.0,0.0,-0.02,0.0,0.0,0.0,42.3,0,0,0,"[0.0036, 0.00035, 0.0]",600.0
stop,0.5543103740001243,362.0,0.0,0.0,0.0,-0.02,0.0,0.0,0.0,42.3,0,0,0,"[0.0036, 0.00035, 0.0]",600.0
stop,0.6093378060004397,362.0,0.0,0.0,0.0,-0.02,0.0,0.0,0.0,42.3,0,0,0,"[0.0036, 0.00035, 0.0]",600.0
stop,0.664352854000299,362.0,0.0,0.0,0.0,-0.02,0.0,0.0,0.0,42.2,0,0,0,"[0.0036, 0.00035, 0.0]",600.0
stop,0.7191274230003728,0.0,0.0,0.0,0.0,-0.04,0.0,0.0,0.0,42.3,0,0,0,"[0.0036, 0.00035, 0.0]",600.0
stop,0.7739682000001267,0.0,0.0,0.0,0.0,-0.04,0.0,0.0,0.0,42.3,0,0,0,"[0.0036, 0.00035, 0.0]",600.0
run,0.005155492999620037,0.0,0.0,0.0,0.0,0.0,0.0,0.0,0.0,42.3,0,0,0,"[0.0036, 0.00035, 0.0]",600.0
run,0.049930339999718854,0.0,0.56,0.0,-0.58,-0.06,0.084,-0.033,2.02,42.2,0,0,0,"[0.0036, 0.00035, 0.0]",600.0
run,0.0946718739996868,0.0,0.94,0.07,0.95,0.04,0.167,-1.259,3.828,42.2,0,0,0,"[0.0036, 0.00035, 0.0]",600.0
stop,0.0045825280003555235,981.0,0.0,0.0,0.0,0.0,0.0,0.0,0.0,42.2,0,0,0,"[0.0036, 0.00035, 0.0]",600.0
stop,0.0593534780000482,744.0,0.0,0.0,0.0,0.0,0.0,0.0,0.0,42.2,0,0,0,"[0.0036, 0.00035, 0.0]",600.0
stop,0.1162191299999904,603.0,0.0,0.0,0.0,-0.02,0.0,0.0,0.0,42.2,0,0,0,"[0.0036, 0.00035, 0.0]",600.0
stop,0.17097039999998742,362.0,0.0,0.0,0.0,-0.02,0.0,0.0,0.0,42.2,0,0,0,"[0.0036, 0.00035, 0.0]",600.0
stop,0.2256982130002143,362.0,0.0,0.0,0.0,-0.02,0.0,0.0,0.0,42.2,0,0,0,"[0.0036, 0.00035, 0.0]",600.0
stop,0.28037633000030837,362.0,0.0,0.0,0.0,-0.02,0.0,0.0,0.0,42.2,0,0,0,"[0.0036, 0.00035, 0.0]",600.0
stop,0.33501783900010196,362.0,0.0,0.0,0.0,-0.02,0.0,0.0,0.0,42.2,0,0,0,"[0.0036, 0.00035, 0.0]",600.0
stop,0.38971899600028337,362.0,0.0,0.0,0.0,-0.02,0.0,0.0,0.0,42.2,0,0,0,"[0.0036, 0.00035, 0.0]",600.0
stop,0.4447182030003205,362.0,0.0,0.0,0.0,-0.04,0.0,0.0,0.0,42.2,0,0,0,"[0.0036, 0.00035, 0.0]",600.0
stop,0.49954016100036824,362.0,0.0,0.0,0.0,-0.02,0.0,0.0,0.0,42.3,0,0,0,"[0.0036, 0.00035, 0.0]",600.0
stop,0.5543103740001243,362.0,0.0,0.0,0.0,-0.02,0.0,0.0,0.0,42.3,0,0,0,"[0.0036, 0.00035, 0.0]",600.0
stop,0.6093378060004397,362.0,0.0,0.0,0.0,-0.02,0.0,0.0,0.0,42.3,0,0,0,"[0.0036, 0.00035, 0.0]",600.0
stop,0.664352854000299,362.0,0.0,0.0,0.0,-0.02,0.0,0.0,0.0,42.2,0,0,0,"[0.0036, 0.00035, 0.0]",600.0
stop,0.7191274230003728,0.0,0.0,0.0,0.0,-0.04,0.0,0.0,0.0,42.3,0,0,0,"[0.0036, 0.00035, 0.0]",600.0
stop,0.7739682000001267,0.0,0.0,0.0,0.0,-0.04,0.0,0.0,0.0,42.3,0,0,0,"[0.0036, 0.00035, 0.0]",600.0
run,0.005155492999620037,0.0,0.0,0.0,0.0,0.0,0.0,0.0,0.0,42.3,0,0,0,"[0.0036, 0.00035, 0.0]",600.0
run,0.049930339999718854,0.0,0.56,0.0,-0.58,-0.06,0.084,-0.033,2.02,42.2,0,0,0,"[0.0036, 0.00035, 0.0]",600.0
run,0.0946718739996868,0.0,0.94,0.07,0.95,0.04,0.167,-1.259,3.828,42.2,0,0,0,"[0.0036, 0.00035, 0.0]",600.0
stop,0.0045825280003555235,981.0,0.0,0.0,0.0,0.0,0.0,0.0,0.0,42.2,0,0,0,"[0.0036, 0.00035, 0.0]",600.0
stop,0.0593534780000482,744.0,0.0,0.0,0.0,0.0,0.0,0.0,0.0,42.2,0,0,0,"[0.0036, 0.00035, 0.0]",600.0
stop,0.1162191299999904,603.0,0.0,0.0,0.0,-0.02,0.0,0.0,0.0,42.2,0,0,0,"[0.0036, 0.00035, 0.0]",600.0
stop,0.17097039999998742,362.0,0.0,0.0,0.0,-0.02,0.0,0.0,0.0,42.2,0,0,0,"[0.0036, 0.00035, 0.0]",600.0
stop,0.2256982130002143,362.0,0.0,0.0,0.0,-0.02,0.0,0.0,0.0,42.2,0,0,0,"[0.0036, 0.00035, 0.0]",600.0
stop,0.28037633000030837,362.0,0.0,0.0,0.0,-0.02,0.0,0.0,0.0,42.2,0,0,0,"[0.0036, 0.00035, 0.0]",600.0
stop,0.33501783900010196,362.0,0.0,0.0,0.0,-0.02,0.0,0.0,0.0,42.2,0,0,0,"[0.0036, 0.00035, 0.0]",600.0
stop,0.38971899600028337,362.0,0.0,0.0,0.0,-0.02,0.0,0.0,0.0,42.2,0,0,0,"[0.0036, 0.00035, 0.0]",600.0
stop,0.4447182030003205,362.0,0.0,0.0,0.0,-0.04,0.0,0.0,0.0,42.2,0,0,0,"[0.0036, 0.00035, 0.0]",600.0
stop,0.49954016100036824,362.0,0.0,0.0,0.0,-0.02,0.0,0.0,0.0,42.3,0,0,0,"[0.0036, 0.00035, 0.0]",600.0
stop,0.5543103740001243,362.0,0.0,0.0,0.0,-0.02,0.0,0.0,0.0,42.3,0,0,0,"[0.0036, 0.00035, 0.0]",600.0
stop,0.6093378060004397,362.0,0.0,0.0,0.0,-0.02,0.0,0.0,0.0,42.3,0,0,0,"[0.0036, 0.00035, 0.0]",600.0
stop,0.664352854000299,362.0,0.0,0.0,0.0,-0.02,0.0,0.0,0.0,42.2,0,0,0,"[0.0036, 0.00035, 0.0]",600.0
stop,0.7191274230003728,0.0,0.0,0.0,0.0,-0.04,0.0,0.0,0.0,42.3,0,0,0,"[0.0036, 0.00035, 0.0]",600.0
stop,0.7739682000001267,0.0,0.0,0.0,0.0,-0.04,0.0,0.0,0.0,42.3,0,0,0,"[0.0036, 0.00035, 0.0]",600.0
run,0.005155492999620037,0.0,0.0,0.0,0.0,0.0,0.0,0.0,0.0,42.3,0,0,0,"[0.0036, 0.00035, 0.0]",600.0
run,0.049930339999718854,0.0,0.56,0.0,-0.58,-0.06,0.084,-0.033,2.02,42.2,0,0,0,"[0.0036, 0.00035, 0.0]",600.0
run,0.0946718739996868,0.0,0.94,0.07,0.95,0.04,0.167,-1.259,3.828,42.2,0,0,0,"[0.0036, 0.00035, 0.0]",600.0
stop,0.0045825280003555235,981.0,0.0,0.0,0.0,0.0,0.0,0.0,0.0,42.2,0,0,0,"[0.0036, 0.00035, 0.0]",600.0
stop,0.0593534780000482,744.0,0.0,0.0,0.0,0.0,0.0,0.0,0.0,42.2,0,0,0,"[0.0036, 0.00035, 0.0]",600.0
stop,0.1162191299999904,603.0,0.0,0.0,0.0,-0.02,0.0,0.0,0.0,42.2,0,0,0,"[0.0036, 0.00035, 0.0]",600.0
stop,0.17097039999998742,362.0,0.0,0.0,0.0,-0.02,0.0,0.0,0.0,42.2,0,0,0,"[0.0036, 0.00035, 0.0]",600.0
stop,0.2256982130002143,362.0,0.0,0.0,0.0,-0.02,0.0,0.0,0.0,42.2,0,0,0,"[0.0036, 0.00035, 0.0]",600.0
stop,0.28037633000030837,362.0,0.0,0.0,0.0,-0.02,0.0,0.0,0.0,42.2,0,0,0,"[0.0036, 0.00035, 0.0]",600.0
stop,0.33501783900010196,362.0,0.0,0.0,0.0,-0.02,0.0,0.0,0.0,42.2,0,0,0,"[0.0036, 0.00035, 0.0]",600.0
stop,0.38971899600028337,362.0,0.0,0.0,0.0,-0.02,0.0,0.0,0.0,42.2,0,0,0,"[0.0036, 0.00035, 0.0]",600.0
stop,0.4447182030003205,362.0,0.0,0.0,0.0,-0.04,0.0,0.0,0.0,42.2,0,0,0,"[0.0036, 0.00035, 0.0]",600.0
stop,0.49954016100036824,362.0,0.0,0.0,0.0,-0.02,0.0,0.0,0.0,42.3,0,0,0,"[0.0036, 0.00035, 0.0]",600.0
stop,0.5543103740001243,362.0,0.0,0.0,0.0,-0.02,0.0,0.0,0.0,42.3,0,0,0,"[0.0036, 0.00035, 0.0]",600.0
stop,0.6093378060004397,362.0,0.0,0.0,0.0,-0.02,0.0,0.0,0.0,42.3,0,0,0,"[0.0036, 0.00035, 0.0]",600.0
stop,0.664352854000299,362.0,0.0,0.0,0.0,-0.02,0.0,0.0,0.0,42.2,0,0,0,"[0.0036, 0.00035, 0.0]",600.0
stop,0.7191274230003728,0.0,0.0,0.0,0.0,-0.04,0.0,0.0,0.0,42.3,0,0,0,"[0.0036, 0.00035, 0.0]",600.0
stop,0.7739682000001267,0.0,0.0,0.0,0.0,-0.04,0.0,0.0,0.0,42.3,0,0,0,"[0.0036, 0.00035, 0.0]",600.0
run,0.005155492999620037,0.0,0.0,0.0,0.0,0.0,0.0,0.0,0.0,42.3,0,0,0,"[0.0036, 0.00035, 0.0]",600.0
run,0.049930339999718854,0.0,0.56,0.0,-0.58,-0.06,0.084,-0.033,2.02,42.2,0,0,0,"[0.0036, 0.00035, 0.0]",600.0
run,0.0946718739996868,0.0,0.94,0.07,0.95,0.04,0.167,-1.259,3.828,42.2,0,0,0,"[0.0036, 0.00035, 0.0]",600.0
stop,0.0045825280003555235,981.0,0.0,0.0,0.0,0.0,0.0,0.0,0.0,42.2,0,0,0,"[0.0036, 0.00035, 0.0]",600.0
stop,0.0593534780000482,744.0,0.0,0.0,0.0,0.0,0.0,0.0,0.0,42.2,0,0,0,"[0.0036, 0.00035, 0.0]",600.0
stop,0.1162191299999904,603.0,0.0,0.0,0.0,-0.02,0.0,0.0,0.0,42.2,0,0,0,"[0.0036, 0.00035, 0.0]",600.0
stop,0.17097039999998742,362.0,0.0,0.0,0.0,-0.02,0.0,0.0,0.0,42.2,0,0,0,"[0.0036, 0.00035, 0.0]",600.0
stop,0.2256982130002143,362.0,0.0,0.0,0.0,-0.02,0.0,0.0,0.0,42.2,0,0,0,"[0.0036, 0.00035, 0.0]",600.0
stop,0.28037633000030837,362.0,0.0,0.0,0.0,-0.02,0.0,0.0,0.0,42.2,0,0,0,"[0.0036, 0.00035, 0.0]",600.0
stop,0.33501783900010196,362.0,0.0,0.0,0.0,-0.02,0.0,0.0,0.0,42.2,0,0,0,"[0.0036, 0.00035, 0.0]",600.0
stop,0.38971899600028337,362.0,0.0,0.0,0.0,-0.02,0.0,0.0,0.0,42.2,0,0,0,"[0.0036, 0.00035, 0.0]",600.0
stop,0.4447182030003205,362.0,0.0,0.0,0.0,-0.04,0.0,0.0,0.0,42.2,0,0,0,"[0.0036, 0.00035, 0.0]",600.0
stop,0.49954016100036824,362.0,0.0,0.0,0.0,-0.02,0.0,0.0,0.0,42.3,0,0,0,"[0.0036, 0.00035, 0.0]",600.0
stop,0.5543103740001243,362.0,0.0,0.0,0.0,-0.02,0.0,0.0,0.0,42.3,0,0,0,"[0.0036, 0.00035, 0.0]",600.0
stop,0.6093378060004397,362.0,0.0,0.0,0.0,-0.02,0.0,0.0,0.0,42.3,0,0,0,"[0.0036, 0.00035, 0.0]",600.0
stop,0.664352854000299,362.0,0.0,0.0,0.0,-0.02,0.0,0.0,0.0,42.2,0,0,0,"[0.0036, 0.00035, 0.0]",600.0
stop,0.7191274230003728,0.0,0.0,0.0,0.0,-0.04,0.0,0.0,0.0,42.3,0,0,0,"[0.0036, 0.00035, 0.0]",600.0
stop,0.7739682000001267,0.0,0.0,0.0,0.0,-0.04,0.0,0.0,0.0,42.3,0,0,0,"[0.0036, 0.00035, 0.0]",600.0
run,0.005155492999620037,0.0,0.0,0.0,0.0,0.0,0.0,0.0,0.0,42.3,0,0,0,"[0.0036, 0.00035, 0.0]",600.0
run,0.049930339999718854,0.0,0.56,0.0,-0.58,-0.06,0.084,-0.033,2.02,42.2,0,0,0,"[0.0036, 0.00035, 0.0]",600.0
run,0.0946718739996868,0.0,0.94,0.07,0.95,0.04,0.167,-1.259,3.828,42.2,0,0,0,"[0.0036, 0.00035, 0.0]",600.0
stop,0.0045825280003555235,981.0,0.0,0.0,0.0,0.0,0.0,0.0,0.0,42.2,0,0,0,"[0.0036, 0.00035, 0.0]",600.0
stop,0.0593534780000482,744.0,0.0,0.0,0.0,0.0,0.0,0.0,0.0,42.2,0,0,0,"[0.0036, 0.00035, 0.0]",600.0
stop,0.1162191299999904,603.0,0.0,0.0,0.0,-0.02,0.0,0.0,0.0,42.2,0,0,0,"[0.0036, 0.00035, 0.0]",600.0
stop,0.17097039999998742,362.0,0.0,0.0,0.0,-0.02,0.0,0.0,0.0,42.2,0,0,0,"[0.0036, 0.00035, 0.0]",600.0
stop,0.2256982130002143,362.0,0.0,0.0,0.0,-0.02,0.0,0.0,0.0,42.2,0,0,0,"[0.0036, 0.00035, 0.0]",600.0
stop,0.28037633000030837,362.0,0.0,0.0,0.0,-0.02,0.0,0.0,0.0,42.2,0,0,0,"[0.0036, 0.00035, 0.0]",600.0
stop,0.33501783900010196,362.0,0.0,0.0,0.0,-0.02,0.0,0.0,0.0,42.2,0,0,0,"[0.0036, 0.00035, 0.0]",600.0
stop,0.38971899600028337,362.0,0.0,0.0,0.0,-0.02,0.0,0.0,0.0,42.2,0,0,0,"[0.0036, 0.00035, 0.0]",600.0
stop,0.4447182030003205,362.0,0.0,0.0,0.0,-0.04,0.0,0.0,0.0,42.2,0,0,0,"[0.0036, 0.00035, 0.0]",600.0
stop,0.49954016100036824,362.0,0.0,0.0,0.0,-0.02,0.0,0.0,0.0,42.3,0,0,0,"[0.0036, 0.00035, 0.0]",600.0
stop,0.5543103740001243,362.0,0.0,0.0,0.0,-0.02,0.0,0.0,0.0,42.3,0,0,0,"[0.0036, 0.00035, 0.0]",600.0
stop,0.6093378060004397,362.0,0.0,0.0,0.0,-0.02,0.0,0.0,0.0,42.3,0,0,0,"[0.0036, 0.00035, 0.0]",600.0
stop,0.664352854000299,362.0,0.0,0.0,0.0,-0.02,0.0,0.0,0.0,42.2,0,0,0,"[0.0036, 0.00035, 0.0]",600.0
stop,0.7191274230003728,0.0,0.0,0.0,0.0,-0.04,0.0,0.0,0.0,42.3,0,0,0,"[0.0036, 0.00035, 0.0]",600.0
stop,0.7739682000001267,0.0,0.0,0.0,0.0,-0.04,0.0,0.0,0.0,42.3,0,0,0,"[0.0036, 0.00035, 0.0]",600.0
run,0.005155492999620037,0.0,0.0,0.0,0.0,0.0,0.0,0.0,0.0,42.3,0,0,0,"[0.0036, 0.00035, 0.0]",600.0
run,0.049930339999718854,0.0,0.56,0.0,-0.58,-0.06,0.084,-0.033,2.02,42.2,0,0,0,"[0.0036, 0.00035, 0.0]",600.0
run,0.0946718739996868,0.0,0.94,0.07,0.95,0.04,0.167,-1.259,3.828,42.2,0,0,0,"[0.0036, 0.00035, 0.0]",600.0
stop,0.0045825280003555235,981.0,0.0,0.0,0.0,0.0,0.0,0.0,0.0,42.2,0,0,0,"[0.0036, 0.00035, 0.0]",600.0
stop,0.0593534780000482,744.0,0.0,0.0,0.0,0.0,0.0,0.0,0.0,42.2,0,0,0,"[0.0036, 0.00035, 0.0]",600.0
stop,0.1162191299999904,603.0,0.0,0.0,0.0,-0.02,0.0,0.0,0.0,42.2,0,0,0,"[0.0036, 0.00035, 0.0]",600.0
stop,0.17097039999998742,362.0,0.0,0.0,0.0,-0.02,0.0,0.0,0.0,42.2,0,0,0,"[0.0036, 0.00035, 0.0]",600.0
stop,0.2256982130002143,362.0,0.0,0.0,0.0,-0.02,0.0,0.0,0.0,42.2,0,0,0,"[0.0036, 0.00035, 0.0]",600.0
stop,0.28037633000030837,362.0,0.0,0.0,0.0,-0.02,0.0,0.0,0.0,42.2,0,0,0,"[0.0036, 0.00035, 0.0]",600.0
stop,0.33501783900010196,362.0,0.0,0.0,0.0,-0.02,0.0,0.0,0.0,42.2,0,0,0,"[0.0036, 0.00035, 0.0]",600.0
stop,0.38971899600028337,362.0,0.0,0.0,0.0,-0.02,0.0,0.0,0.0,42.2,0,0,0,"[0.0036, 0.00035, 0.0]",600.0
stop,0.4447182030003205,362.0,0.0,0.0,0.0,-0.04,0.0,0.0,0.0,42.2,0,0,0,"[0.0036, 0.00035, 0.0]",600.0
stop,0.49954016100036824,362.0,0.0,0.0,0.0,-0.02,0.0,0.0,0.0,42.3,0,0,0,"[0.0036, 0.00035, 0.0]",600.0
stop,0.5543103740001243,362.0,0.0,0.0,0.0,-0.02,0.0,0.0,0.0,42.3,0,0,0,"[0.0036, 0.00035, 0.0]",600.0
stop,0.6093378060004397,362.0,0.0,0.0,0.0,-0.02,0.0,0.0,0.0,42.3,0,0,0,"[0.0036, 0.00035, 0.0]",600.0
stop,0.664352854000299,362.0,0.0,0.0,0.0,-0.02,0.0,0.0,0.0,42.2,0,0,0,"[0.0036, 0.00035, 0.0]",600.0
stop,0.7191274230003728,0.0,0.0,0.0,0.0,-0.04,0.0,0.0,0.0,42.3,0,0,0,"[0.0036, 0.00035, 0.0]",600.0
stop,0.7739682000001267,0.0,0.0,0.0,0.0,-0.04,0.0,0.0,0.0,42.3,0,0,0,"[0.0036, 0.00035, 0.0]",600.0
run,0.005155492999620037,0.0,0.0,0.0,0.0,0.0,0.0,0.0,0.0,42.3,0,0,0,"[0.0036, 0.00035, 0.0]",600.0
run,0.049930339999718854,0.0,0.56,0.0,-0.58,-0.06,0.084,-0.033,2.02,42.2,0,0,0,"[0.0036, 0.00035, 0.0]",600.0
run,0.0946718739996868,0.0,0.94,0.07,0.95,0.04,0.167,-1.259,3.828,42.2,0,0,0,"[0.0036, 0.00035, 0.0]",600.0
stop,0.0045825280003555235,981.0,0.0,0.0,0.0,0.0,0.0,0.0,0.0,42.2,0,0,0,"[0.0036, 0.00035, 0.0]",600.0
stop,0.0593534780000482,744.0,0.0,0.0,0.0,0.0,0.0,0.0,0.0,42.2,0,0,0,"[0.0036, 0.00035, 0.0]",600.0
stop,0.1162191299999904,603.0,0.0,0.0,0.0,-0.02,0.0,0.0,0.0,42.2,0,0,0,"[0.0036, 0.00035, 0.0]",600.0
stop,0.17097039999998742,362.0,0.0,0.0,0.0,-0.02,0.0,0.0,0.0,42.2,0,0,0,"[0.0036, 0.00035, 0.0]",600.0
stop,0.2256982130002143,362.0,0.0,0.0,0.0,-0.02,0.0,0.0,0.0,42.2,0,0,0,"[0.0036, 0.00035, 0.0]",600.0
stop,0.28037633000030837,362.0,0.0,0.0,0.0,-0.02,0.0,0.0,0.0,42.2,0,0,0,"[0.0036, 0.00035, 0.0]",600.0
stop,0.33501783900010196,362.0,0.0,0.0,0.0,-0.02,0.0,0.0,0.0,42.2,0,0,0,"[0.0036, 0.00035, 0.0]",600.0
stop,0.38971899600028337,362.0,0.0,0.0,0.0,-0.02,0.0,0.0,0.0,42.2,0,0,0,"[0.0036, 0.00035, 0.0]",600.0
stop,0.4447182030003205,362.0,0.0,0.0,0.0,-0.04,0.0,0.0,0.0,42.2,0,0,0,"[0.0036, 0.00035, 0.0]",600.0
stop,0.49954016100036824,362.0,0.0,0.0,0.0,-0.02,0.0,0.0,0.0,42.3,0,0,0,"[0.0036, 0.00035, 0.0]",600.0
stop,0.5543103740001243,362.0,0.0,0.0,0.0,-0.02,0.0,0.0,0.0,42.3,0,0,0,"[0.0036, 0.00035, 0.0]",600.0
stop,0.6093378060004397,362.0,0.0,0.0,0.0,-0.02,0.0,0.0,0.0,42.3,0,0,0,"[0.0036, 0.00035, 0.0]",600.0
stop,0.664352854000299,362.0,0.0,0.0,0.0,-0.02,0.0,0.0,0.0,42.2,0,0,0,"[0.0036, 0.00035, 0.0]",600.0
stop,0.7191274230003728,0.0,0.0,0.0,0.0,-0.04,0.0,0.0,0.0,42.3,0,0,0,"[0.0036, 0.00035, 0.0]",600.0
stop,0.7739682000001267,0.0,0.0,0.0,0.0,-0.04,0.0,0.0,0.0,42.3,0,0,0,"[0.0036, 0.00035, 0.0]",600.0
