timestamp,elapsed_time_s,trial,target_rpm,command_rpm,command_change_flag,command_timestamp,command_elapsed_s,rpm_left,rpm_right,rpm_average,rpm_error_left,rpm_error_right,vbus,motor_state,sample_interval_s
2026-09-18T07:09:24.567+07:00,0.010061000999485259,4.2_25rpm,25.0,0.0,1,2026-09-18T07:09:24.555+07:00,0.0,0.0,0.0,0.0,0.0,0.0,42.3,PRE_STEP,0.0
2026-09-18T07:09:24.594+07:00,0.03628696499981743,4.2_25rpm,25.0,0.0,0,2026-09-18T07:09:24.555+07:00,0.0,0.0,0.0,0.0,0.0,0.0,42.3,PRE_STEP,0.02622596400033217
2026-09-18T07:09:24.622+07:00,0.0653906179995829,4.2_25rpm,25.0,0.0,0,2026-09-18T07:09:24.555+07:00,0.0,0.0,0.0,0.0,0.0,0.0,42.3,PRE_STEP,0.029103652999765472
2026-09-18T07:09:24.652+07:00,0.09551032399940595,4.2_25rpm,25.0,0.0,0,2026-09-18T07:09:24.555+07:00,0.0,0.0,0.0,0.0,0.0,0.0,42.3,PRE_STEP,0.030119705999823054
2026-09-18T07:09:24.682+07:00,0.12570683099875168,4.2_25rpm,25.0,0.0,0,2026-09-18T07:09:24.555+07:00,0.0,0.0,0.0,0.0,0.0,0.0,42.3,PRE_STEP,0.03019650699934573
2026-09-18T07:09:24.713+07:00,0.15615908799918543,4.2_25rpm,25.0,0.0,0,2026-09-18T07:09:24.555+07:00,0.0,0.0,0.0,0.0,0.0,0.0,42.3,PRE_STEP,0.030452257000433747
2026-09-18T07:09:24.749+07:00,0.1893087739990733,4.2_25rpm,25.0,0.0,0,2026-09-18T07:09:24.555+07:00,0.0,0.0,0.0,0.0,0.0,0.0,42.3,PRE_STEP,0.03314968599988788
2026-09-18T07:09:24.773+07:00,0.21627472099862644,4.2_25rpm,25.0,0.0,0,2026-09-18T07:09:24.555+07:00,0.0,0.0,0.0,0.0,0.0,0.0,42.3,PRE_STEP,0.026965946999553125
2026-09-18T07:09:24.806+07:00,0.24719565799932752,4.2_25rpm,25.0,0.0,0,2026-09-18T07:09:24.555+07:00,0.0,0.0,0.0,0.0,0.0,0.0,42.3,PRE_STEP,0.030920937000701088
2026-09-18T07:09:24.835+07:00,0.2787650889986253,4.2_25rpm,25.0,0.0,0,2026-09-18T07:09:24.555+07:00,0.0,0.0,0.0,0.0,0.0,0.0,42.3,PRE_STEP,0.031569430999297765
2026-09-18T07:09:24.864+07:00,0.3073783009986073,4.2_25rpm,25.0,0.0,0,2026-09-18T07:09:24.555+07:00,0.0,0.0,0.0,0.0,0.0,0.0,42.3,PRE_STEP,0.028613211999982013
2026-09-18T07:09:24.894+07:00,0.33747387799849093,4.2_25rpm,25.0,0.0,0,2026-09-18T07:09:24.555+07:00,0.0,0.0,0.0,0.0,0.0,0.0,42.3,PRE_STEP,0.030095576999883633
2026-09-18T07:09:24.922+07:00,0.3654443569994328,4.2_25rpm,25.0,0.0,0,2026-09-18T07:09:24.555+07:00,0.0,0.0,0.0,0.0,0.0,0.0,42.3,PRE_STEP,0.02797047900094185
2026-09-18T07:09:24.952+07:00,0.39537020299940195,4.2_25rpm,25.0,0.0,0,2026-09-18T07:09:24.555+07:00,0.0,0.0,0.0,0.0,0.0,0.0,42.3,PRE_STEP,0.02992584599996917
2026-09-18T07:09:24.984+07:00,0.4258629719988676,4.2_25rpm,25.0,0.0,0,2026-09-18T07:09:24.555+07:00,0.0,0.0,0.0,0.0,0.0,0.0,42.3,PRE_STEP,0.030492768999465625
2026-09-18T07:09:25.012+07:00,0.45556433299861965,4.2_25rpm,25.0,0.0,0,2026-09-18T07:09:24.555+07:00,0.0,0.0,0.0,0.0,0.0,0.0,42.3,PRE_STEP,0.02970136099975207
2026-09-18T07:09:25.086+07:00,0.5269074859988905,4.2_25rpm,25.0,0.0,0,2026-09-18T07:09:24.555+07:00,0.0,0.0,0.0,0.0,0.0,0.0,42.3,PRE_STEP,0.07134315300027083
2026-09-18T07:09:25.096+07:00,0.5385523589993682,4.2_25rpm,25.0,0.0,0,2026-09-18T07:09:24.555+07:00,0.0,0.0,0.0,0.0,0.0,0.0,42.3,PRE_STEP,0.011644873000477673
2026-09-18T07:09:25.109+07:00,0.5478996179990645,4.2_25rpm,25.0,0.0,0,2026-09-18T07:09:24.555+07:00,0.0,0.0,0.0,0.0,0.0,0.0,42.3,PRE_STEP,0.00934725899969635
2026-09-18T07:09:25.143+07:00,0.5838504160001321,4.2_25rpm,25.0,0.0,0,2026-09-18T07:09:24.555+07:00,0.0,0.0,0.0,0.0,0.0,0.0,42.3,PRE_STEP,0.035950798001067596
2026-09-18T07:09:25.169+07:00,0.6083377209997707,4.2_25rpm,25.0,0.0,0,2026-09-18T07:09:24.555+07:00,0.0,0.0,0.0,0.0,0.0,0.0,42.3,PRE_STEP,0.02448730499963858
2026-09-18T07:09:25.195+07:00,0.63740921399949,4.2_25rpm,25.0,0.0,0,2026-09-18T07:09:24.555+07:00,0.0,0.0,0.0,0.0,0.0,0.0,42.3,PRE_STEP,0.02907149299971934
2026-09-18T07:09:25.235+07:00,0.667365780000182,4.2_25rpm,25.0,0.0,0,2026-09-18T07:09:24.555+07:00,0.0,0.0,0.0,0.0,0.0,0.0,42.3,PRE_STEP,0.029956566000691964
2026-09-18T07:09:25.256+07:00,0.6966076759999851,4.2_25rpm,25.0,0.0,0,2026-09-18T07:09:24.555+07:00,0.0,0.0,0.0,0.0,0.0,0.0,42.3,PRE_STEP,0.02924189599980309
2026-09-18T07:09:25.283+07:00,0.7264905449992511,4.2_25rpm,25.0,0.0,0,2026-09-18T07:09:24.555+07:00,0.0,0.0,0.0,0.0,0.0,0.0,42.3,PRE_STEP,0.029882868999266066
2026-09-18T07:09:25.315+07:00,0.7558618200000637,4.2_25rpm,25.0,0.0,0,2026-09-18T07:09:24.555+07:00,0.0,0.0,0.0,0.0,0.0,0.0,42.3,PRE_STEP,0.029371275000812602
2026-09-18T07:09:25.344+07:00,0.786386940999364,4.2_25rpm,25.0,0.0,0,2026-09-18T07:09:24.555+07:00,0.0,0.0,0.0,0.0,0.0,0.0,42.3,PRE_STEP,0.03052512099930027
2026-09-18T07:09:25.378+07:00,0.8186605459995917,4.2_25rpm,25.0,0.0,0,2026-09-18T07:09:24.555+07:00,0.0,0.0,0.0,0.0,0.0,0.0,42.3,PRE_STEP,0.03227360500022769
2026-09-18T07:09:25.406+07:00,0.8466722419998405,4.2_25rpm,25.0,0.0,0,2026-09-18T07:09:24.555+07:00,0.0,0.0,0.0,0.0,0.0,0.0,42.3,PRE_STEP,0.028011696000248776
2026-09-18T07:09:25.437+07:00,0.8776815009987331,4.2_25rpm,25.0,0.0,0,2026-09-18T07:09:24.555+07:00,0.0,0.0,0.0,0.0,0.0,0.0,42.3,PRE_STEP,0.03100925899889262
2026-09-18T07:09:25.463+07:00,0.9052878759994201,4.2_25rpm,25.0,0.0,0,2026-09-18T07:09:24.555+07:00,0.0,0.0,0.0,0.0,0.0,0.0,42.3,PRE_STEP,0.027606375000686967
2026-09-18T07:09:25.495+07:00,0.9358728070001234,4.2_25rpm,25.0,0.0,0,2026-09-18T07:09:24.555+07:00,0.0,0.0,0.0,0.0,0.0,0.0,42.3,PRE_STEP,0.030584931000703364
2026-09-18T07:09:25.524+07:00,0.9674798710002506,4.2_25rpm,25.0,0.0,0,2026-09-18T07:09:24.555+07:00,0.0,0.0,0.0,0.0,0.0,0.0,42.3,PRE_STEP,0.03160706400012714
2026-09-18T07:09:25.552+07:00,0.9956014239996875,4.2_25rpm,25.0,0.0,0,2026-09-18T07:09:24.555+07:00,0.0,0.0,0.0,0.0,0.0,0.0,42.3,PRE_STEP,0.02812155299943697
2026-09-18T07:09:25.584+07:00,1.0275185419995978,4.2_25rpm,25.0,0.0,0,2026-09-18T07:09:24.555+07:00,0.0,0.0,0.0,0.0,0.0,0.0,42.3,PRE_STEP,0.03191711799991026
2026-09-18T07:09:25.614+07:00,1.057613606999439,4.2_25rpm,25.0,0.0,0,2026-09-18T07:09:24.555+07:00,0.0,0.0,0.0,0.0,0.0,0.0,42.3,PRE_STEP,0.03009506499984127
2026-09-18T07:09:25.652+07:00,1.0956061739998404,4.2_25rpm,25.0,0.0,0,2026-09-18T07:09:24.555+07:00,0.0,0.0,0.0,0.0,0.0,0.0,42.3,PRE_STEP,0.03799256700040132
2026-09-18T07:09:25.675+07:00,1.1177583289991162,4.2_25rpm,25.0,0.0,0,2026-09-18T07:09:24.555+07:00,0.0,0.0,0.0,0.0,0.0,0.0,42.3,PRE_STEP,0.022152154999275808
2026-09-18T07:09:25.704+07:00,1.1475273389987706,4.2_25rpm,25.0,0.0,0,2026-09-18T07:09:24.555+07:00,0.0,0.0,0.0,0.0,0.0,0.0,42.3,PRE_STEP,0.029769009999654372
2026-09-18T07:09:25.734+07:00,1.1774195519992645,4.2_25rpm,25.0,0.0,0,2026-09-18T07:09:24.555+07:00,0.0,0.0,0.0,0.0,0.0,0.0,42.3,PRE_STEP,0.02989221300049394
2026-09-18T07:09:25.763+07:00,1.2062212799992267,4.2_25rpm,25.0,0.0,0,2026-09-18T07:09:24.555+07:00,0.0,0.0,0.0,0.0,0.0,0.0,42.3,PRE_STEP,0.028801727999962168
2026-09-18T07:09:25.795+07:00,1.2378518629993778,4.2_25rpm,25.0,0.0,0,2026-09-18T07:09:24.555+07:00,0.0,0.0,0.0,0.0,0.0,0.0,42.3,PRE_STEP,0.03163058300015109
2026-09-18T07:09:25.822+07:00,1.2653937899995071,4.2_25rpm,25.0,0.0,0,2026-09-18T07:09:24.555+07:00,0.0,0.0,0.0,0.0,0.0,0.0,42.3,PRE_STEP,0.027541927000129363
2026-09-18T07:09:25.856+07:00,1.2962772229984694,4.2_25rpm,25.0,0.0,0,2026-09-18T07:09:24.555+07:00,0.0,0.0,0.0,0.0,0.0,0.0,42.3,PRE_STEP,0.030883432998962235
2026-09-18T07:09:25.883+07:00,1.3263901439986512,4.2_25rpm,25.0,0.0,0,2026-09-18T07:09:24.555+07:00,0.0,0.0,0.0,0.0,0.0,0.0,42.3,PRE_STEP,0.030112921000181814
2026-09-18T07:09:25.920+07:00,1.3635035890001745,4.2_25rpm,25.0,0.0,0,2026-09-18T07:09:24.555+07:00,0.0,0.0,0.0,0.0,0.0,0.0,42.3,PRE_STEP,0.03711344500152336
2026-09-18T07:09:25.945+07:00,1.3883581979989685,4.2_25rpm,25.0,0.0,0,2026-09-18T07:09:24.555+07:00,0.0,0.0,0.0,0.0,0.0,0.0,42.3,PRE_STEP,0.024854608998793992
2026-09-18T07:09:25.976+07:00,1.419397025998478,4.2_25rpm,25.0,0.0,0,2026-09-18T07:09:24.555+07:00,0.0,0.0,0.0,0.0,0.0,0.0,42.3,PRE_STEP,0.031038827999509522
2026-09-18T07:09:26.009+07:00,1.4524065489986242,4.2_25rpm,25.0,0.0,0,2026-09-18T07:09:24.555+07:00,0.0,0.0,0.0,0.0,0.0,0.0,42.3,PRE_STEP,0.033009523000146146
2026-09-18T07:09:26.034+07:00,1.4772411889989598,4.2_25rpm,25.0,0.0,0,2026-09-18T07:09:24.555+07:00,0.0,0.0,0.0,0.0,0.0,0.0,42.3,PRE_STEP,0.02483464000033564
2026-09-18T07:09:26.064+07:00,1.507302397998501,4.2_25rpm,25.0,0.0,0,2026-09-18T07:09:24.555+07:00,0.0,0.0,0.0,0.0,0.0,0.0,42.3,PRE_STEP,0.030061208999541122
2026-09-18T07:09:26.096+07:00,1.5374632879993442,4.2_25rpm,25.0,0.0,0,2026-09-18T07:09:24.555+07:00,0.0,0.0,0.0,0.0,0.0,0.0,42.3,PRE_STEP,0.03016089000084321
2026-09-18T07:09:26.125+07:00,1.5674668310002744,4.2_25rpm,25.0,0.0,0,2026-09-18T07:09:24.555+07:00,0.0,0.0,0.0,0.0,0.0,0.0,42.3,PRE_STEP,0.030003543000930222
2026-09-18T07:09:26.154+07:00,1.5969219469989184,4.2_25rpm,25.0,0.0,0,2026-09-18T07:09:24.555+07:00,0.0,0.0,0.0,0.0,0.0,0.0,42.3,PRE_STEP,0.029455115998644033
2026-09-18T07:09:26.183+07:00,1.6254379089987196,4.2_25rpm,25.0,0.0,0,2026-09-18T07:09:24.555+07:00,0.0,0.0,0.0,0.0,0.0,0.0,42.3,PRE_STEP,0.02851596199980122
2026-09-18T07:09:26.216+07:00,1.6597854430001462,4.2_25rpm,25.0,0.0,0,2026-09-18T07:09:24.555+07:00,0.0,0.0,0.0,0.0,0.0,0.0,42.3,PRE_STEP,0.03434753400142654
2026-09-18T07:09:26.243+07:00,1.6853874259995791,4.2_25rpm,25.0,0.0,0,2026-09-18T07:09:24.555+07:00,0.0,0.0,0.0,0.0,0.0,0.0,42.3,PRE_STEP,0.02560198299943295
2026-09-18T07:09:26.276+07:00,1.718738363999364,4.2_25rpm,25.0,0.0,0,2026-09-18T07:09:24.555+07:00,0.0,0.0,0.0,0.0,0.0,0.0,42.3,PRE_STEP,0.033350937999784946
2026-09-18T07:09:26.311+07:00,1.7533922080001503,4.2_25rpm,25.0,0.0,0,2026-09-18T07:09:24.555+07:00,0.0,0.0,0.0,0.0,0.0,0.0,42.3,PRE_STEP,0.034653844000786194
2026-09-18T07:09:26.345+07:00,1.7857251419991371,4.2_25rpm,25.0,0.0,0,2026-09-18T07:09:24.555+07:00,0.0,0.0,0.0,0.0,0.0,0.0,42.3,PRE_STEP,0.032332933998986846
2026-09-18T07:09:26.365+07:00,1.8083974989986018,4.2_25rpm,25.0,0.0,0,2026-09-18T07:09:24.555+07:00,0.0,0.0,0.0,0.0,0.0,0.0,42.3,PRE_STEP,0.022672356999464682
2026-09-18T07:09:26.395+07:00,1.8373161569998047,4.2_25rpm,25.0,0.0,0,2026-09-18T07:09:24.555+07:00,0.0,0.0,0.0,0.0,0.0,0.0,42.3,PRE_STEP,0.028918658001202857
2026-09-18T07:09:26.424+07:00,1.8673621010002535,4.2_25rpm,25.0,0.0,0,2026-09-18T07:09:24.555+07:00,0.0,0.0,0.0,0.0,0.0,0.0,42.3,PRE_STEP,0.0300459440004488
2026-09-18T07:09:26.456+07:00,1.897355819999575,4.2_25rpm,25.0,0.0,0,2026-09-18T07:09:24.555+07:00,0.0,0.0,0.0,0.0,0.0,0.0,42.3,PRE_STEP,0.029993718999321572
2026-09-18T07:09:26.484+07:00,1.9271856949999346,4.2_25rpm,25.0,0.0,0,2026-09-18T07:09:24.555+07:00,0.0,0.0,0.0,0.0,0.0,0.0,42.3,PRE_STEP,0.029829875000359607
2026-09-18T07:09:26.512+07:00,1.9554814610000903,4.2_25rpm,25.0,0.0,0,2026-09-18T07:09:24.555+07:00,0.0,0.0,0.0,0.0,0.0,0.0,42.3,PRE_STEP,0.02829576600015571
2026-09-18T07:09:26.544+07:00,1.9876277669991396,4.2_25rpm,25.0,0.0,0,2026-09-18T07:09:24.555+07:00,0.0,0.0,0.0,0.0,0.0,0.0,42.3,PRE_STEP,0.03214630599904922
2026-09-18T07:09:26.576+07:00,2.0178210100002616,4.2_25rpm,25.0,0.0,0,2026-09-18T07:09:24.555+07:00,0.0,0.0,0.0,0.0,0.0,0.0,42.3,PRE_STEP,0.030193243001122028
2026-09-18T07:09:26.605+07:00,2.0473084789991844,4.2_25rpm,25.0,0.0,0,2026-09-18T07:09:24.555+07:00,0.0,0.0,0.0,0.0,0.0,0.0,42.3,PRE_STEP,0.02948746899892285
2026-09-18T07:09:26.634+07:00,2.0778496650000307,4.2_25rpm,25.0,0.0,0,2026-09-18T07:09:24.555+07:00,0.0,0.0,0.0,0.0,0.0,0.0,42.3,PRE_STEP,0.03054118600084621
2026-09-18T07:09:26.665+07:00,2.1072574840000016,4.2_25rpm,25.0,0.0,0,2026-09-18T07:09:24.555+07:00,0.0,0.0,0.0,0.0,0.0,0.0,42.3,PRE_STEP,0.029407818999970914
2026-09-18T07:09:26.695+07:00,2.1373808689986618,4.2_25rpm,25.0,0.0,0,2026-09-18T07:09:24.555+07:00,0.0,0.0,0.0,0.0,0.0,0.0,42.3,PRE_STEP,0.030123384998660185
2026-09-18T07:09:26.726+07:00,2.1680585379999684,4.2_25rpm,25.0,0.0,0,2026-09-18T07:09:24.555+07:00,0.0,0.0,0.0,0.0,0.0,0.0,42.3,PRE_STEP,0.03067766900130664
2026-09-18T07:09:26.757+07:00,2.20077432799917,4.2_25rpm,25.0,0.0,0,2026-09-18T07:09:24.555+07:00,0.0,0.0,0.0,0.0,0.0,0.0,42.3,PRE_STEP,0.03271578999920166
2026-09-18T07:09:26.784+07:00,2.2271576059993095,4.2_25rpm,25.0,0.0,0,2026-09-18T07:09:24.555+07:00,0.0,0.0,0.0,0.0,0.0,0.0,42.3,PRE_STEP,0.0263832780001394
2026-09-18T07:09:26.814+07:00,2.2577319769989117,4.2_25rpm,25.0,0.0,0,2026-09-18T07:09:24.555+07:00,0.0,0.0,0.0,0.0,0.0,0.0,42.3,PRE_STEP,0.03057437099960225
2026-09-18T07:09:26.849+07:00,2.292558752998957,4.2_25rpm,25.0,0.0,0,2026-09-18T07:09:24.555+07:00,0.0,0.0,0.0,0.0,0.0,0.0,42.3,PRE_STEP,0.034826776000045356
2026-09-18T07:09:26.876+07:00,2.318514470998707,4.2_25rpm,25.0,0.0,0,2026-09-18T07:09:24.555+07:00,0.0,0.0,0.0,0.0,0.0,0.0,42.3,PRE_STEP,0.02595571799975005
2026-09-18T07:09:26.907+07:00,2.34733635900011,4.2_25rpm,25.0,0.0,0,2026-09-18T07:09:24.555+07:00,0.0,0.0,0.0,0.0,0.0,0.0,42.3,PRE_STEP,0.02882188800140284
2026-09-18T07:09:26.945+07:00,2.387941425999088,4.2_25rpm,25.0,0.0,0,2026-09-18T07:09:24.555+07:00,0.0,0.0,0.0,0.0,0.0,0.0,42.3,PRE_STEP,0.040605066998978145
2026-09-18T07:09:26.978+07:00,2.411498120000033,4.2_25rpm,25.0,0.0,0,2026-09-18T07:09:24.555+07:00,0.0,0.0,0.0,0.0,0.0,0.0,42.3,PRE_STEP,0.023556694000944844
2026-09-18T07:09:26.993+07:00,2.43652997999925,4.2_25rpm,25.0,0.0,0,2026-09-18T07:09:24.555+07:00,0.0,0.0,0.0,0.0,0.0,0.0,42.3,PRE_STEP,0.025031859999216977
2026-09-18T07:09:27.025+07:00,2.4672640659991885,4.2_25rpm,25.0,0.0,0,2026-09-18T07:09:24.555+07:00,0.0,0.0,0.0,0.0,0.0,0.0,42.3,PRE_STEP,0.030734085999938543
2026-09-18T07:09:27.055+07:00,2.4973680589992,4.2_25rpm,25.0,0.0,0,2026-09-18T07:09:24.555+07:00,0.0,0.0,0.0,0.0,0.0,0.0,42.3,PRE_STEP,0.030103993000011542
2026-09-18T07:09:27.086+07:00,2.529100372999892,4.2_25rpm,25.0,0.0,0,2026-09-18T07:09:24.555+07:00,0.0,0.0,0.0,0.0,0.0,0.0,42.3,PRE_STEP,0.031732314000691986
2026-09-18T07:09:27.114+07:00,2.557264518998636,4.2_25rpm,25.0,0.0,0,2026-09-18T07:09:24.555+07:00,0.0,0.0,0.0,0.0,0.0,0.0,42.3,PRE_STEP,0.02816414599874406
2026-09-18T07:09:27.143+07:00,2.5860556539992103,4.2_25rpm,25.0,0.0,0,2026-09-18T07:09:24.555+07:00,0.0,0.0,0.0,0.0,0.0,0.0,42.3,PRE_STEP,0.028791135000574286
2026-09-18T07:09:27.173+07:00,2.616760778999378,4.2_25rpm,25.0,0.0,0,2026-09-18T07:09:24.555+07:00,0.0,0.0,0.0,0.0,0.0,0.0,42.3,PRE_STEP,0.030705125000167754
2026-09-18T07:09:27.204+07:00,2.6473586060001253,4.2_25rpm,25.0,0.0,0,2026-09-18T07:09:24.555+07:00,0.0,0.0,0.0,0.0,0.0,0.0,42.3,PRE_STEP,0.030597827000747202
2026-09-18T07:09:27.234+07:00,2.6767428089988243,4.2_25rpm,25.0,0.0,0,2026-09-18T07:09:24.555+07:00,0.0,0.0,0.0,0.0,0.0,0.0,42.3,PRE_STEP,0.02938420299869904
2026-09-18T07:09:27.266+07:00,2.7067029270001512,4.2_25rpm,25.0,0.0,0,2026-09-18T07:09:24.555+07:00,0.0,0.0,0.0,0.0,0.0,0.0,42.3,PRE_STEP,0.02996011800132692
2026-09-18T07:09:27.295+07:00,2.7378919659986423,4.2_25rpm,25.0,0.0,0,2026-09-18T07:09:24.555+07:00,0.0,0.0,0.0,0.0,0.0,0.0,42.3,PRE_STEP,0.031189038998491014
2026-09-18T07:09:27.325+07:00,2.767373802998918,4.2_25rpm,25.0,0.0,0,2026-09-18T07:09:24.555+07:00,0.0,0.0,0.0,0.0,0.0,0.0,42.3,PRE_STEP,0.029481837000275846
2026-09-18T07:09:27.355+07:00,2.798033678998763,4.2_25rpm,25.0,0.0,0,2026-09-18T07:09:24.555+07:00,0.0,0.0,0.0,0.0,0.0,0.0,42.3,PRE_STEP,0.0306598759998451
2026-09-18T07:09:27.385+07:00,2.828363468999669,4.2_25rpm,25.0,0.0,0,2026-09-18T07:09:24.555+07:00,0.0,0.0,0.0,0.0,0.0,0.0,42.3,PRE_STEP,0.030329790000905632
2026-09-18T07:09:27.415+07:00,2.8583557789988845,4.2_25rpm,25.0,0.0,0,2026-09-18T07:09:24.555+07:00,0.0,0.0,0.0,0.0,0.0,0.0,42.3,PRE_STEP,0.02999230999921565
2026-09-18T07:09:27.450+07:00,2.890710730000137,4.2_25rpm,25.0,0.0,0,2026-09-18T07:09:24.555+07:00,0.0,0.0,0.0,0.0,0.0,0.0,42.3,PRE_STEP,0.03235495100125263
2026-09-18T07:09:27.483+07:00,2.926142380998499,4.2_25rpm,25.0,0.0,0,2026-09-18T07:09:24.555+07:00,0.0,0.0,0.0,0.0,0.0,0.0,42.3,PRE_STEP,0.035431650998361874
2026-09-18T07:09:27.511+07:00,2.9539604089986824,4.2_25rpm,25.0,0.0,0,2026-09-18T07:09:24.555+07:00,0.0,0.0,0.0,0.0,0.0,0.0,42.3,PRE_STEP,0.027818028000183403
2026-09-18T07:09:27.548+07:00,2.9917028580002807,4.2_25rpm,25.0,0.0,0,2026-09-18T07:09:24.555+07:00,0.0,0.0,0.0,0.0,0.0,0.0,42.3,PRE_STEP,0.03774244900159829
2026-09-18T07:09:27.566+07:00,3.0076642009989882,4.2_25rpm,25.0,25.0,1,2026-09-18T07:09:27.555+07:00,3.000079473998994,0.0,0.0,0.0,25.0,25.0,42.3,ACTIVE,0.01596134299870755
2026-09-18T07:09:27.610+07:00,3.0530204030001187,4.2_25rpm,25.0,25.0,0,2026-09-18T07:09:27.555+07:00,3.000079473998994,0.0,0.0,0.0,25.0,25.0,42.3,ACTIVE,0.04535620200113044
2026-09-18T07:09:27.643+07:00,3.085518363999654,4.2_25rpm,25.0,25.0,0,2026-09-18T07:09:27.555+07:00,3.000079473998994,0.0,0.0,0.0,25.0,25.0,42.3,ACTIVE,0.03249796099953528
2026-09-18T07:09:27.679+07:00,3.1209207029987738,4.2_25rpm,25.0,25.0,0,2026-09-18T07:09:27.555+07:00,3.000079473998994,0.0,0.0,0.0,25.0,25.0,42.3,ACTIVE,0.03540233899911982
2026-09-18T07:09:27.708+07:00,3.1471047129998624,4.2_25rpm,25.0,25.0,0,2026-09-18T07:09:27.555+07:00,3.000079473998994,0.0,0.0,0.0,25.0,25.0,42.3,ACTIVE,0.02618401000108861
2026-09-18T07:09:27.735+07:00,3.1777350209995348,4.2_25rpm,25.0,25.0,0,2026-09-18T07:09:27.555+07:00,3.000079473998994,0.0,0.0,0.0,25.0,25.0,42.3,ACTIVE,0.030630307999672368
2026-09-18T07:09:27.762+07:00,3.20301472599931,4.2_25rpm,25.0,25.0,0,2026-09-18T07:09:27.555+07:00,3.000079473998994,22.933333333333334,0.0,11.466666666666667,2.0666666666666664,25.0,42.3,ACTIVE,0.025279704999775277
2026-09-18T07:09:27.787+07:00,3.229950495999219,4.2_25rpm,25.0,25.0,0,2026-09-18T07:09:27.555+07:00,3.000079473998994,30.0,0.0,15.0,-5.0,25.0,42.3,ACTIVE,0.026935769999909098
2026-09-18T07:09:27.817+07:00,3.260453824999786,4.2_25rpm,25.0,25.0,0,2026-09-18T07:09:27.555+07:00,3.000079473998994,32.46666666666667,26.0,29.233333333333334,-7.466666666666669,-1.0,42.3,ACTIVE,0.030503329000566737
2026-09-18T07:09:27.868+07:00,3.3107183809988783,4.2_25rpm,25.0,25.0,0,2026-09-18T07:09:27.555+07:00,3.000079473998994,30.266666666666666,28.933333333333334,29.6,-5.266666666666666,-3.9333333333333336,42.2,ACTIVE,0.05026455599909241
2026-09-18T07:09:27.894+07:00,3.334304324000186,4.2_25rpm,25.0,25.0,0,2026-09-18T07:09:27.555+07:00,3.000079473998994,30.266666666666666,28.933333333333334,29.6,-5.266666666666666,-3.9333333333333336,42.2,ACTIVE,0.023585943001307896
2026-09-18T07:09:27.919+07:00,3.361759143999734,4.2_25rpm,25.0,25.0,0,2026-09-18T07:09:27.555+07:00,3.000079473998994,23.266666666666666,23.733333333333334,23.5,1.7333333333333343,1.2666666666666657,42.2,ACTIVE,0.027454819999547908
2026-09-18T07:09:27.945+07:00,3.388163607000024,4.2_25rpm,25.0,25.0,0,2026-09-18T07:09:27.555+07:00,3.000079473998994,23.266666666666666,23.733333333333334,23.5,1.7333333333333343,1.2666666666666657,42.2,ACTIVE,0.02640446300028998
2026-09-18T07:09:27.975+07:00,3.41759110699968,4.2_25rpm,25.0,25.0,0,2026-09-18T07:09:27.555+07:00,3.000079473998994,23.266666666666666,23.733333333333334,23.5,1.7333333333333343,1.2666666666666657,42.2,ACTIVE,0.029427499999655993
2026-09-18T07:09:28.001+07:00,3.4433337969985587,4.2_25rpm,25.0,25.0,0,2026-09-18T07:09:27.555+07:00,3.000079473998994,23.266666666666666,23.733333333333334,23.5,1.7333333333333343,1.2666666666666657,42.2,ACTIVE,0.025742689998878632
2026-09-18T07:09:28.026+07:00,3.469152199999371,4.2_25rpm,25.0,25.0,0,2026-09-18T07:09:27.555+07:00,3.000079473998994,23.266666666666666,23.733333333333334,23.5,1.7333333333333343,1.2666666666666657,42.2,ACTIVE,0.025818403000812395
2026-09-18T07:09:28.056+07:00,3.4994497329989827,4.2_25rpm,25.0,25.0,0,2026-09-18T07:09:27.555+07:00,3.000079473998994,23.266666666666666,23.733333333333334,23.5,1.7333333333333343,1.2666666666666657,42.2,ACTIVE,0.030297532999611576
2026-09-18T07:09:28.087+07:00,3.5293023609992815,4.2_25rpm,25.0,25.0,0,2026-09-18T07:09:27.555+07:00,3.000079473998994,23.266666666666666,23.733333333333334,23.5,1.7333333333333343,1.2666666666666657,42.2,ACTIVE,0.029852628000298864
2026-09-18T07:09:28.113+07:00,3.5562645959998918,4.2_25rpm,25.0,25.0,0,2026-09-18T07:09:27.555+07:00,3.000079473998994,23.266666666666666,23.733333333333334,23.5,1.7333333333333343,1.2666666666666657,42.2,ACTIVE,0.026962235000610235
2026-09-18T07:09:28.158+07:00,3.6015708439990703,4.2_25rpm,25.0,25.0,0,2026-09-18T07:09:27.555+07:00,3.000079473998994,23.266666666666666,23.733333333333334,23.5,1.7333333333333343,1.2666666666666657,42.2,ACTIVE,0.045306247999178595
2026-09-18T07:09:28.186+07:00,3.6291812189992925,4.2_25rpm,25.0,25.0,0,2026-09-18T07:09:27.555+07:00,3.000079473998994,23.266666666666666,23.733333333333334,23.5,1.7333333333333343,1.2666666666666657,42.2,ACTIVE,0.02761037500022212
2026-09-18T07:09:28.212+07:00,3.6556716359991697,4.2_25rpm,25.0,25.0,0,2026-09-18T07:09:27.555+07:00,3.000079473998994,23.266666666666666,23.733333333333334,23.5,1.7333333333333343,1.2666666666666657,42.2,ACTIVE,0.026490416999877198
2026-09-18T07:09:28.240+07:00,3.6831609529999696,4.2_25rpm,25.0,25.0,0,2026-09-18T07:09:27.555+07:00,3.000079473998994,23.266666666666666,23.733333333333334,23.5,1.7333333333333343,1.2666666666666657,42.2,ACTIVE,0.02748931700079993
2026-09-18T07:09:28.273+07:00,3.7165262589987833,4.2_25rpm,25.0,25.0,0,2026-09-18T07:09:27.555+07:00,3.000079473998994,23.266666666666666,23.733333333333334,23.5,1.7333333333333343,1.2666666666666657,42.2,ACTIVE,0.03336530599881371
2026-09-18T07:09:28.312+07:00,3.7539339819995803,4.2_25rpm,25.0,25.0,0,2026-09-18T07:09:27.555+07:00,3.000079473998994,23.266666666666666,23.733333333333334,23.5,1.7333333333333343,1.2666666666666657,42.2,ACTIVE,0.03740772300079698
2026-09-18T07:09:28.345+07:00,3.7798531879998336,4.2_25rpm,25.0,25.0,0,2026-09-18T07:09:27.555+07:00,3.000079473998994,23.266666666666666,23.733333333333334,23.5,1.7333333333333343,1.2666666666666657,42.2,ACTIVE,0.025919206000253325
2026-09-18T07:09:28.368+07:00,3.811171988998467,4.2_25rpm,25.0,25.0,0,2026-09-18T07:09:27.555+07:00,3.000079473998994,23.266666666666666,23.733333333333334,23.5,1.7333333333333343,1.2666666666666657,42.2,ACTIVE,0.03131880099863338
2026-09-18T07:09:28.401+07:00,3.8398789299990312,4.2_25rpm,25.0,25.0,0,2026-09-18T07:09:27.555+07:00,3.000079473998994,23.266666666666666,23.733333333333334,23.5,1.7333333333333343,1.2666666666666657,42.2,ACTIVE,0.028706941000564257
2026-09-18T07:09:28.421+07:00,3.864438620999863,4.2_25rpm,25.0,25.0,0,2026-09-18T07:09:27.555+07:00,3.000079473998994,0.0,0.0,0.0,25.0,25.0,42.2,ACTIVE,0.024559691000831663
2026-09-18T07:09:28.452+07:00,3.8942293909985892,4.2_25rpm,25.0,25.0,0,2026-09-18T07:09:27.555+07:00,3.000079473998994,0.0,0.0,0.0,25.0,25.0,42.2,ACTIVE,0.02979076999872632
2026-09-18T07:09:28.476+07:00,3.919197057999554,4.2_25rpm,25.0,25.0,0,2026-09-18T07:09:27.555+07:00,3.000079473998994,4.066666666666666,0.0,2.033333333333333,20.933333333333334,25.0,42.2,ACTIVE,0.024967667000964866
2026-09-18T07:09:28.504+07:00,3.9469974209987413,4.2_25rpm,25.0,25.0,0,2026-09-18T07:09:27.555+07:00,3.000079473998994,4.066666666666666,0.0,2.033333333333333,20.933333333333334,25.0,42.2,ACTIVE,0.0278003629991872
2026-09-18T07:09:28.532+07:00,3.975914221999119,4.2_25rpm,25.0,25.0,0,2026-09-18T07:09:27.555+07:00,3.000079473998994,3.933333333333333,3.8,3.8666666666666663,21.066666666666666,21.2,42.2,ACTIVE,0.028916801000377745
2026-09-18T07:09:28.563+07:00,4.006092296998759,4.2_25rpm,25.0,25.0,0,2026-09-18T07:09:27.555+07:00,3.000079473998994,3.8666666666666667,3.6666666666666665,3.7666666666666666,21.133333333333333,21.333333333333332,42.2,ACTIVE,0.030178074999639648
2026-09-18T07:09:28.594+07:00,4.036554120999426,4.2_25rpm,25.0,25.0,0,2026-09-18T07:09:27.555+07:00,3.000079473998994,3.8666666666666667,3.6,3.7333333333333334,21.133333333333333,21.4,42.2,ACTIVE,0.030461824000667548
2026-09-18T07:09:28.623+07:00,4.066614080998988,4.2_25rpm,25.0,25.0,0,2026-09-18T07:09:27.555+07:00,3.000079473998994,17.466666666666665,3.6,10.533333333333333,7.533333333333335,21.4,42.2,ACTIVE,0.030059959999562125
2026-09-18T07:09:28.668+07:00,4.110402922999128,4.2_25rpm,25.0,25.0,0,2026-09-18T07:09:27.555+07:00,3.000079473998994,24.066666666666666,14.6,19.333333333333332,0.9333333333333336,10.4,42.2,ACTIVE,0.043788842000139994
2026-09-18T07:09:28.699+07:00,4.141201137999815,4.2_25rpm,25.0,25.0,0,2026-09-18T07:09:27.555+07:00,3.000079473998994,29.266666666666666,16.466666666666665,22.866666666666667,-4.266666666666666,8.533333333333335,42.2,ACTIVE,0.03079821500068647
2026-09-18T07:09:28.724+07:00,4.166446506000284,4.2_25rpm,25.0,25.0,0,2026-09-18T07:09:27.555+07:00,3.000079473998994,28.533333333333335,22.333333333333332,25.433333333333334,-3.533333333333335,2.666666666666668,42.2,ACTIVE,0.02524536800046917
2026-09-18T07:09:28.756+07:00,4.197434165000232,4.2_25rpm,25.0,25.0,0,2026-09-18T07:09:27.555+07:00,3.000079473998994,28.533333333333335,26.2,27.366666666666667,-3.533333333333335,-1.1999999999999993,42.2,ACTIVE,0.030987658999947598
2026-09-18T07:09:28.781+07:00,4.2226642049990915,4.2_25rpm,25.0,25.0,0,2026-09-18T07:09:27.555+07:00,3.000079473998994,23.533333333333335,26.2,24.866666666666667,1.466666666666665,-1.1999999999999993,42.2,ACTIVE,0.025230039998859866
2026-09-18T07:09:28.807+07:00,4.250057935998484,4.2_25rpm,25.0,25.0,0,2026-09-18T07:09:27.555+07:00,3.000079473998994,23.533333333333335,23.666666666666668,23.6,1.466666666666665,1.3333333333333321,42.2,ACTIVE,0.027393730999392574
2026-09-18T07:09:28.839+07:00,4.277653430999635,4.2_25rpm,25.0,25.0,0,2026-09-18T07:09:27.555+07:00,3.000079473998994,23.533333333333335,23.666666666666668,23.6,1.466666666666665,1.3333333333333321,42.2,ACTIVE,0.027595495001150994
2026-09-18T07:09:28.882+07:00,4.325687829999879,4.2_25rpm,25.0,25.0,0,2026-09-18T07:09:27.555+07:00,3.000079473998994,23.533333333333335,18.4,20.96666666666667,1.466666666666665,6.600000000000001,42.2,ACTIVE,0.048034399000243866
2026-09-18T07:09:28.913+07:00,4.355953266000142,4.2_25rpm,25.0,25.0,0,2026-09-18T07:09:27.555+07:00,3.000079473998994,23.533333333333335,18.4,20.96666666666667,1.466666666666665,6.600000000000001,42.2,ACTIVE,0.030265436000263435
2026-09-18T07:09:28.935+07:00,4.378632886999185,4.2_25rpm,25.0,25.0,0,2026-09-18T07:09:27.555+07:00,3.000079473998994,23.533333333333335,18.4,20.96666666666667,1.466666666666665,6.600000000000001,42.2,ACTIVE,0.022679620999042527
2026-09-18T07:09:28.963+07:00,4.406454113999644,4.2_25rpm,25.0,25.0,0,2026-09-18T07:09:27.555+07:00,3.000079473998994,23.533333333333335,18.4,20.96666666666667,1.466666666666665,6.600000000000001,42.2,ACTIVE,0.027821227000458748
2026-09-18T07:09:28.989+07:00,4.432835728999635,4.2_25rpm,25.0,25.0,0,2026-09-18T07:09:27.555+07:00,3.000079473998994,23.533333333333335,18.4,20.96666666666667,1.466666666666665,6.600000000000001,42.2,ACTIVE,0.026381614999991143
2026-09-18T07:09:29.017+07:00,4.460397430999365,4.2_25rpm,25.0,25.0,0,2026-09-18T07:09:27.555+07:00,3.000079473998994,23.533333333333335,18.4,20.96666666666667,1.466666666666665,6.600000000000001,42.2,ACTIVE,0.02756170199972985
2026-09-18T07:09:29.044+07:00,4.487608982999518,4.2_25rpm,25.0,25.0,0,2026-09-18T07:09:27.555+07:00,3.000079473998994,23.533333333333335,18.4,20.96666666666667,1.466666666666665,6.600000000000001,42.2,ACTIVE,0.02721155200015346
2026-09-18T07:09:29.089+07:00,4.5325827119995665,4.2_25rpm,25.0,25.0,0,2026-09-18T07:09:27.555+07:00,3.000079473998994,23.533333333333335,18.4,20.96666666666667,1.466666666666665,6.600000000000001,42.2,ACTIVE,0.04497372900004848
2026-09-18T07:09:29.114+07:00,4.557631147999928,4.2_25rpm,25.0,25.0,0,2026-09-18T07:09:27.555+07:00,3.000079473998994,23.533333333333335,18.4,20.96666666666667,1.466666666666665,6.600000000000001,42.2,ACTIVE,0.025048436000361107
2026-09-18T07:09:29.151+07:00,4.593397749998985,4.2_25rpm,25.0,25.0,0,2026-09-18T07:09:27.555+07:00,3.000079473998994,23.533333333333335,18.4,20.96666666666667,1.466666666666665,6.600000000000001,42.2,ACTIVE,0.03576660199905746
2026-09-18T07:09:29.169+07:00,4.612030281999978,4.2_25rpm,25.0,25.0,0,2026-09-18T07:09:27.555+07:00,3.000079473998994,23.533333333333335,18.4,20.96666666666667,1.466666666666665,6.600000000000001,42.2,ACTIVE,0.018632532000992796
2026-09-18T07:09:29.196+07:00,4.639137222999125,4.2_25rpm,25.0,25.0,0,2026-09-18T07:09:27.555+07:00,3.000079473998994,23.533333333333335,18.4,20.96666666666667,1.466666666666665,6.600000000000001,42.2,ACTIVE,0.0271069409991469
2026-09-18T07:09:29.240+07:00,4.683313849000115,4.2_25rpm,25.0,25.0,0,2026-09-18T07:09:27.555+07:00,3.000079473998994,23.533333333333335,18.4,20.96666666666667,1.466666666666665,6.600000000000001,42.2,ACTIVE,0.04417662600098993
2026-09-18T07:09:29.272+07:00,4.712926984999285,4.2_25rpm,25.0,25.0,0,2026-09-18T07:09:27.555+07:00,3.000079473998994,0.0,18.4,9.2,25.0,6.600000000000001,42.2,ACTIVE,0.02961313599917048
2026-09-18T07:09:29.295+07:00,4.738396261000162,4.2_25rpm,25.0,25.0,0,2026-09-18T07:09:27.555+07:00,3.000079473998994,0.0,18.4,9.2,25.0,6.600000000000001,42.2,ACTIVE,0.025469276000876562
2026-09-18T07:09:29.322+07:00,4.765136795000217,4.2_25rpm,25.0,25.0,0,2026-09-18T07:09:27.555+07:00,3.000079473998994,0.0,18.4,9.2,25.0,6.600000000000001,42.2,ACTIVE,0.02674053400005505
2026-09-18T07:09:29.349+07:00,4.79212091699992,4.2_25rpm,25.0,25.0,0,2026-09-18T07:09:27.555+07:00,3.000079473998994,0.0,0.0,0.0,25.0,25.0,42.2,ACTIVE,0.026984121999703348
2026-09-18T07:09:29.376+07:00,4.82000349000009,4.2_25rpm,25.0,25.0,0,2026-09-18T07:09:27.555+07:00,3.000079473998994,0.0,0.0,0.0,25.0,25.0,42.2,ACTIVE,0.02788257300016994
2026-09-18T07:09:29.404+07:00,4.847608392999973,4.2_25rpm,25.0,25.0,0,2026-09-18T07:09:27.555+07:00,3.000079473998994,3.6,0.0,1.8,21.4,25.0,42.2,ACTIVE,0.027604902999883052
2026-09-18T07:09:29.434+07:00,4.8775502709995635,4.2_25rpm,25.0,25.0,0,2026-09-18T07:09:27.555+07:00,3.000079473998994,3.6,3.7333333333333334,3.666666666666667,21.4,21.266666666666666,42.2,ACTIVE,0.02994187799959036
2026-09-18T07:09:29.463+07:00,4.906711236999399,4.2_25rpm,25.0,25.0,0,2026-09-18T07:09:27.555+07:00,3.000079473998994,3.6,3.6666666666666665,3.6333333333333333,21.4,21.333333333333332,42.2,ACTIVE,0.029160965999835753
2026-09-18T07:09:29.511+07:00,4.954345243999342,4.2_25rpm,25.0,25.0,0,2026-09-18T07:09:27.555+07:00,3.000079473998994,3.3333333333333335,3.6,3.466666666666667,21.666666666666668,21.4,42.2,ACTIVE,0.04763400699994236
2026-09-18T07:09:29.537+07:00,4.980407267999908,4.2_25rpm,25.0,25.0,0,2026-09-18T07:09:27.555+07:00,3.000079473998994,3.2666666666666666,14.733333333333333,9.0,21.733333333333334,10.266666666666667,42.2,ACTIVE,0.026062024000566453
2026-09-18T07:09:29.565+07:00,5.008359441999346,4.2_25rpm,25.0,25.0,0,2026-09-18T07:09:27.555+07:00,3.000079473998994,3.2,17.4,10.299999999999999,21.8,7.600000000000001,42.2,ACTIVE,0.027952173999437946
2026-09-18T07:09:29.602+07:00,5.036919180000041,4.2_25rpm,25.0,25.0,0,2026-09-18T07:09:27.555+07:00,3.000079473998994,11.466666666666667,27.4,19.433333333333334,13.533333333333333,-2.3999999999999986,42.2,ACTIVE,0.02855973800069478
2026-09-18T07:09:29.621+07:00,5.064400464998471,4.2_25rpm,25.0,25.0,0,2026-09-18T07:09:27.555+07:00,3.000079473998994,15.0,36.46666666666667,25.733333333333334,10.0,-11.466666666666669,42.2,ACTIVE,0.027481284998430056
2026-09-18T07:09:29.651+07:00,5.092854409000211,4.2_25rpm,25.0,25.0,0,2026-09-18T07:09:27.555+07:00,3.000079473998994,17.2,33.93333333333333,25.566666666666663,7.800000000000001,-8.93333333333333,42.2,ACTIVE,0.028453944001739728
2026-09-18T07:09:29.677+07:00,5.12011594499927,4.2_25rpm,25.0,25.0,0,2026-09-18T07:09:27.555+07:00,3.000079473998994,20.8,30.8,25.8,4.199999999999999,-5.800000000000001,42.2,ACTIVE,0.02726153599905956
2026-09-18T07:09:29.706+07:00,5.149199886000133,4.2_25rpm,25.0,25.0,0,2026-09-18T07:09:27.555+07:00,3.000079473998994,25.733333333333334,30.8,28.266666666666666,-0.7333333333333343,-5.800000000000001,42.2,ACTIVE,0.02908394100086298
2026-09-18T07:09:29.733+07:00,5.1754428099993675,4.2_25rpm,25.0,25.0,0,2026-09-18T07:09:27.555+07:00,3.000079473998994,25.133333333333333,20.733333333333334,22.933333333333334,-0.13333333333333286,4.266666666666666,42.2,ACTIVE,0.026242923999234335
2026-09-18T07:09:29.782+07:00,5.223457751999376,4.2_25rpm,25.0,25.0,0,2026-09-18T07:09:27.555+07:00,3.000079473998994,25.066666666666666,0.0,12.533333333333333,-0.06666666666666643,25.0,42.2,ACTIVE,0.04801494200000889
2026-09-18T07:09:29.809+07:00,5.2515926500000205,4.2_25rpm,25.0,25.0,0,2026-09-18T07:09:27.555+07:00,3.000079473998994,18.866666666666667,0.0,9.433333333333334,6.133333333333333,25.0,42.2,ACTIVE,0.02813489800064417
2026-09-18T07:09:29.836+07:00,5.278387200998623,4.2_25rpm,25.0,25.0,0,2026-09-18T07:09:27.555+07:00,3.000079473998994,0.0,0.0,0.0,25.0,25.0,42.2,ACTIVE,0.026794550998602062
2026-09-18T07:09:29.863+07:00,5.3065981959989585,4.2_25rpm,25.0,25.0,0,2026-09-18T07:09:27.555+07:00,3.000079473998994,0.0,0.0,0.0,25.0,25.0,42.2,ACTIVE,0.02821099500033597
2026-09-18T07:09:29.891+07:00,5.334676708000188,4.2_25rpm,25.0,25.0,0,2026-09-18T07:09:27.555+07:00,3.000079473998994,0.0,0.0,0.0,25.0,25.0,42.2,ACTIVE,0.028078512001229683
2026-09-18T07:09:29.918+07:00,5.361251382999399,4.2_25rpm,25.0,25.0,0,2026-09-18T07:09:27.555+07:00,3.000079473998994,0.0,20.266666666666666,10.133333333333333,25.0,4.733333333333334,42.2,ACTIVE,0.0265746749992104
2026-09-18T07:09:29.945+07:00,5.3885709999995015,4.2_25rpm,25.0,25.0,0,2026-09-18T07:09:27.555+07:00,3.000079473998994,0.0,30.0,15.0,25.0,-5.0,42.2,ACTIVE,0.02731961700010288
2026-09-18T07:09:29.975+07:00,5.418144614999619,4.2_25rpm,25.0,25.0,0,2026-09-18T07:09:27.555+07:00,3.000079473998994,0.0,38.733333333333334,19.366666666666667,25.0,-13.733333333333334,42.2,ACTIVE,0.02957361500011757
2026-09-18T07:09:30.019+07:00,5.462201173999347,4.2_25rpm,25.0,25.0,0,2026-09-18T07:09:27.555+07:00,3.000079473998994,0.0,36.266666666666666,18.133333333333333,25.0,-11.266666666666666,42.2,ACTIVE,0.04405655899972771
2026-09-18T07:09:30.046+07:00,5.48873187999925,4.2_25rpm,25.0,25.0,0,2026-09-18T07:09:27.555+07:00,3.000079473998994,0.0,30.0,15.0,25.0,-5.0,42.2,ACTIVE,0.026530705999903148
2026-09-18T07:09:30.076+07:00,5.5153171780002594,4.2_25rpm,25.0,25.0,0,2026-09-18T07:09:27.555+07:00,3.000079473998994,0.0,30.0,15.0,25.0,-5.0,42.2,ACTIVE,0.026585298001009505
2026-09-18T07:09:30.104+07:00,5.546917744999519,4.2_25rpm,25.0,25.0,0,2026-09-18T07:09:27.555+07:00,3.000079473998994,22.666666666666668,22.466666666666665,22.566666666666666,2.333333333333332,2.533333333333335,42.2,ACTIVE,0.03160056699925917
2026-09-18T07:09:30.130+07:00,5.57310514799974,4.2_25rpm,25.0,25.0,0,2026-09-18T07:09:27.555+07:00,3.000079473998994,26.8,22.466666666666665,24.633333333333333,-1.8000000000000007,2.533333333333335,42.2,ACTIVE,0.02618740300022182
2026-09-18T07:09:30.157+07:00,5.600335322998944,4.2_25rpm,25.0,25.0,0,2026-09-18T07:09:27.555+07:00,3.000079473998994,28.2,22.466666666666665,25.333333333333332,-3.1999999999999993,2.533333333333335,42.2,ACTIVE,0.027230174999203882
2026-09-18T07:09:30.204+07:00,5.64668463199996,4.2_25rpm,25.0,25.0,0,2026-09-18T07:09:27.555+07:00,3.000079473998994,25.266666666666666,22.466666666666665,23.866666666666667,-0.2666666666666657,2.533333333333335,42.2,ACTIVE,0.04634930900101608
2026-09-18T07:09:30.230+07:00,5.672599933999663,4.2_25rpm,25.0,25.0,0,2026-09-18T07:09:27.555+07:00,3.000079473998994,25.266666666666666,22.466666666666665,23.866666666666667,-0.2666666666666657,2.533333333333335,42.2,ACTIVE,0.025915301999702933
2026-09-18T07:09:30.258+07:00,5.7013149069989595,4.2_25rpm,25.0,25.0,0,2026-09-18T07:09:27.555+07:00,3.000079473998994,25.266666666666666,22.466666666666665,23.866666666666667,-0.2666666666666657,2.533333333333335,42.2,ACTIVE,0.02871497299929615
2026-09-18T07:09:30.286+07:00,5.727015643999039,4.2_25rpm,25.0,25.0,0,2026-09-18T07:09:27.555+07:00,3.000079473998994,25.266666666666666,22.466666666666665,23.866666666666667,-0.2666666666666657,2.533333333333335,42.2,ACTIVE,0.025700737000079243
2026-09-18T07:09:30.312+07:00,5.752232658998764,4.2_25rpm,25.0,25.0,0,2026-09-18T07:09:27.555+07:00,3.000079473998994,25.266666666666666,22.466666666666665,23.866666666666667,-0.2666666666666657,2.533333333333335,42.2,ACTIVE,0.025217014999725507
2026-09-18T07:09:30.341+07:00,5.780520711999998,4.2_25rpm,25.0,25.0,0,2026-09-18T07:09:27.555+07:00,3.000079473998994,25.266666666666666,22.466666666666665,23.866666666666667,-0.2666666666666657,2.533333333333335,42.2,ACTIVE,0.028288053001233493
2026-09-18T07:09:30.365+07:00,5.808294290000049,4.2_25rpm,25.0,25.0,0,2026-09-18T07:09:27.555+07:00,3.000079473998994,25.266666666666666,22.466666666666665,23.866666666666667,-0.2666666666666657,2.533333333333335,42.2,ACTIVE,0.027773578000051202
2026-09-18T07:09:30.403+07:00,5.838000642999759,4.2_25rpm,25.0,25.0,0,2026-09-18T07:09:27.555+07:00,3.000079473998994,25.266666666666666,22.466666666666665,23.866666666666667,-0.2666666666666657,2.533333333333335,42.2,ACTIVE,0.02970635299971036
2026-09-18T07:09:30.439+07:00,5.881615049000175,4.2_25rpm,25.0,25.0,0,2026-09-18T07:09:27.555+07:00,3.000079473998994,25.266666666666666,22.466666666666665,23.866666666666667,-0.2666666666666657,2.533333333333335,42.2,ACTIVE,0.04361440600041533
2026-09-18T07:09:30.466+07:00,5.909070572999553,4.2_25rpm,25.0,25.0,0,2026-09-18T07:09:27.555+07:00,3.000079473998994,25.266666666666666,22.466666666666665,23.866666666666667,-0.2666666666666657,2.533333333333335,42.2,ACTIVE,0.027455523999378784
2026-09-18T07:09:30.490+07:00,5.933308048999606,4.2_25rpm,25.0,25.0,0,2026-09-18T07:09:27.555+07:00,3.000079473998994,25.266666666666666,22.466666666666665,23.866666666666667,-0.2666666666666657,2.533333333333335,42.2,ACTIVE,0.024237476000052993
2026-09-18T07:09:30.518+07:00,5.961574117000055,4.2_25rpm,25.0,25.0,0,2026-09-18T07:09:27.555+07:00,3.000079473998994,25.266666666666666,22.466666666666665,23.866666666666667,-0.2666666666666657,2.533333333333335,42.2,ACTIVE,0.028266068000448286
2026-09-18T07:09:30.575+07:00,6.0048878460002015,4.2_25rpm,25.0,25.0,0,2026-09-18T07:09:27.555+07:00,3.000079473998994,25.266666666666666,22.466666666666665,23.866666666666667,-0.2666666666666657,2.533333333333335,42.2,ACTIVE,0.04331372900014685
2026-09-18T07:09:30.608+07:00,6.051133504999598,4.2_25rpm,25.0,25.0,0,2026-09-18T07:09:27.555+07:00,3.000079473998994,25.266666666666666,0.0,12.633333333333333,-0.2666666666666657,25.0,42.2,ACTIVE,0.046245658999396255
2026-09-18T07:09:30.633+07:00,6.076353463999112,4.2_25rpm,25.0,25.0,0,2026-09-18T07:09:27.555+07:00,3.000079473998994,25.266666666666666,0.0,12.633333333333333,-0.2666666666666657,25.0,42.2,ACTIVE,0.025219958999514347
2026-09-18T07:09:30.659+07:00,6.1019799599998805,4.2_25rpm,25.0,25.0,0,2026-09-18T07:09:27.555+07:00,3.000079473998994,25.266666666666666,3.933333333333333,14.6,-0.2666666666666657,21.066666666666666,42.2,ACTIVE,0.025626496000768384
2026-09-18T07:09:30.692+07:00,6.128943921999962,4.2_25rpm,25.0,25.0,0,2026-09-18T07:09:27.555+07:00,3.000079473998994,25.266666666666666,3.933333333333333,14.6,-0.2666666666666657,21.066666666666666,42.2,ACTIVE,0.026963962000081665
2026-09-18T07:09:30.713+07:00,6.156143377000262,4.2_25rpm,25.0,25.0,0,2026-09-18T07:09:27.555+07:00,3.000079473998994,0.0,3.8666666666666667,1.9333333333333333,25.0,21.133333333333333,42.2,ACTIVE,0.027199455000300077
2026-09-18T07:09:30.743+07:00,6.185941124000237,4.2_25rpm,25.0,25.0,0,2026-09-18T07:09:27.555+07:00,3.000079473998994,0.0,3.8,1.9,25.0,21.2,42.2,ACTIVE,0.02979774699997506
2026-09-18T07:09:30.775+07:00,6.213848464998591,4.2_25rpm,25.0,25.0,0,2026-09-18T07:09:27.555+07:00,3.000079473998994,0.0,15.466666666666667,7.733333333333333,25.0,9.533333333333333,42.2,ACTIVE,0.027907340998353902
2026-09-18T07:09:30.796+07:00,6.239833910998641,4.2_25rpm,25.0,25.0,0,2026-09-18T07:09:27.555+07:00,3.000079473998994,3.8666666666666667,22.066666666666666,12.966666666666667,21.133333333333333,2.9333333333333336,42.2,ACTIVE,0.025985446000049706
2026-09-18T07:09:30.825+07:00,6.265953377000187,4.2_25rpm,25.0,25.0,0,2026-09-18T07:09:27.555+07:00,3.000079473998994,3.8,28.333333333333332,16.066666666666666,21.2,-3.333333333333332,42.2,ACTIVE,0.026119466001546243
2026-09-18T07:09:30.855+07:00,6.296270685999843,4.2_25rpm,25.0,25.0,0,2026-09-18T07:09:27.555+07:00,3.000079473998994,3.6666666666666665,38.46666666666667,21.066666666666666,21.333333333333332,-13.466666666666669,42.1,ACTIVE,0.030317308999656234
2026-09-18T07:09:30.888+07:00,6.3308193430002575,4.2_25rpm,25.0,25.0,0,2026-09-18T07:09:27.555+07:00,3.000079473998994,3.6666666666666665,35.06666666666667,19.366666666666667,21.333333333333332,-10.06666666666667,42.1,ACTIVE,0.034548657000414096
2026-09-18T07:09:30.913+07:00,6.356704211999386,4.2_25rpm,25.0,25.0,0,2026-09-18T07:09:27.555+07:00,3.000079473998994,15.133333333333333,30.333333333333332,22.733333333333334,9.866666666666667,-5.333333333333332,42.1,ACTIVE,0.02588486899912823
2026-09-18T07:09:30.940+07:00,6.382415572999889,4.2_25rpm,25.0,25.0,0,2026-09-18T07:09:27.555+07:00,3.000079473998994,17.133333333333333,30.333333333333332,23.733333333333334,7.866666666666667,-5.333333333333332,42.1,ACTIVE,0.02571136100050353
2026-09-18T07:09:30.969+07:00,6.410631527998703,4.2_25rpm,25.0,25.0,0,2026-09-18T07:09:27.555+07:00,3.000079473998994,19.4,30.333333333333332,24.866666666666667,5.600000000000001,-5.333333333333332,42.1,ACTIVE,0.028215954998813686
2026-09-18T07:09:30.995+07:00,6.437518752998585,4.2_25rpm,25.0,25.0,0,2026-09-18T07:09:27.555+07:00,3.000079473998994,22.0,18.533333333333335,20.266666666666666,3.0,6.466666666666665,42.1,ACTIVE,0.026887224999882164
2026-09-18T07:09:31.024+07:00,6.46696158099985,4.2_25rpm,25.0,25.0,0,2026-09-18T07:09:27.555+07:00,3.000079473998994,23.8,0.0,11.9,1.1999999999999993,25.0,42.1,ACTIVE,0.029442828001265298
2026-09-18T07:09:31.075+07:00,6.513555502999225,4.2_25rpm,25.0,25.0,0,2026-09-18T07:09:27.555+07:00,3.000079473998994,23.8,0.0,11.9,1.1999999999999993,25.0,42.1,ACTIVE,0.04659392199937429
2026-09-18T07:09:31.096+07:00,6.539947100998688,4.2_25rpm,25.0,25.0,0,2026-09-18T07:09:27.555+07:00,3.000079473998994,23.8,0.0,11.9,1.1999999999999993,25.0,42.1,ACTIVE,0.026391597999463556
2026-09-18T07:09:31.126+07:00,6.568447317999016,4.2_25rpm,25.0,25.0,0,2026-09-18T07:09:27.555+07:00,3.000079473998994,23.8,0.0,11.9,1.1999999999999993,25.0,42.1,ACTIVE,0.02850021700032812
2026-09-18T07:09:31.159+07:00,6.595778711000094,4.2_25rpm,25.0,25.0,0,2026-09-18T07:09:27.555+07:00,3.000079473998994,23.8,0.0,11.9,1.1999999999999993,25.0,42.1,ACTIVE,0.02733139300107723
2026-09-18T07:09:31.187+07:00,6.622763121999014,4.2_25rpm,25.0,25.0,0,2026-09-18T07:09:27.555+07:00,3.000079473998994,23.8,32.6,28.200000000000003,1.1999999999999993,-7.600000000000001,42.1,ACTIVE,0.026984410998920794
2026-09-18T07:09:31.209+07:00,6.652833258000101,4.2_25rpm,25.0,25.0,0,2026-09-18T07:09:27.555+07:00,3.000079473998994,23.8,43.0,33.4,1.1999999999999993,-18.0,42.1,ACTIVE,0.030070136001086212
2026-09-18T07:09:31.236+07:00,6.679151542999534,4.2_25rpm,25.0,25.0,0,2026-09-18T07:09:27.555+07:00,3.000079473998994,23.8,41.13333333333333,32.46666666666667,1.1999999999999993,-16.133333333333333,42.1,ACTIVE,0.026318284999433672
2026-09-18T07:09:31.264+07:00,6.707144582000183,4.2_25rpm,25.0,25.0,0,2026-09-18T07:09:27.555+07:00,3.000079473998994,23.8,34.46666666666667,29.133333333333333,1.1999999999999993,-9.466666666666669,42.1,ACTIVE,0.027993039000648423
2026-09-18T07:09:31.309+07:00,6.751879747000203,4.2_25rpm,25.0,25.0,0,2026-09-18T07:09:27.555+07:00,3.000079473998994,23.8,27.466666666666665,25.633333333333333,1.1999999999999993,-2.466666666666665,42.1,ACTIVE,0.04473516500002006
2026-09-18T07:09:31.339+07:00,6.778961502999664,4.2_25rpm,25.0,25.0,0,2026-09-18T07:09:27.555+07:00,3.000079473998994,23.8,27.466666666666665,25.633333333333333,1.1999999999999993,-2.466666666666665,42.1,ACTIVE,0.027081755999461166
2026-09-18T07:09:31.361+07:00,6.8044213709999894,4.2_25rpm,25.0,25.0,0,2026-09-18T07:09:27.555+07:00,3.000079473998994,23.8,27.466666666666665,25.633333333333333,1.1999999999999993,-2.466666666666665,42.1,ACTIVE,0.025459868000325514
2026-09-18T07:09:31.390+07:00,6.832915155999217,4.2_25rpm,25.0,25.0,0,2026-09-18T07:09:27.555+07:00,3.000079473998994,23.8,27.466666666666665,25.633333333333333,1.1999999999999993,-2.466666666666665,42.1,ACTIVE,0.0284937849992275
2026-09-18T07:09:31.417+07:00,6.86041711299913,4.2_25rpm,25.0,25.0,0,2026-09-18T07:09:27.555+07:00,3.000079473998994,23.8,27.466666666666665,25.633333333333333,1.1999999999999993,-2.466666666666665,42.1,ACTIVE,0.02750195699991309
2026-09-18T07:09:31.461+07:00,6.90487454399954,4.2_25rpm,25.0,25.0,0,2026-09-18T07:09:27.555+07:00,3.000079473998994,23.8,27.466666666666665,25.633333333333333,1.1999999999999993,-2.466666666666665,42.1,ACTIVE,0.04445743100041
2026-09-18T07:09:31.492+07:00,6.935023497999282,4.2_25rpm,25.0,25.0,0,2026-09-18T07:09:27.555+07:00,3.000079473998994,23.8,27.466666666666665,25.633333333333333,1.1999999999999993,-2.466666666666665,42.1,ACTIVE,0.030148953999741934
2026-09-18T07:09:31.516+07:00,6.959669428999405,4.2_25rpm,25.0,25.0,0,2026-09-18T07:09:27.555+07:00,3.000079473998994,0.0,27.466666666666665,13.733333333333333,25.0,-2.466666666666665,42.1,ACTIVE,0.0246459310001228
2026-09-18T07:09:31.547+07:00,6.990761154000211,4.2_25rpm,25.0,25.0,0,2026-09-18T07:09:27.555+07:00,3.000079473998994,0.0,27.466666666666665,13.733333333333333,25.0,-2.466666666666665,42.1,ACTIVE,0.031091725000806036
2026-09-18T07:09:31.576+07:00,7.019038869999349,4.2_25rpm,25.0,25.0,0,2026-09-18T07:09:27.555+07:00,3.000079473998994,4.0,27.466666666666665,15.733333333333333,21.0,-2.466666666666665,42.1,ACTIVE,0.02827771599913831
2026-09-18T07:09:31.602+07:00,7.045461957999578,4.2_25rpm,25.0,25.0,0,2026-09-18T07:09:27.555+07:00,3.000079473998994,4.0,27.466666666666665,15.733333333333333,21.0,-2.466666666666665,42.1,ACTIVE,0.026423088000228745
2026-09-18T07:09:31.630+07:00,7.072778886999004,4.2_25rpm,25.0,25.0,0,2026-09-18T07:09:27.555+07:00,3.000079473998994,4.0,27.466666666666665,15.733333333333333,21.0,-2.466666666666665,42.1,ACTIVE,0.027316928999425727
2026-09-18T07:09:31.658+07:00,7.100186281999413,4.2_25rpm,25.0,25.0,0,2026-09-18T07:09:27.555+07:00,3.000079473998994,4.0,27.466666666666665,15.733333333333333,21.0,-2.466666666666665,42.1,ACTIVE,0.02740739500040945
2026-09-18T07:09:31.685+07:00,7.127554507998866,4.2_25rpm,25.0,25.0,0,2026-09-18T07:09:27.555+07:00,3.000079473998994,4.0,27.466666666666665,15.733333333333333,21.0,-2.466666666666665,42.2,ACTIVE,0.02736822599945299
2026-09-18T07:09:31.715+07:00,7.157675237000149,4.2_25rpm,25.0,25.0,0,2026-09-18T07:09:27.555+07:00,3.000079473998994,4.0,27.466666666666665,15.733333333333333,21.0,-2.466666666666665,42.2,ACTIVE,0.030120729001282598
2026-09-18T07:09:31.762+07:00,7.202261566999368,4.2_25rpm,25.0,25.0,0,2026-09-18T07:09:27.555+07:00,3.000079473998994,4.0,27.466666666666665,15.733333333333333,21.0,-2.466666666666665,42.2,ACTIVE,0.04458632999921974
2026-09-18T07:09:31.788+07:00,7.228185219999432,4.2_25rpm,25.0,25.0,0,2026-09-18T07:09:27.555+07:00,3.000079473998994,4.0,27.466666666666665,15.733333333333333,21.0,-2.466666666666665,42.2,ACTIVE,0.025923653000063496
2026-09-18T07:09:31.811+07:00,7.253868612999213,4.2_25rpm,25.0,25.0,0,2026-09-18T07:09:27.555+07:00,3.000079473998994,4.0,0.0,2.0,21.0,25.0,42.2,ACTIVE,0.025683392999781063
2026-09-18T07:09:31.838+07:00,7.280303155999718,4.2_25rpm,25.0,25.0,0,2026-09-18T07:09:27.555+07:00,3.000079473998994,4.0,0.0,2.0,21.0,25.0,42.2,ACTIVE,0.026434543000505073
2026-09-18T07:09:31.866+07:00,7.307998940999823,4.2_25rpm,25.0,25.0,0,2026-09-18T07:09:27.555+07:00,3.000079473998994,4.0,0.0,2.0,21.0,25.0,42.2,ACTIVE,0.02769578500010539
2026-09-18T07:09:31.902+07:00,7.344832763999875,4.2_25rpm,25.0,25.0,0,2026-09-18T07:09:27.555+07:00,3.000079473998994,2.8,4.066666666666666,3.433333333333333,22.2,20.933333333333334,42.2,ACTIVE,0.03683382300005178
2026-09-18T07:09:31.943+07:00,7.384912315999827,4.2_25rpm,25.0,25.0,0,2026-09-18T07:09:27.555+07:00,3.000079473998994,2.8,3.8666666666666667,3.333333333333333,22.2,21.133333333333333,42.2,ACTIVE,0.040079551999951946
2026-09-18T07:09:31.966+07:00,7.409817804998966,4.2_25rpm,25.0,25.0,0,2026-09-18T07:09:27.555+07:00,3.000079473998994,2.8,3.8,3.3,22.2,21.2,42.2,ACTIVE,0.02490548899913847
2026-09-18T07:09:31.996+07:00,7.4391845669997565,4.2_25rpm,25.0,25.0,0,2026-09-18T07:09:27.555+07:00,3.000079473998994,2.6,18.333333333333332,10.466666666666667,22.4,6.666666666666668,42.2,ACTIVE,0.029366762000790914
2026-09-18T07:09:32.021+07:00,7.464434702998915,4.2_25rpm,25.0,25.0,0,2026-09-18T07:09:27.555+07:00,3.000079473998994,2.533333333333333,29.6,16.066666666666666,22.46666666666667,-4.600000000000001,42.1,ACTIVE,0.025250135999158374
2026-09-18T07:09:32.059+07:00,7.5018885059998865,4.2_25rpm,25.0,25.0,0,2026-09-18T07:09:27.555+07:00,3.000079473998994,5.066666666666666,43.666666666666664,24.366666666666667,19.933333333333334,-18.666666666666664,42.2,ACTIVE,0.037453803000971675
2026-09-18T07:09:32.094+07:00,7.5366782559995045,4.2_25rpm,25.0,25.0,0,2026-09-18T07:09:27.555+07:00,3.000079473998994,10.466666666666667,41.666666666666664,26.066666666666666,14.533333333333333,-16.666666666666664,42.2,ACTIVE,0.034789749999617925
2026-09-18T07:09:32.115+07:00,7.558155452999927,4.2_25rpm,25.0,25.0,0,2026-09-18T07:09:27.555+07:00,3.000079473998994,18.066666666666666,38.733333333333334,28.4,6.933333333333334,-13.733333333333334,42.1,ACTIVE,0.021477197000422166
2026-09-18T07:09:32.150+07:00,7.591863644998739,4.2_25rpm,25.0,25.0,0,2026-09-18T07:09:27.555+07:00,3.000079473998994,24.4,30.6,27.5,0.6000000000000014,-5.600000000000001,42.1,ACTIVE,0.033708191998812254
2026-09-18T07:09:32.176+07:00,7.618861527998888,4.2_25rpm,25.0,25.0,0,2026-09-18T07:09:27.555+07:00,3.000079473998994,24.933333333333334,30.6,27.766666666666666,0.06666666666666643,-5.600000000000001,42.1,ACTIVE,0.02699788300014916
2026-09-18T07:09:32.202+07:00,7.645598733999577,4.2_25rpm,25.0,25.0,0,2026-09-18T07:09:27.555+07:00,3.000079473998994,24.933333333333334,30.6,27.766666666666666,0.06666666666666643,-5.600000000000001,42.1,ACTIVE,0.026737206000689184
2026-09-18T07:09:32.231+07:00,7.673654332998922,4.2_25rpm,25.0,25.0,0,2026-09-18T07:09:27.555+07:00,3.000079473998994,21.533333333333335,21.4,21.46666666666667,3.466666666666665,3.6000000000000014,42.1,ACTIVE,0.02805559899934451
2026-09-18T07:09:32.259+07:00,7.701982994998616,4.2_25rpm,25.0,25.0,0,2026-09-18T07:09:27.555+07:00,3.000079473998994,21.533333333333335,21.4,21.46666666666667,3.466666666666665,3.6000000000000014,42.1,ACTIVE,0.028328661999694305
2026-09-18T07:09:32.284+07:00,7.726899011999194,4.2_25rpm,25.0,25.0,0,2026-09-18T07:09:27.555+07:00,3.000079473998994,21.533333333333335,21.4,21.46666666666667,3.466666666666665,3.6000000000000014,42.2,ACTIVE,0.024916017000577995
2026-09-18T07:09:32.313+07:00,7.756258030000026,4.2_25rpm,25.0,25.0,0,2026-09-18T07:09:27.555+07:00,3.000079473998994,21.533333333333335,21.4,21.46666666666667,3.466666666666665,3.6000000000000014,42.2,ACTIVE,0.029359018000832293
2026-09-18T07:09:32.363+07:00,7.805588678000277,4.2_25rpm,25.0,25.0,0,2026-09-18T07:09:27.555+07:00,3.000079473998994,21.533333333333335,12.4,16.96666666666667,3.466666666666665,12.6,42.2,ACTIVE,0.04933064800025022
2026-09-18T07:09:32.385+07:00,7.827438970000003,4.2_25rpm,25.0,25.0,0,2026-09-18T07:09:27.555+07:00,3.000079473998994,21.533333333333335,12.4,16.96666666666667,3.466666666666665,12.6,42.2,ACTIVE,0.021850291999726323
2026-09-18T07:09:32.412+07:00,7.854414227998859,4.2_25rpm,25.0,25.0,0,2026-09-18T07:09:27.555+07:00,3.000079473998994,21.533333333333335,12.4,16.96666666666667,3.466666666666665,12.6,42.2,ACTIVE,0.02697525799885625
2026-09-18T07:09:32.437+07:00,7.880921252999542,4.2_25rpm,25.0,25.0,0,2026-09-18T07:09:27.555+07:00,3.000079473998994,21.533333333333335,12.4,16.96666666666667,3.466666666666665,12.6,42.2,ACTIVE,0.026507025000682916
2026-09-18T07:09:32.465+07:00,7.908031873999789,4.2_25rpm,25.0,25.0,0,2026-09-18T07:09:27.555+07:00,3.000079473998994,21.533333333333335,8.333333333333334,14.933333333333334,3.466666666666665,16.666666666666664,42.2,ACTIVE,0.027110621000247193
2026-09-18T07:09:32.508+07:00,7.951566439000089,4.2_25rpm,25.0,25.0,0,2026-09-18T07:09:27.555+07:00,3.000079473998994,21.533333333333335,7.733333333333333,14.633333333333335,3.466666666666665,17.266666666666666,42.2,ACTIVE,0.04353456500030006
2026-09-18T07:09:32.535+07:00,7.977787249999892,4.2_25rpm,25.0,25.0,0,2026-09-18T07:09:27.555+07:00,3.000079473998994,21.533333333333335,8.333333333333334,14.933333333333334,3.466666666666665,16.666666666666664,42.2,ACTIVE,0.02622081099980278
2026-09-18T07:09:32.562+07:00,8.004706762998467,4.2_25rpm,25.0,25.0,0,2026-09-18T07:09:27.555+07:00,3.000079473998994,21.533333333333335,11.4,16.46666666666667,3.466666666666665,13.6,42.2,ACTIVE,0.026919512998574646
2026-09-18T07:09:32.591+07:00,8.033264548999796,4.2_25rpm,25.0,25.0,0,2026-09-18T07:09:27.555+07:00,3.000079473998994,21.533333333333335,28.533333333333335,25.033333333333335,3.466666666666665,-3.533333333333335,42.2,ACTIVE,0.028557786001329077
2026-09-18T07:09:32.616+07:00,8.05986859999939,4.2_25rpm,25.0,25.0,0,2026-09-18T07:09:27.555+07:00,3.000079473998994,21.533333333333335,33.0,27.266666666666666,3.466666666666665,-8.0,42.2,ACTIVE,0.02660405099959462
2026-09-18T07:09:32.645+07:00,8.088923483999679,4.2_25rpm,25.0,25.0,0,2026-09-18T07:09:27.555+07:00,3.000079473998994,21.533333333333335,37.0,29.266666666666666,3.466666666666665,-12.0,42.2,ACTIVE,0.02905488400028844
2026-09-18T07:09:32.679+07:00,8.122723741998925,4.2_25rpm,25.0,25.0,0,2026-09-18T07:09:27.555+07:00,3.000079473998994,21.533333333333335,34.4,27.96666666666667,3.466666666666665,-9.399999999999999,42.2,ACTIVE,0.03380025799924624
2026-09-18T07:09:32.719+07:00,8.162411541999973,4.2_25rpm,25.0,25.0,0,2026-09-18T07:09:27.555+07:00,3.000079473998994,0.0,30.733333333333334,15.366666666666667,25.0,-5.733333333333334,42.2,ACTIVE,0.039687800001047435
2026-09-18T07:09:32.750+07:00,8.191098321998652,4.2_25rpm,25.0,25.0,0,2026-09-18T07:09:27.555+07:00,3.000079473998994,0.0,26.8,13.4,25.0,-1.8000000000000007,42.2,ACTIVE,0.028686779998679413
2026-09-18T07:09:32.775+07:00,8.218531349999466,4.2_25rpm,25.0,25.0,0,2026-09-18T07:09:27.555+07:00,3.000079473998994,0.0,20.733333333333334,10.366666666666667,25.0,4.266666666666666,42.2,ACTIVE,0.027433028000814375
2026-09-18T07:09:32.804+07:00,8.246455554999557,4.2_25rpm,25.0,25.0,0,2026-09-18T07:09:27.555+07:00,3.000079473998994,3.933333333333333,20.733333333333334,12.333333333333334,21.066666666666666,4.266666666666666,42.2,ACTIVE,0.027924205000090296
2026-09-18T07:09:32.833+07:00,8.273284154000066,4.2_25rpm,25.0,25.0,0,2026-09-18T07:09:27.555+07:00,3.000079473998994,3.933333333333333,20.733333333333334,12.333333333333334,21.066666666666666,4.266666666666666,42.2,ACTIVE,0.026828599000509712
2026-09-18T07:09:32.861+07:00,8.301531949999116,4.2_25rpm,25.0,25.0,0,2026-09-18T07:09:27.555+07:00,3.000079473998994,3.8,15.733333333333333,9.766666666666666,21.2,9.266666666666667,42.2,ACTIVE,0.02824779599905014
2026-09-18T07:09:32.886+07:00,8.328500007999537,4.2_25rpm,25.0,25.0,0,2026-09-18T07:09:27.555+07:00,3.000079473998994,3.7333333333333334,13.933333333333334,8.833333333333334,21.266666666666666,11.066666666666666,42.2,ACTIVE,0.02696805800042057
2026-09-18T07:09:32.931+07:00,8.371104121999451,4.2_25rpm,25.0,25.0,0,2026-09-18T07:09:27.555+07:00,3.000079473998994,3.7333333333333334,13.333333333333334,8.533333333333333,21.266666666666666,11.666666666666666,42.2,ACTIVE,0.04260411399991426
2026-09-18T07:09:32.958+07:00,8.400141340998744,4.2_25rpm,25.0,25.0,0,2026-09-18T07:09:27.555+07:00,3.000079473998994,14.733333333333333,14.533333333333333,14.633333333333333,10.266666666666667,10.466666666666667,42.2,ACTIVE,0.029037218999292236
2026-09-18T07:09:32.990+07:00,8.429656489999616,4.2_25rpm,25.0,25.0,0,2026-09-18T07:09:27.555+07:00,3.000079473998994,16.533333333333335,18.6,17.56666666666667,8.466666666666665,6.399999999999999,42.2,ACTIVE,0.029515149000872043
2026-09-18T07:09:33.011+07:00,8.453558567000073,4.2_25rpm,25.0,25.0,0,2026-09-18T07:09:27.555+07:00,3.000079473998994,18.066666666666666,22.733333333333334,20.4,6.933333333333334,2.2666666666666657,42.2,ACTIVE,0.02390207700045721
2026-09-18T07:09:33.039+07:00,8.480679395999687,4.2_25rpm,25.0,25.0,0,2026-09-18T07:09:27.555+07:00,3.000079473998994,18.066666666666666,26.333333333333332,22.2,6.933333333333334,-1.3333333333333321,42.2,ACTIVE,0.027120828999613877
2026-09-18T07:09:33.068+07:00,8.511480138999104,4.2_25rpm,25.0,25.0,0,2026-09-18T07:09:27.555+07:00,3.000079473998994,18.933333333333334,28.933333333333334,23.933333333333334,6.066666666666666,-3.9333333333333336,42.2,ACTIVE,0.030800742999417707
2026-09-18T07:09:33.114+07:00,8.556987158999618,4.2_25rpm,25.0,25.0,0,2026-09-18T07:09:27.555+07:00,3.000079473998994,18.933333333333334,27.933333333333334,23.433333333333334,6.066666666666666,-2.9333333333333336,42.2,ACTIVE,0.045507020000513876
2026-09-18T07:09:33.141+07:00,8.584052498999881,4.2_25rpm,25.0,25.0,0,2026-09-18T07:09:27.555+07:00,3.000079473998994,18.933333333333334,27.6,23.266666666666666,6.066666666666666,-2.6000000000000014,42.2,ACTIVE,0.02706534000026295
2026-09-18T07:09:33.170+07:00,8.612590091999664,4.2_25rpm,25.0,25.0,0,2026-09-18T07:09:27.555+07:00,3.000079473998994,18.933333333333334,25.133333333333333,22.03333333333333,6.066666666666666,-0.13333333333333286,42.2,ACTIVE,0.028537592999782646
2026-09-18T07:09:33.195+07:00,8.63842699199995,4.2_25rpm,25.0,25.0,0,2026-09-18T07:09:27.555+07:00,3.000079473998994,18.933333333333334,22.333333333333332,20.633333333333333,6.066666666666666,2.666666666666668,42.2,ACTIVE,0.025836900000285823
2026-09-18T07:09:33.222+07:00,8.665164804999222,4.2_25rpm,25.0,25.0,0,2026-09-18T07:09:27.555+07:00,3.000079473998994,18.933333333333334,22.333333333333332,20.633333333333333,6.066666666666666,2.666666666666668,42.2,ACTIVE,0.026737812999272137
2026-09-18T07:09:33.252+07:00,8.692535622998548,4.2_25rpm,25.0,25.0,0,2026-09-18T07:09:27.555+07:00,3.000079473998994,18.933333333333334,19.666666666666668,19.3,6.066666666666666,5.333333333333332,42.2,ACTIVE,0.02737081799932639
2026-09-18T07:09:33.277+07:00,8.720310769000207,4.2_25rpm,25.0,25.0,0,2026-09-18T07:09:27.555+07:00,3.000079473998994,18.933333333333334,17.733333333333334,18.333333333333336,6.066666666666666,7.266666666666666,42.2,ACTIVE,0.027775146001658868
2026-09-18T07:09:33.312+07:00,8.747088102998532,4.2_25rpm,25.0,25.0,0,2026-09-18T07:09:27.555+07:00,3.000079473998994,18.933333333333334,17.266666666666666,18.1,6.066666666666666,7.733333333333334,42.2,ACTIVE,0.026777333998325048
2026-09-18T07:09:33.357+07:00,8.796466239999063,4.2_25rpm,25.0,25.0,0,2026-09-18T07:09:27.555+07:00,3.000079473998994,18.933333333333334,18.466666666666665,18.7,6.066666666666666,6.533333333333335,42.2,ACTIVE,0.04937813700053084
2026-09-18T07:09:33.381+07:00,8.823274135000247,4.2_25rpm,25.0,25.0,0,2026-09-18T07:09:27.555+07:00,3.000079473998994,18.933333333333334,20.133333333333333,19.53333333333333,6.066666666666666,4.866666666666667,42.2,ACTIVE,0.02680789500118408
2026-09-18T07:09:33.407+07:00,8.850265361999845,4.2_25rpm,25.0,25.0,0,2026-09-18T07:09:27.555+07:00,3.000079473998994,18.933333333333334,22.2,20.566666666666666,6.066666666666666,2.8000000000000007,42.2,ACTIVE,0.02699122699959844
2026-09-18T07:09:33.434+07:00,8.87709568900027,4.2_25rpm,25.0,25.0,0,2026-09-18T07:09:27.555+07:00,3.000079473998994,18.933333333333334,24.533333333333335,21.733333333333334,6.066666666666666,0.466666666666665,42.2,ACTIVE,0.026830327000425314
2026-09-18T07:09:33.463+07:00,8.905966729000284,4.2_25rpm,25.0,25.0,0,2026-09-18T07:09:27.555+07:00,3.000079473998994,18.933333333333334,24.933333333333334,21.933333333333334,6.066666666666666,0.06666666666666643,42.2,ACTIVE,0.028871040000012727
2026-09-18T07:09:33.490+07:00,8.933003395999549,4.2_25rpm,25.0,25.0,0,2026-09-18T07:09:27.555+07:00,3.000079473998994,18.933333333333334,27.266666666666666,23.1,6.066666666666666,-2.2666666666666657,42.2,ACTIVE,0.027036666999265435
2026-09-18T07:09:33.516+07:00,8.95929691299898,4.2_25rpm,25.0,25.0,0,2026-09-18T07:09:27.555+07:00,3.000079473998994,18.933333333333334,26.933333333333334,22.933333333333334,6.066666666666666,-1.9333333333333336,42.2,ACTIVE,0.02629351699943072
2026-09-18T07:09:33.544+07:00,8.98771091999879,4.2_25rpm,25.0,25.0,0,2026-09-18T07:09:27.555+07:00,3.000079473998994,0.0,26.6,13.3,25.0,-1.6000000000000014,42.2,ACTIVE,0.028414006999810226
2026-09-18T07:09:33.593+07:00,9.035822375999487,4.2_25rpm,25.0,25.0,0,2026-09-18T07:09:27.555+07:00,3.000079473998994,0.0,25.6,12.8,25.0,-0.6000000000000014,42.2,ACTIVE,0.04811145600069722
2026-09-18T07:09:33.621+07:00,9.060653270998955,4.2_25rpm,25.0,25.0,0,2026-09-18T07:09:27.555+07:00,3.000079473998994,0.0,23.466666666666665,11.733333333333333,25.0,1.533333333333335,42.2,ACTIVE,0.024830894999468
2026-09-18T07:09:33.645+07:00,9.088579459999892,4.2_25rpm,25.0,25.0,0,2026-09-18T07:09:27.555+07:00,3.000079473998994,3.8,21.666666666666668,12.733333333333334,21.2,3.333333333333332,42.2,ACTIVE,0.027926189000936574
2026-09-18T07:09:33.673+07:00,9.114795438999863,4.2_25rpm,25.0,25.0,0,2026-09-18T07:09:27.555+07:00,3.000079473998994,3.8,21.066666666666666,12.433333333333334,21.2,3.9333333333333336,42.2,ACTIVE,0.026215978999971412
2026-09-18T07:09:33.699+07:00,9.142015213999912,4.2_25rpm,25.0,25.0,0,2026-09-18T07:09:27.555+07:00,3.000079473998994,3.8,20.733333333333334,12.266666666666667,21.2,4.266666666666666,42.2,ACTIVE,0.027219775000048685
2026-09-18T07:09:33.726+07:00,9.168903462999879,4.2_25rpm,25.0,25.0,0,2026-09-18T07:09:27.555+07:00,3.000079473998994,3.6,20.733333333333334,12.166666666666668,21.4,4.266666666666666,42.2,ACTIVE,0.02688824899996689
2026-09-18T07:09:33.755+07:00,9.197927017999973,4.2_25rpm,25.0,25.0,0,2026-09-18T07:09:27.555+07:00,3.000079473998994,3.533333333333333,20.933333333333334,12.233333333333334,21.46666666666667,4.066666666666666,42.2,ACTIVE,0.029023555000094348
2026-09-18T07:09:33.800+07:00,9.2428340259994,4.2_25rpm,25.0,25.0,0,2026-09-18T07:09:27.555+07:00,3.000079473998994,3.466666666666667,22.533333333333335,13.0,21.53333333333333,2.466666666666665,42.2,ACTIVE,0.04490700799942715
2026-09-18T07:09:33.827+07:00,9.26982630800012,4.2_25rpm,25.0,25.0,0,2026-09-18T07:09:27.555+07:00,3.000079473998994,12.333333333333334,23.133333333333333,17.733333333333334,12.666666666666666,1.8666666666666671,42.2,ACTIVE,0.02699228200071957
2026-09-18T07:09:33.853+07:00,9.295630054999492,4.2_25rpm,25.0,25.0,0,2026-09-18T07:09:27.555+07:00,3.000079473998994,15.933333333333334,24.066666666666666,20.0,9.066666666666666,0.9333333333333336,42.2,ACTIVE,0.02580374699937238
2026-09-18T07:09:33.878+07:00,9.320457910000187,4.2_25rpm,25.0,25.0,0,2026-09-18T07:09:27.555+07:00,3.000079473998994,17.933333333333334,23.8,20.866666666666667,7.066666666666666,1.1999999999999993,42.2,ACTIVE,0.0248278550006944
2026-09-18T07:09:33.908+07:00,9.348563398998522,4.2_25rpm,25.0,25.0,0,2026-09-18T07:09:27.555+07:00,3.000079473998994,19.2,23.266666666666666,21.233333333333334,5.800000000000001,1.7333333333333343,42.2,ACTIVE,0.028105488998335204
2026-09-18T07:09:33.934+07:00,9.377290532000188,4.2_25rpm,25.0,25.0,0,2026-09-18T07:09:27.555+07:00,3.000079473998994,19.2,22.933333333333334,21.066666666666666,5.800000000000001,2.0666666666666664,42.2,ACTIVE,0.028727133001666516
2026-09-18T07:09:33.966+07:00,9.40647895499933,4.2_25rpm,25.0,25.0,0,2026-09-18T07:09:27.555+07:00,3.000079473998994,17.866666666666667,22.066666666666666,19.96666666666667,7.133333333333333,2.9333333333333336,42.2,ACTIVE,0.02918842299914104
2026-09-18T07:09:33.997+07:00,9.438533833999827,4.2_25rpm,25.0,25.0,0,2026-09-18T07:09:27.555+07:00,3.000079473998994,17.866666666666667,22.0,19.933333333333334,7.133333333333333,3.0,42.2,ACTIVE,0.03205487900049775
2026-09-18T07:09:34.025+07:00,9.467836242998601,4.2_25rpm,25.0,25.0,0,2026-09-18T07:09:27.555+07:00,3.000079473998994,17.866666666666667,22.6,20.233333333333334,7.133333333333333,2.3999999999999986,42.2,ACTIVE,0.0293024089987739
2026-09-18T07:09:34.060+07:00,9.502683689999685,4.2_25rpm,25.0,25.0,0,2026-09-18T07:09:27.555+07:00,3.000079473998994,13.133333333333333,22.933333333333334,18.03333333333333,11.866666666666667,2.0666666666666664,42.2,ACTIVE,0.03484744700108422
2026-09-18T07:09:34.097+07:00,9.540648734999195,4.2_25rpm,25.0,25.0,0,2026-09-18T07:09:27.555+07:00,3.000079473998994,12.066666666666666,22.533333333333335,17.3,12.933333333333334,2.466666666666665,42.2,ACTIVE,0.0379650449995097
2026-09-18T07:09:34.124+07:00,9.567681337999602,4.2_25rpm,25.0,25.0,0,2026-09-18T07:09:27.555+07:00,3.000079473998994,12.066666666666666,22.066666666666666,17.066666666666666,12.933333333333334,2.9333333333333336,42.2,ACTIVE,0.027032603000407107
2026-09-18T07:09:34.151+07:00,9.594672052999158,4.2_25rpm,25.0,25.0,0,2026-09-18T07:09:27.555+07:00,3.000079473998994,12.066666666666666,21.333333333333332,16.7,12.933333333333334,3.666666666666668,42.2,ACTIVE,0.026990714999556076
2026-09-18T07:09:34.178+07:00,9.621238502999404,4.2_25rpm,25.0,25.0,0,2026-09-18T07:09:27.555+07:00,3.000079473998994,12.6,21.066666666666666,16.833333333333332,12.4,3.9333333333333336,42.1,ACTIVE,0.026566450000245823
2026-09-18T07:09:34.207+07:00,9.650773363999178,4.2_25rpm,25.0,25.0,0,2026-09-18T07:09:27.555+07:00,3.000079473998994,12.6,22.066666666666666,17.333333333333332,12.4,2.9333333333333336,42.1,ACTIVE,0.029534860999774537
2026-09-18T07:09:34.236+07:00,9.679632530998788,4.2_25rpm,25.0,25.0,0,2026-09-18T07:09:27.555+07:00,3.000079473998994,12.6,22.666666666666668,17.633333333333333,12.4,2.333333333333332,42.2,ACTIVE,0.028859166999609442
2026-09-18T07:09:34.266+07:00,9.709445861999484,4.2_25rpm,25.0,25.0,0,2026-09-18T07:09:27.555+07:00,3.000079473998994,12.6,22.866666666666667,17.733333333333334,12.4,2.133333333333333,42.1,ACTIVE,0.029813331000696053
2026-09-18T07:09:34.318+07:00,9.76165621600012,4.2_25rpm,25.0,25.0,0,2026-09-18T07:09:27.555+07:00,3.000079473998994,12.6,22.2,17.4,12.4,2.8000000000000007,42.2,ACTIVE,0.05221035400063556
2026-09-18T07:09:34.344+07:00,9.786153248000119,4.2_25rpm,25.0,25.0,0,2026-09-18T07:09:27.555+07:00,3.000079473998994,12.6,22.2,17.4,12.4,2.8000000000000007,42.1,ACTIVE,0.024497031999999308
2026-09-18T07:09:34.375+07:00,9.817643795999174,4.2_25rpm,25.0,25.0,0,2026-09-18T07:09:27.555+07:00,3.000079473998994,12.6,22.933333333333334,17.766666666666666,12.4,2.0666666666666664,42.1,ACTIVE,0.03149054799905571
2026-09-18T07:09:34.400+07:00,9.843437174999053,4.2_25rpm,25.0,25.0,0,2026-09-18T07:09:27.555+07:00,3.000079473998994,12.6,22.933333333333334,17.766666666666666,12.4,2.0666666666666664,42.2,ACTIVE,0.02579337899987877
2026-09-18T07:09:34.435+07:00,9.877709986998525,4.2_25rpm,25.0,25.0,0,2026-09-18T07:09:27.555+07:00,3.000079473998994,12.6,23.2,17.9,12.4,1.8000000000000007,42.2,ACTIVE,0.03427281199947174
2026-09-18T07:09:34.458+07:00,9.901727009999377,4.2_25rpm,25.0,25.0,0,2026-09-18T07:09:27.555+07:00,3.000079473998994,6.266666666666667,23.2,14.733333333333333,18.733333333333334,1.8000000000000007,42.2,ACTIVE,0.024017023000851623
2026-09-18T07:09:34.486+07:00,9.929022369999075,4.2_25rpm,25.0,25.0,0,2026-09-18T07:09:27.555+07:00,3.000079473998994,6.266666666666667,23.533333333333335,14.9,18.733333333333334,1.466666666666665,42.1,ACTIVE,0.02729535999969812
2026-09-18T07:09:34.517+07:00,9.960405907999302,4.2_25rpm,25.0,25.0,0,2026-09-18T07:09:27.555+07:00,3.000079473998994,6.266666666666667,22.933333333333334,14.6,18.733333333333334,2.0666666666666664,42.1,ACTIVE,0.03138353800022742
2026-09-18T07:09:34.546+07:00,9.986331288999281,4.2_25rpm,25.0,25.0,0,2026-09-18T07:09:27.555+07:00,3.000079473998994,6.266666666666667,24.066666666666666,15.166666666666666,18.733333333333334,0.9333333333333336,42.2,ACTIVE,0.025925380999979097
2026-09-18T07:09:34.576+07:00,10.01739318899854,4.2_25rpm,25.0,25.0,0,2026-09-18T07:09:27.555+07:00,3.000079473998994,5.466666666666667,24.266666666666666,14.866666666666667,19.53333333333333,0.7333333333333343,42.2,ACTIVE,0.031061899999258458
2026-09-18T07:09:34.617+07:00,10.05958977499904,4.2_25rpm,25.0,25.0,0,2026-09-18T07:09:27.555+07:00,3.000079473998994,5.333333333333333,24.466666666666665,14.899999999999999,19.666666666666668,0.533333333333335,42.2,ACTIVE,0.04219658600050025
2026-09-18T07:09:34.643+07:00,10.085282702999393,4.2_25rpm,25.0,25.0,0,2026-09-18T07:09:27.555+07:00,3.000079473998994,5.533333333333333,25.333333333333332,15.433333333333334,19.46666666666667,-0.33333333333333215,42.2,ACTIVE,0.025692928000353277
2026-09-18T07:09:34.670+07:00,10.113161946999753,4.2_25rpm,25.0,25.0,0,2026-09-18T07:09:27.555+07:00,3.000079473998994,5.533333333333333,24.6,15.066666666666666,19.46666666666667,0.3999999999999986,42.1,ACTIVE,0.027879244000359904
2026-09-18T07:09:34.701+07:00,10.143845086999136,4.2_25rpm,25.0,25.0,0,2026-09-18T07:09:27.555+07:00,3.000079473998994,19.933333333333334,24.266666666666666,22.1,5.066666666666666,0.7333333333333343,42.2,ACTIVE,0.030683139999382547
2026-09-18T07:09:34.731+07:00,10.174424032999013,4.2_25rpm,25.0,25.0,0,2026-09-18T07:09:27.555+07:00,3.000079473998994,23.666666666666668,24.8,24.233333333333334,1.3333333333333321,0.1999999999999993,42.1,ACTIVE,0.03057894599987776
2026-09-18T07:09:34.763+07:00,10.205453931999728,4.2_25rpm,25.0,25.0,0,2026-09-18T07:09:27.555+07:00,3.000079473998994,23.866666666666667,23.466666666666665,23.666666666666664,1.1333333333333329,1.533333333333335,42.1,ACTIVE,0.031029899000714067
2026-09-18T07:09:34.796+07:00,10.237688878998597,4.2_25rpm,25.0,25.0,0,2026-09-18T07:09:27.555+07:00,3.000079473998994,22.6,22.533333333333335,22.56666666666667,2.3999999999999986,2.466666666666665,42.1,ACTIVE,0.03223494699886942
2026-09-18T07:09:34.818+07:00,10.260142478999114,4.2_25rpm,25.0,25.0,0,2026-09-18T07:09:27.555+07:00,3.000079473998994,22.6,22.6,22.6,2.3999999999999986,2.3999999999999986,42.1,ACTIVE,0.022453600000517326
2026-09-18T07:09:34.845+07:00,10.288133628999276,4.2_25rpm,25.0,25.0,0,2026-09-18T07:09:27.555+07:00,3.000079473998994,20.066666666666666,21.666666666666668,20.866666666666667,4.933333333333334,3.333333333333332,42.1,ACTIVE,0.027991150000161724
2026-09-18T07:09:34.875+07:00,10.317810284999723,4.2_25rpm,25.0,25.0,0,2026-09-18T07:09:27.555+07:00,3.000079473998994,20.066666666666666,21.933333333333334,21.0,4.933333333333334,3.0666666666666664,42.2,ACTIVE,0.02967665600044711
2026-09-18T07:09:34.907+07:00,10.348000103998857,4.2_25rpm,25.0,25.0,0,2026-09-18T07:09:27.555+07:00,3.000079473998994,20.066666666666666,23.333333333333332,21.7,4.933333333333334,1.6666666666666679,42.1,ACTIVE,0.030189818999133422
2026-09-18T07:09:34.941+07:00,10.37870682799985,4.2_25rpm,25.0,25.0,0,2026-09-18T07:09:27.555+07:00,3.000079473998994,20.066666666666666,23.8,21.933333333333334,4.933333333333334,1.1999999999999993,42.2,ACTIVE,0.030706724000992835
2026-09-18T07:09:34.969+07:00,10.412873365999985,4.2_25rpm,25.0,25.0,0,2026-09-18T07:09:27.555+07:00,3.000079473998994,20.066666666666666,25.066666666666666,22.566666666666666,4.933333333333334,-0.06666666666666643,42.2,ACTIVE,0.034166538000135915
2026-09-18T07:09:34.998+07:00,10.44057766199876,4.2_25rpm,25.0,25.0,0,2026-09-18T07:09:27.555+07:00,3.000079473998994,20.066666666666666,24.466666666666665,22.266666666666666,4.933333333333334,0.533333333333335,42.2,ACTIVE,0.027704295998773887
2026-09-18T07:09:35.023+07:00,10.466715655998996,4.2_25rpm,25.0,25.0,0,2026-09-18T07:09:27.555+07:00,3.000079473998994,20.066666666666666,24.2,22.133333333333333,4.933333333333334,0.8000000000000007,42.2,ACTIVE,0.026137994000237086
2026-09-18T07:09:35.051+07:00,10.494883000999835,4.2_25rpm,25.0,25.0,0,2026-09-18T07:09:27.555+07:00,3.000079473998994,20.066666666666666,25.066666666666666,22.566666666666666,4.933333333333334,-0.06666666666666643,42.2,ACTIVE,0.028167345000838395
2026-09-18T07:09:35.079+07:00,10.52273309299926,4.2_25rpm,25.0,25.0,0,2026-09-18T07:09:27.555+07:00,3.000079473998994,20.066666666666666,24.8,22.433333333333334,4.933333333333334,0.1999999999999993,42.2,ACTIVE,0.027850091999425786
2026-09-18T07:09:35.107+07:00,10.550160295999376,4.2_25rpm,25.0,25.0,0,2026-09-18T07:09:27.555+07:00,3.000079473998994,20.066666666666666,24.6,22.333333333333336,4.933333333333334,0.3999999999999986,42.1,ACTIVE,0.027427203000115696
2026-09-18T07:09:35.139+07:00,10.582460715999332,4.2_25rpm,25.0,25.0,0,2026-09-18T07:09:27.555+07:00,3.000079473998994,20.066666666666666,25.066666666666666,22.566666666666666,4.933333333333334,-0.06666666666666643,42.2,ACTIVE,0.03230041999995592
2026-09-18T07:09:35.176+07:00,10.618283574998713,4.2_25rpm,25.0,25.0,0,2026-09-18T07:09:27.555+07:00,3.000079473998994,20.066666666666666,24.066666666666666,22.066666666666666,4.933333333333334,0.9333333333333336,42.1,ACTIVE,0.035822858999381424
2026-09-18T07:09:35.205+07:00,10.647424060000048,4.2_25rpm,25.0,25.0,0,2026-09-18T07:09:27.555+07:00,3.000079473998994,20.066666666666666,23.533333333333335,21.8,4.933333333333334,1.466666666666665,42.1,ACTIVE,0.029140485001335037
2026-09-18T07:09:35.231+07:00,10.674562424999749,4.2_25rpm,25.0,25.0,0,2026-09-18T07:09:27.555+07:00,3.000079473998994,20.066666666666666,23.933333333333334,22.0,4.933333333333334,1.0666666666666664,42.1,ACTIVE,0.02713836499970057
2026-09-18T07:09:35.260+07:00,10.70374431900018,4.2_25rpm,25.0,25.0,0,2026-09-18T07:09:27.555+07:00,3.000079473998994,20.066666666666666,23.333333333333332,21.7,4.933333333333334,1.6666666666666679,42.1,ACTIVE,0.029181894000430475
2026-09-18T07:09:35.289+07:00,10.731636714999695,4.2_25rpm,25.0,25.0,0,2026-09-18T07:09:27.555+07:00,3.000079473998994,20.066666666666666,23.333333333333332,21.7,4.933333333333334,1.6666666666666679,42.1,ACTIVE,0.02789239599951543
2026-09-18T07:09:35.320+07:00,10.76246712200009,4.2_25rpm,25.0,25.0,0,2026-09-18T07:09:27.555+07:00,3.000079473998994,20.066666666666666,23.933333333333334,22.0,4.933333333333334,1.0666666666666664,42.1,ACTIVE,0.03083040700039419
2026-09-18T07:09:35.344+07:00,10.787361890999819,4.2_25rpm,25.0,25.0,0,2026-09-18T07:09:27.555+07:00,3.000079473998994,0.0,23.533333333333335,11.766666666666667,25.0,1.466666666666665,42.1,ACTIVE,0.024894768999729422
2026-09-18T07:09:35.392+07:00,10.835026296999786,4.2_25rpm,25.0,25.0,0,2026-09-18T07:09:27.555+07:00,3.000079473998994,0.0,24.4,12.2,25.0,0.6000000000000014,42.1,ACTIVE,0.04766440599996713
2026-09-18T07:09:35.421+07:00,10.861003038999115,4.2_25rpm,25.0,25.0,0,2026-09-18T07:09:27.555+07:00,3.000079473998994,3.8666666666666667,24.0,13.933333333333334,21.133333333333333,1.0,42.1,ACTIVE,0.025976741999329533
2026-09-18T07:09:35.446+07:00,10.888617669999803,4.2_25rpm,25.0,25.0,0,2026-09-18T07:09:27.555+07:00,3.000079473998994,3.8666666666666667,23.4,13.633333333333333,21.133333333333333,1.6000000000000014,42.1,ACTIVE,0.02761463100068795
2026-09-18T07:09:35.472+07:00,10.915503997999622,4.2_25rpm,25.0,25.0,0,2026-09-18T07:09:27.555+07:00,3.000079473998994,3.8666666666666667,23.266666666666666,13.566666666666666,21.133333333333333,1.7333333333333343,42.1,ACTIVE,0.026886327999818604
2026-09-18T07:09:35.498+07:00,10.941464131999965,4.2_25rpm,25.0,25.0,0,2026-09-18T07:09:27.555+07:00,3.000079473998994,3.6666666666666665,22.4,13.033333333333333,21.333333333333332,2.6000000000000014,42.1,ACTIVE,0.025960134000342805
2026-09-18T07:09:35.524+07:00,10.967037505999542,4.2_25rpm,25.0,25.0,0,2026-09-18T07:09:27.555+07:00,3.000079473998994,3.6666666666666665,22.4,13.033333333333333,21.333333333333332,2.6000000000000014,42.1,ACTIVE,0.025573373999577598
2026-09-18T07:09:35.558+07:00,11.00139623999894,4.2_25rpm,25.0,25.0,0,2026-09-18T07:09:27.555+07:00,3.000079473998994,3.466666666666667,23.266666666666666,13.366666666666667,21.53333333333333,1.7333333333333343,42.1,ACTIVE,0.03435873399939737
2026-09-18T07:09:35.585+07:00,11.027962336998826,4.2_25rpm,25.0,25.0,0,2026-09-18T07:09:27.555+07:00,3.000079473998994,3.466666666666667,23.466666666666665,13.466666666666665,21.53333333333333,1.533333333333335,42.1,ACTIVE,0.026566096999886213
2026-09-18T07:09:35.615+07:00,11.056410616998619,4.2_25rpm,25.0,25.0,0,2026-09-18T07:09:27.555+07:00,3.000079473998994,3.466666666666667,23.733333333333334,13.600000000000001,21.53333333333333,1.2666666666666657,42.1,ACTIVE,0.028448279999793158
2026-09-18T07:09:35.644+07:00,11.08645966399854,4.2_25rpm,25.0,25.0,0,2026-09-18T07:09:27.555+07:00,3.000079473998994,11.333333333333334,24.266666666666666,17.8,13.666666666666666,0.7333333333333343,42.1,ACTIVE,0.030049046999920392
2026-09-18T07:09:35.689+07:00,11.132193375999123,4.2_25rpm,25.0,25.0,0,2026-09-18T07:09:27.555+07:00,3.000079473998994,18.0,23.333333333333332,20.666666666666664,7.0,1.6666666666666679,42.1,ACTIVE,0.04573371200058318
2026-09-18T07:09:35.715+07:00,11.156845771998633,4.2_25rpm,25.0,25.0,0,2026-09-18T07:09:27.555+07:00,3.000079473998994,20.266666666666666,23.2,21.733333333333334,4.733333333333334,1.8000000000000007,42.1,ACTIVE,0.02465239599951019
2026-09-18T07:09:35.741+07:00,11.184747351999249,4.2_25rpm,25.0,25.0,0,2026-09-18T07:09:27.555+07:00,3.000079473998994,20.266666666666666,24.133333333333333,22.2,4.733333333333334,0.8666666666666671,42.1,ACTIVE,0.027901580000616377
2026-09-18T07:09:35.768+07:00,11.211775443000079,4.2_25rpm,25.0,25.0,0,2026-09-18T07:09:27.555+07:00,3.000079473998994,21.333333333333332,24.333333333333332,22.833333333333332,3.666666666666668,0.6666666666666679,42.1,ACTIVE,0.02702809100082959
2026-09-18T07:09:35.797+07:00,11.238917648999632,4.2_25rpm,25.0,25.0,0,2026-09-18T07:09:27.555+07:00,3.000079473998994,21.333333333333332,24.866666666666667,23.1,3.666666666666668,0.13333333333333286,42.1,ACTIVE,0.02714220599955297
2026-09-18T07:09:35.825+07:00,11.268122326999219,4.2_25rpm,25.0,25.0,0,2026-09-18T07:09:27.555+07:00,3.000079473998994,21.333333333333332,25.6,23.46666666666667,3.666666666666668,-0.6000000000000014,42.1,ACTIVE,0.029204677999587147
2026-09-18T07:09:35.868+07:00,11.310320640999635,4.2_25rpm,25.0,25.0,0,2026-09-18T07:09:27.555+07:00,3.000079473998994,21.333333333333332,25.333333333333332,23.333333333333332,3.666666666666668,-0.33333333333333215,42.1,ACTIVE,0.04219831400041585
2026-09-18T07:09:35.893+07:00,11.336289926999598,4.2_25rpm,25.0,25.0,0,2026-09-18T07:09:27.555+07:00,3.000079473998994,21.333333333333332,26.466666666666665,23.9,3.666666666666668,-1.466666666666665,42.1,ACTIVE,0.025969285999963176
2026-09-18T07:09:35.926+07:00,11.368443175999346,4.2_25rpm,25.0,25.0,0,2026-09-18T07:09:27.555+07:00,3.000079473998994,21.333333333333332,26.2,23.766666666666666,3.666666666666668,-1.1999999999999993,42.1,ACTIVE,0.03215324899974803
2026-09-18T07:09:35.962+07:00,11.404623833999722,4.2_25rpm,25.0,25.0,0,2026-09-18T07:09:27.555+07:00,3.000079473998994,21.333333333333332,24.733333333333334,23.03333333333333,3.666666666666668,0.2666666666666657,42.1,ACTIVE,0.03618065800037584
2026-09-18T07:09:35.988+07:00,11.431645556998774,4.2_25rpm,25.0,25.0,0,2026-09-18T07:09:27.555+07:00,3.000079473998994,21.333333333333332,24.733333333333334,23.03333333333333,3.666666666666668,0.2666666666666657,42.1,ACTIVE,0.027021722999052145
2026-09-18T07:09:36.015+07:00,11.458222118999402,4.2_25rpm,25.0,25.0,0,2026-09-18T07:09:27.555+07:00,3.000079473998994,21.333333333333332,22.733333333333334,22.03333333333333,3.666666666666668,2.2666666666666657,42.1,ACTIVE,0.026576562000627746
2026-09-18T07:09:36.045+07:00,11.488061305999508,4.2_25rpm,25.0,25.0,0,2026-09-18T07:09:27.555+07:00,3.000079473998994,21.333333333333332,22.0,21.666666666666664,3.666666666666668,3.0,42.1,ACTIVE,0.029839187000106904
2026-09-18T07:09:36.070+07:00,11.513039851999565,4.2_25rpm,25.0,25.0,0,2026-09-18T07:09:27.555+07:00,3.000079473998994,21.333333333333332,22.6,21.96666666666667,3.666666666666668,2.3999999999999986,42.1,ACTIVE,0.024978546000056667
2026-09-18T07:09:36.097+07:00,11.54019549700024,4.2_25rpm,25.0,25.0,0,2026-09-18T07:09:27.555+07:00,3.000079473998994,21.333333333333332,22.733333333333334,22.03333333333333,3.666666666666668,2.2666666666666657,42.1,ACTIVE,0.027155645000675577
2026-09-18T07:09:36.143+07:00,11.583350853999946,4.2_25rpm,25.0,25.0,0,2026-09-18T07:09:27.555+07:00,3.000079473998994,21.333333333333332,23.0,22.166666666666664,3.666666666666668,2.0,42.1,ACTIVE,0.043155356999704964
2026-09-18T07:09:36.171+07:00,11.609515504000228,4.2_25rpm,25.0,25.0,0,2026-09-18T07:09:27.555+07:00,3.000079473998994,21.333333333333332,22.733333333333334,22.03333333333333,3.666666666666668,2.2666666666666657,42.1,ACTIVE,0.026164650000282563
2026-09-18T07:09:36.195+07:00,11.635962718999508,4.2_25rpm,25.0,25.0,0,2026-09-18T07:09:27.555+07:00,3.000079473998994,21.333333333333332,22.0,21.666666666666664,3.666666666666668,3.0,42.1,ACTIVE,0.026447214999279822
2026-09-18T07:09:36.224+07:00,11.661892164000164,4.2_25rpm,25.0,25.0,0,2026-09-18T07:09:27.555+07:00,3.000079473998994,21.333333333333332,22.066666666666666,21.7,3.666666666666668,2.9333333333333336,42.1,ACTIVE,0.025929445000656415
2026-09-18T07:09:36.257+07:00,11.691010696999001,4.2_25rpm,25.0,25.0,0,2026-09-18T07:09:27.555+07:00,3.000079473998994,21.333333333333332,23.333333333333332,22.333333333333332,3.666666666666668,1.6666666666666679,42.1,ACTIVE,0.0291185329988366
2026-09-18T07:09:36.296+07:00,11.738036241998998,4.2_25rpm,25.0,25.0,0,2026-09-18T07:09:27.555+07:00,3.000079473998994,0.0,25.0,12.5,25.0,0.0,42.1,ACTIVE,0.04702554499999678
2026-09-18T07:09:36.321+07:00,11.764042488999621,4.2_25rpm,25.0,25.0,0,2026-09-18T07:09:27.555+07:00,3.000079473998994,0.0,25.2,12.6,25.0,-0.1999999999999993,42.1,ACTIVE,0.02600624700062326
2026-09-18T07:09:36.350+07:00,11.789083723999283,4.2_25rpm,25.0,25.0,0,2026-09-18T07:09:27.555+07:00,3.000079473998994,3.8666666666666667,24.266666666666666,14.066666666666666,21.133333333333333,0.7333333333333343,42.1,ACTIVE,0.025041234999662265
2026-09-18T07:09:36.383+07:00,11.819300262999604,4.2_25rpm,25.0,25.0,0,2026-09-18T07:09:27.555+07:00,3.000079473998994,3.8666666666666667,23.866666666666667,13.866666666666667,21.133333333333333,1.1333333333333329,42.1,ACTIVE,0.030216539000321063
2026-09-18T07:09:36.403+07:00,11.846066492998943,4.2_25rpm,25.0,25.0,0,2026-09-18T07:09:27.555+07:00,3.000079473998994,3.8,24.666666666666668,14.233333333333334,21.2,0.33333333333333215,42.1,ACTIVE,0.026766229999338975
2026-09-18T07:09:36.431+07:00,11.874428338000143,4.2_25rpm,25.0,25.0,0,2026-09-18T07:09:27.555+07:00,3.000079473998994,3.7333333333333334,24.8,14.266666666666667,21.266666666666666,0.1999999999999993,42.1,ACTIVE,0.02836184500119998
2026-09-18T07:09:36.456+07:00,11.899724234999667,4.2_25rpm,25.0,25.0,0,2026-09-18T07:09:27.555+07:00,3.000079473998994,3.7333333333333334,24.733333333333334,14.233333333333334,21.266666666666666,0.2666666666666657,42.1,ACTIVE,0.025295896999523393
2026-09-18T07:09:36.498+07:00,11.94164199899933,4.2_25rpm,25.0,25.0,0,2026-09-18T07:09:27.555+07:00,3.000079473998994,17.2,23.933333333333334,20.566666666666666,7.800000000000001,1.0666666666666664,42.1,ACTIVE,0.04191776399966329
2026-09-18T07:09:36.525+07:00,11.968082045999836,4.2_25rpm,25.0,25.0,0,2026-09-18T07:09:27.555+07:00,3.000079473998994,19.533333333333335,23.8,21.666666666666668,5.466666666666665,1.1999999999999993,42.1,ACTIVE,0.02644004700050573
2026-09-18T07:09:36.553+07:00,11.995878887999424,4.2_25rpm,25.0,25.0,0,2026-09-18T07:09:27.555+07:00,3.000079473998994,22.4,24.333333333333332,23.366666666666667,2.6000000000000014,0.6666666666666679,42.1,ACTIVE,0.02779684199958865
2026-09-18T07:09:36.585+07:00,12.024512578998838,4.2_25rpm,25.0,25.0,0,2026-09-18T07:09:27.555+07:00,3.000079473998994,25.6,24.2,24.9,-0.6000000000000014,0.8000000000000007,42.1,ACTIVE,0.028633690999413375
2026-09-18T07:09:36.612+07:00,12.054446263999125,4.2_25rpm,25.0,25.0,0,2026-09-18T07:09:27.555+07:00,3.000079473998994,25.6,24.266666666666666,24.933333333333334,-0.6000000000000014,0.7333333333333343,42.1,ACTIVE,0.02993368500028737
2026-09-18T07:09:36.638+07:00,12.080412702000103,4.2_25rpm,25.0,25.0,0,2026-09-18T07:09:27.555+07:00,3.000079473998994,20.133333333333333,24.333333333333332,22.233333333333334,4.866666666666667,0.6666666666666679,42.1,ACTIVE,0.025966438000978087
2026-09-18T07:09:36.665+07:00,12.108260136999888,4.2_25rpm,25.0,25.0,0,2026-09-18T07:09:27.555+07:00,3.000079473998994,20.133333333333333,23.533333333333335,21.833333333333336,4.866666666666667,1.466666666666665,42.1,ACTIVE,0.027847434999785037
2026-09-18T07:09:36.700+07:00,12.142777593999199,4.2_25rpm,25.0,25.0,0,2026-09-18T07:09:27.555+07:00,3.000079473998994,20.133333333333333,23.266666666666666,21.7,4.866666666666667,1.7333333333333343,42.1,ACTIVE,0.034517456999310525
2026-09-18T07:09:36.729+07:00,12.172041632999026,4.2_25rpm,25.0,25.0,0,2026-09-18T07:09:27.555+07:00,3.000079473998994,20.133333333333333,23.733333333333334,21.933333333333334,4.866666666666667,1.2666666666666657,42.1,ACTIVE,0.02926403899982688
2026-09-18T07:09:36.760+07:00,12.20360091799921,4.2_25rpm,25.0,25.0,0,2026-09-18T07:09:27.555+07:00,3.000079473998994,20.133333333333333,23.266666666666666,21.7,4.866666666666667,1.7333333333333343,42.1,ACTIVE,0.0315592850001849
2026-09-18T07:09:36.787+07:00,12.230655698000191,4.2_25rpm,25.0,25.0,0,2026-09-18T07:09:27.555+07:00,3.000079473998994,20.133333333333333,22.866666666666667,21.5,4.866666666666667,2.133333333333333,42.1,ACTIVE,0.027054780000980827
2026-09-18T07:09:36.814+07:00,12.257237091998832,4.2_25rpm,25.0,25.0,0,2026-09-18T07:09:27.555+07:00,3.000079473998994,20.133333333333333,22.6,21.366666666666667,4.866666666666667,2.3999999999999986,42.1,ACTIVE,0.026581393998640124
2026-09-18T07:09:36.857+07:00,12.287293755000064,4.2_25rpm,25.0,25.0,0,2026-09-18T07:09:27.555+07:00,3.000079473998994,20.133333333333333,21.466666666666665,20.799999999999997,4.866666666666667,3.533333333333335,42.1,ACTIVE,0.030056663001232664
2026-09-18T07:09:36.878+07:00,12.319937765998475,4.2_25rpm,25.0,25.0,0,2026-09-18T07:09:27.555+07:00,3.000079473998994,20.133333333333333,21.6,20.866666666666667,4.866666666666667,3.3999999999999986,42.1,ACTIVE,0.03264401099841052
2026-09-18T07:09:36.904+07:00,12.347437354999784,4.2_25rpm,25.0,25.0,0,2026-09-18T07:09:27.555+07:00,3.000079473998994,20.133333333333333,22.933333333333334,21.53333333333333,4.866666666666667,2.0666666666666664,42.1,ACTIVE,0.027499589001308777
2026-09-18T07:09:36.934+07:00,12.376606095998795,4.2_25rpm,25.0,25.0,0,2026-09-18T07:09:27.555+07:00,3.000079473998994,20.133333333333333,23.533333333333335,21.833333333333336,4.866666666666667,1.466666666666665,42.1,ACTIVE,0.02916874099901179
2026-09-18T07:09:36.966+07:00,12.40701879900007,4.2_25rpm,25.0,25.0,0,2026-09-18T07:09:27.555+07:00,3.000079473998994,20.133333333333333,23.533333333333335,21.833333333333336,4.866666666666667,1.466666666666665,42.1,ACTIVE,0.030412703001275077
2026-09-18T07:09:37.008+07:00,12.451796331999503,4.2_25rpm,25.0,25.0,0,2026-09-18T07:09:27.555+07:00,3.000079473998994,20.133333333333333,22.533333333333335,21.333333333333336,4.866666666666667,2.466666666666665,42.1,ACTIVE,0.04477753299943288
2026-09-18T07:09:37.036+07:00,12.479725880999467,4.2_25rpm,25.0,25.0,0,2026-09-18T07:09:27.555+07:00,3.000079473998994,20.133333333333333,20.866666666666667,20.5,4.866666666666667,4.133333333333333,42.1,ACTIVE,0.027929548999964027
2026-09-18T07:09:37.064+07:00,12.506680114000119,4.2_25rpm,25.0,25.0,0,2026-09-18T07:09:27.555+07:00,3.000079473998994,20.133333333333333,20.266666666666666,20.2,4.866666666666667,4.733333333333334,42.1,ACTIVE,0.026954233000651584
2026-09-18T07:09:37.092+07:00,12.534457371999451,4.2_25rpm,25.0,25.0,0,2026-09-18T07:09:27.555+07:00,3.000079473998994,20.133333333333333,21.4,20.766666666666666,4.866666666666667,3.6000000000000014,42.1,ACTIVE,0.027777257999332505
2026-09-18T07:09:37.119+07:00,12.562277191000248,4.2_25rpm,25.0,25.0,0,2026-09-18T07:09:27.555+07:00,3.000079473998994,0.0,22.4,11.2,25.0,2.6000000000000014,42.1,ACTIVE,0.027819819000796997
2026-09-18T07:09:37.147+07:00,12.590499800999169,4.2_25rpm,25.0,25.0,0,2026-09-18T07:09:27.555+07:00,3.000079473998994,0.0,22.8,11.4,25.0,2.1999999999999993,42.1,ACTIVE,0.028222609998920234
2026-09-18T07:09:37.177+07:00,12.618288098999983,4.2_25rpm,25.0,25.0,0,2026-09-18T07:09:27.555+07:00,3.000079473998994,0.0,23.333333333333332,11.666666666666666,25.0,1.6666666666666679,42.1,ACTIVE,0.027788298000814393
2026-09-18T07:09:37.206+07:00,12.648639744998945,4.2_25rpm,25.0,25.0,0,2026-09-18T07:09:27.555+07:00,3.000079473998994,0.0,22.133333333333333,11.066666666666666,25.0,2.866666666666667,42.1,ACTIVE,0.03035164599896234
2026-09-18T07:09:37.237+07:00,12.678324208000049,4.2_25rpm,25.0,25.0,0,2026-09-18T07:09:27.555+07:00,3.000079473998994,0.0,21.666666666666668,10.833333333333334,25.0,3.333333333333332,42.1,ACTIVE,0.029684463001103722
2026-09-18T07:09:37.297+07:00,12.734303340999759,4.2_25rpm,25.0,25.0,0,2026-09-18T07:09:27.555+07:00,3.000079473998994,0.0,22.733333333333334,11.366666666666667,25.0,2.2666666666666657,42.1,ACTIVE,0.05597913299970969
2026-09-18T07:09:37.330+07:00,12.773438072999852,4.2_25rpm,25.0,25.0,0,2026-09-18T07:09:27.555+07:00,3.000079473998994,0.0,23.4,11.7,25.0,1.6000000000000014,42.1,ACTIVE,0.03913473200009321
2026-09-18T07:09:37.357+07:00,12.800418834998709,4.2_25rpm,25.0,25.0,0,2026-09-18T07:09:27.555+07:00,3.000079473998994,3.1333333333333333,24.333333333333332,13.733333333333333,21.866666666666667,0.6666666666666679,42.1,ACTIVE,0.026980761998856906
2026-09-18T07:09:37.385+07:00,12.828020281000136,4.2_25rpm,25.0,25.0,0,2026-09-18T07:09:27.555+07:00,3.000079473998994,3.1333333333333333,23.8,13.466666666666667,21.866666666666667,1.1999999999999993,42.1,ACTIVE,0.027601446001426666
2026-09-18T07:09:37.419+07:00,12.855819202999555,4.2_25rpm,25.0,25.0,0,2026-09-18T07:09:27.555+07:00,3.000079473998994,3.1333333333333333,23.8,13.466666666666667,21.866666666666667,1.1999999999999993,42.1,ACTIVE,0.02779892199941969
2026-09-18T07:09:37.439+07:00,12.881121372000052,4.2_25rpm,25.0,25.0,0,2026-09-18T07:09:27.555+07:00,3.000079473998994,3.0,24.466666666666665,13.733333333333333,22.0,0.533333333333335,42.1,ACTIVE,0.025302169000497088
2026-09-18T07:09:37.464+07:00,12.907411528000011,4.2_25rpm,25.0,25.0,0,2026-09-18T07:09:27.555+07:00,3.000079473998994,2.8666666666666667,24.066666666666666,13.466666666666667,22.133333333333333,0.9333333333333336,42.1,ACTIVE,0.026290155999959097
2026-09-18T07:09:37.492+07:00,12.935055374999138,4.2_25rpm,25.0,25.0,0,2026-09-18T07:09:27.555+07:00,3.000079473998994,2.8666666666666667,23.8,13.333333333333334,22.133333333333333,1.1999999999999993,42.1,ACTIVE,0.027643846999126254
2026-09-18T07:09:37.521+07:00,12.96331190699857,4.2_25rpm,25.0,25.0,0,2026-09-18T07:09:27.555+07:00,3.000079473998994,11.533333333333333,24.333333333333332,17.933333333333334,13.466666666666667,0.6666666666666679,42.1,ACTIVE,0.0282565319994319
2026-09-18T07:09:37.550+07:00,12.988990690999344,4.2_25rpm,25.0,25.0,0,2026-09-18T07:09:27.555+07:00,3.000079473998994,13.6,23.8,18.7,11.4,1.1999999999999993,42.1,ACTIVE,0.025678784000774613
2026-09-18T07:09:37.573+07:00,13.01641526899948,4.2_25rpm,25.0,25.0,0,2026-09-18T07:09:27.555+07:00,3.000079473998994,15.866666666666667,23.866666666666667,19.866666666666667,9.133333333333333,1.1333333333333329,42.1,ACTIVE,0.027424578000136535
2026-09-18T07:09:37.600+07:00,13.043831783999849,4.2_25rpm,25.0,25.0,0,2026-09-18T07:09:27.555+07:00,3.000079473998994,18.666666666666668,25.2,21.933333333333334,6.333333333333332,-0.1999999999999993,42.1,ACTIVE,0.027416515000368236
2026-09-18T07:09:37.629+07:00,13.072017881999273,4.2_25rpm,25.0,25.0,0,2026-09-18T07:09:27.555+07:00,3.000079473998994,18.666666666666668,25.266666666666666,21.96666666666667,6.333333333333332,-0.2666666666666657,42.1,ACTIVE,0.02818609799942351
2026-09-18T07:09:37.656+07:00,13.098884369999723,4.2_25rpm,25.0,25.0,0,2026-09-18T07:09:27.555+07:00,3.000079473998994,19.666666666666668,25.133333333333333,22.4,5.333333333333332,-0.13333333333333286,42.1,ACTIVE,0.026866488000450772
2026-09-18T07:09:37.699+07:00,13.142646393998803,4.2_25rpm,25.0,25.0,0,2026-09-18T07:09:27.555+07:00,3.000079473998994,19.666666666666668,24.2,21.933333333333334,5.333333333333332,0.8000000000000007,42.1,ACTIVE,0.04376202399907925
2026-09-18T07:09:37.726+07:00,13.168904422000196,4.2_25rpm,25.0,25.0,0,2026-09-18T07:09:27.555+07:00,3.000079473998994,19.666666666666668,23.666666666666668,21.666666666666668,5.333333333333332,1.3333333333333321,42.1,ACTIVE,0.02625802800139354
2026-09-18T07:09:37.752+07:00,13.195878911999898,4.2_25rpm,25.0,25.0,0,2026-09-18T07:09:27.555+07:00,3.000079473998994,13.6,24.4,19.0,11.4,0.6000000000000014,42.1,ACTIVE,0.0269744899997022
2026-09-18T07:09:37.784+07:00,13.226610883999456,4.2_25rpm,25.0,25.0,0,2026-09-18T07:09:27.555+07:00,3.000079473998994,13.6,24.2,18.9,11.4,0.8000000000000007,42.1,ACTIVE,0.030731971999557572
2026-09-18T07:09:37.816+07:00,13.252565033999417,4.2_25rpm,25.0,25.0,0,2026-09-18T07:09:27.555+07:00,3.000079473998994,13.6,24.466666666666665,19.03333333333333,11.4,0.533333333333335,42.1,ACTIVE,0.025954149999961373
2026-09-18T07:09:37.840+07:00,13.279899818999183,4.2_25rpm,25.0,25.0,0,2026-09-18T07:09:27.555+07:00,3.000079473998994,9.866666666666667,25.333333333333332,17.6,15.133333333333333,-0.33333333333333215,42.1,ACTIVE,0.02733478499976627
2026-09-18T07:09:37.887+07:00,13.327254107000044,4.2_25rpm,25.0,25.0,0,2026-09-18T07:09:27.555+07:00,3.000079473998994,9.866666666666667,24.8,17.333333333333336,15.133333333333333,0.1999999999999993,42.1,ACTIVE,0.047354288000860834
2026-09-18T07:09:37.913+07:00,13.35316934399998,4.2_25rpm,25.0,25.0,0,2026-09-18T07:09:27.555+07:00,3.000079473998994,9.866666666666667,24.8,17.333333333333336,15.133333333333333,0.1999999999999993,42.1,ACTIVE,0.025915236999935587
2026-09-18T07:09:37.935+07:00,13.377677927999684,4.2_25rpm,25.0,25.0,0,2026-09-18T07:09:27.555+07:00,3.000079473998994,7.933333333333334,25.333333333333332,16.633333333333333,17.066666666666666,-0.33333333333333215,42.1,ACTIVE,0.02450858399970457
2026-09-18T07:09:37.961+07:00,13.403345767999781,4.2_25rpm,25.0,25.0,0,2026-09-18T07:09:27.555+07:00,3.000079473998994,7.933333333333334,24.8,16.366666666666667,17.066666666666666,0.1999999999999993,42.1,ACTIVE,0.025667840000096476
2026-09-18T07:09:37.991+07:00,13.43403591599963,4.2_25rpm,25.0,25.0,0,2026-09-18T07:09:27.555+07:00,3.000079473998994,7.933333333333334,24.333333333333332,16.133333333333333,17.066666666666666,0.6666666666666679,42.1,ACTIVE,0.030690147999848705
2026-09-18T07:09:38.018+07:00,13.461402349999844,4.2_25rpm,25.0,25.0,0,2026-09-18T07:09:27.555+07:00,3.000079473998994,7.933333333333334,24.6,16.266666666666666,17.066666666666666,0.3999999999999986,42.1,ACTIVE,0.027366434000214213
2026-09-18T07:09:38.045+07:00,13.488307077999707,4.2_25rpm,25.0,25.0,0,2026-09-18T07:09:27.555+07:00,3.000079473998994,7.933333333333334,24.0,15.966666666666667,17.066666666666666,1.0,42.1,ACTIVE,0.0269047279998631
2026-09-18T07:09:38.089+07:00,13.532067533998998,4.2_25rpm,25.0,25.0,0,2026-09-18T07:09:27.555+07:00,3.000079473998994,7.933333333333334,25.266666666666666,16.6,17.066666666666666,-0.2666666666666657,42.1,ACTIVE,0.04376045599929057
2026-09-18T07:09:38.121+07:00,13.563874888999635,4.2_25rpm,25.0,25.0,0,2026-09-18T07:09:27.555+07:00,3.000079473998994,7.933333333333334,25.0,16.46666666666667,17.066666666666666,0.0,42.1,ACTIVE,0.03180735500063747
2026-09-18T07:09:38.152+07:00,13.594966963999468,4.2_25rpm,25.0,25.0,0,2026-09-18T07:09:27.555+07:00,3.000079473998994,7.933333333333334,24.933333333333334,16.433333333333334,17.066666666666666,0.06666666666666643,42.1,ACTIVE,0.03109207499983313
2026-09-18T07:09:38.180+07:00,13.623179430998789,4.2_25rpm,25.0,25.0,0,2026-09-18T07:09:27.555+07:00,3.000079473998994,7.933333333333334,25.2,16.566666666666666,17.066666666666666,-0.1999999999999993,42.1,ACTIVE,0.028212466999320895
2026-09-18T07:09:38.205+07:00,13.647335495999869,4.2_25rpm,25.0,25.0,0,2026-09-18T07:09:27.555+07:00,3.000079473998994,7.933333333333334,24.4,16.166666666666664,17.066666666666666,0.6000000000000014,42.1,ACTIVE,0.024156065001079696
2026-09-18T07:09:38.230+07:00,13.6728808379994,4.2_25rpm,25.0,25.0,0,2026-09-18T07:09:27.555+07:00,3.000079473998994,7.933333333333334,24.533333333333335,16.233333333333334,17.066666666666666,0.466666666666665,42.1,ACTIVE,0.025545341999531956
2026-09-18T07:09:38.257+07:00,13.699342900999909,4.2_25rpm,25.0,25.0,0,2026-09-18T07:09:27.555+07:00,3.000079473998994,7.933333333333334,25.333333333333332,16.633333333333333,17.066666666666666,-0.33333333333333215,42.1,ACTIVE,0.02646206300050835
2026-09-18T07:09:38.298+07:00,13.740783982999346,4.2_25rpm,25.0,25.0,0,2026-09-18T07:09:27.555+07:00,3.000079473998994,7.933333333333334,25.066666666666666,16.5,17.066666666666666,-0.06666666666666643,42.1,ACTIVE,0.0414410819994373
2026-09-18T07:09:38.330+07:00,13.772928176000278,4.2_25rpm,25.0,25.0,0,2026-09-18T07:09:27.555+07:00,3.000079473998994,7.933333333333334,25.333333333333332,16.633333333333333,17.066666666666666,-0.33333333333333215,42.1,ACTIVE,0.03214419300093141
2026-09-18T07:09:38.356+07:00,13.799858248999954,4.2_25rpm,25.0,25.0,0,2026-09-18T07:09:27.555+07:00,3.000079473998994,7.933333333333334,24.866666666666667,16.4,17.066666666666666,0.13333333333333286,42.1,ACTIVE,0.026930072999675758
2026-09-18T07:09:38.383+07:00,13.826448795000033,4.2_25rpm,25.0,25.0,0,2026-09-18T07:09:27.555+07:00,3.000079473998994,7.933333333333334,24.6,16.266666666666666,17.066666666666666,0.3999999999999986,42.1,ACTIVE,0.026590546000079485
2026-09-18T07:09:38.410+07:00,13.852077433999511,4.2_25rpm,25.0,25.0,0,2026-09-18T07:09:27.555+07:00,3.000079473998994,7.933333333333334,25.333333333333332,16.633333333333333,17.066666666666666,-0.33333333333333215,42.1,ACTIVE,0.025628638999478426
2026-09-18T07:09:38.436+07:00,13.87873943699924,4.2_25rpm,25.0,25.0,0,2026-09-18T07:09:27.555+07:00,3.000079473998994,0.0,24.666666666666668,12.333333333333334,25.0,0.33333333333333215,42.1,ACTIVE,0.02666200299972843
2026-09-18T07:09:38.464+07:00,13.906619864999811,4.2_25rpm,25.0,25.0,0,2026-09-18T07:09:27.555+07:00,3.000079473998994,0.0,24.066666666666666,12.033333333333333,25.0,0.9333333333333336,42.1,ACTIVE,0.027880428000571555
2026-09-18T07:09:38.496+07:00,13.938649623998572,4.2_25rpm,25.0,25.0,0,2026-09-18T07:09:27.555+07:00,3.000079473998994,0.0,24.533333333333335,12.266666666666667,25.0,0.466666666666665,42.1,ACTIVE,0.03202975899876037
2026-09-18T07:09:38.526+07:00,13.96870983899862,4.2_25rpm,25.0,25.0,0,2026-09-18T07:09:27.555+07:00,3.000079473998994,0.0,23.866666666666667,11.933333333333334,25.0,1.1333333333333329,42.1,ACTIVE,0.03006021500004863
2026-09-18T07:09:38.558+07:00,13.996960161999596,4.2_25rpm,25.0,25.0,0,2026-09-18T07:09:27.555+07:00,3.000079473998994,2.933333333333333,24.333333333333332,13.633333333333333,22.066666666666666,0.6666666666666679,42.1,ACTIVE,0.028250323000975186
2026-09-18T07:09:38.590+07:00,14.027885354998944,4.2_25rpm,25.0,25.0,0,2026-09-18T07:09:27.555+07:00,3.000079473998994,2.933333333333333,25.6,14.266666666666667,22.066666666666666,-0.6000000000000014,42.1,ACTIVE,0.030925192999347928
2026-09-18T07:09:38.615+07:00,14.056876429000113,4.2_25rpm,25.0,25.0,0,2026-09-18T07:09:27.555+07:00,3.000079473998994,3.066666666666667,26.266666666666666,14.666666666666666,21.933333333333334,-1.2666666666666657,42.1,ACTIVE,0.02899107400116918
2026-09-18T07:09:38.656+07:00,14.089918974999819,4.2_25rpm,25.0,25.0,0,2026-09-18T07:09:27.555+07:00,3.000079473998994,3.2,26.733333333333334,14.966666666666667,21.8,-1.7333333333333343,42.1,ACTIVE,0.03304254599970591
2026-09-18T07:09:38.694+07:00,14.134307763999459,4.2_25rpm,25.0,25.0,0,2026-09-18T07:09:27.555+07:00,3.000079473998994,12.666666666666666,25.333333333333332,19.0,12.333333333333334,-0.33333333333333215,42.1,ACTIVE,0.04438878899964038
2026-09-18T07:09:38.718+07:00,14.160952870999608,4.2_25rpm,25.0,25.0,0,2026-09-18T07:09:27.555+07:00,3.000079473998994,14.666666666666666,24.866666666666667,19.766666666666666,10.333333333333334,0.13333333333333286,42.1,ACTIVE,0.026645107000149437
2026-09-18T07:09:38.746+07:00,14.185200267000255,4.2_25rpm,25.0,25.0,0,2026-09-18T07:09:27.555+07:00,3.000079473998994,16.6,23.733333333333334,20.166666666666668,8.399999999999999,1.2666666666666657,42.1,ACTIVE,0.024247396000646404
2026-09-18T07:09:38.775+07:00,14.214361839998674,4.2_25rpm,25.0,25.0,0,2026-09-18T07:09:27.555+07:00,3.000079473998994,16.6,23.733333333333334,20.166666666666668,8.399999999999999,1.2666666666666657,42.1,ACTIVE,0.029161572998418706
2026-09-18T07:09:38.811+07:00,14.253870083999573,4.2_25rpm,25.0,25.0,0,2026-09-18T07:09:27.555+07:00,3.000079473998994,17.333333333333332,22.733333333333334,20.03333333333333,7.666666666666668,2.2666666666666657,42.1,ACTIVE,0.03950824400089914
2026-09-18T07:09:38.840+07:00,14.28273171499859,4.2_25rpm,25.0,25.0,0,2026-09-18T07:09:27.555+07:00,3.000079473998994,17.333333333333332,22.533333333333335,19.933333333333334,7.666666666666668,2.466666666666665,42.1,ACTIVE,0.028861630999017507
2026-09-18T07:09:38.865+07:00,14.308140061999438,4.2_25rpm,25.0,25.0,0,2026-09-18T07:09:27.555+07:00,3.000079473998994,15.133333333333333,23.333333333333332,19.233333333333334,9.866666666666667,1.6666666666666679,42.1,ACTIVE,0.025408347000848153
2026-09-18T07:09:38.892+07:00,14.33572973199989,4.2_25rpm,25.0,25.0,0,2026-09-18T07:09:27.555+07:00,3.000079473998994,15.133333333333333,25.333333333333332,20.233333333333334,9.866666666666667,-0.33333333333333215,42.1,ACTIVE,0.027589670000452315
2026-09-18T07:09:38.919+07:00,14.362639580000177,4.2_25rpm,25.0,25.0,0,2026-09-18T07:09:27.555+07:00,3.000079473998994,15.133333333333333,26.8,20.96666666666667,9.866666666666667,-1.8000000000000007,42.1,ACTIVE,0.02690984800028673
2026-09-18T07:09:38.956+07:00,14.396837861999302,4.2_25rpm,25.0,25.0,0,2026-09-18T07:09:27.555+07:00,3.000079473998994,15.133333333333333,28.066666666666666,21.6,9.866666666666667,-3.0666666666666664,42.1,ACTIVE,0.03419828199912445
2026-09-18T07:09:38.975+07:00,14.418427251999674,4.2_25rpm,25.0,25.0,0,2026-09-18T07:09:27.555+07:00,3.000079473998994,15.133333333333333,28.4,21.766666666666666,9.866666666666667,-3.3999999999999986,42.1,ACTIVE,0.021589390000372077
2026-09-18T07:09:39.006+07:00,14.447784157999195,4.2_25rpm,25.0,25.0,0,2026-09-18T07:09:27.555+07:00,3.000079473998994,15.133333333333333,27.533333333333335,21.333333333333336,9.866666666666667,-2.533333333333335,42.1,ACTIVE,0.029356905999520677
2026-09-18T07:09:39.035+07:00,14.478018136000173,4.2_25rpm,25.0,25.0,0,2026-09-18T07:09:27.555+07:00,3.000079473998994,15.133333333333333,26.8,20.96666666666667,9.866666666666667,-1.8000000000000007,42.1,ACTIVE,0.030233978000978823
2026-09-18T07:09:39.066+07:00,14.508334803998878,4.2_25rpm,25.0,25.0,0,2026-09-18T07:09:27.555+07:00,3.000079473998994,15.133333333333333,25.066666666666666,20.1,9.866666666666667,-0.06666666666666643,42.1,ACTIVE,0.03031666799870436
2026-09-18T07:09:39.110+07:00,14.553708188999735,4.2_25rpm,25.0,25.0,0,2026-09-18T07:09:27.555+07:00,3.000079473998994,7.2,23.333333333333332,15.266666666666666,17.8,1.6666666666666679,42.1,ACTIVE,0.045373385000857525
2026-09-18T07:09:39.144+07:00,14.58736943599979,4.2_25rpm,25.0,25.0,0,2026-09-18T07:09:27.555+07:00,3.000079473998994,6.8,22.333333333333332,14.566666666666666,18.2,2.666666666666668,42.1,ACTIVE,0.03366124700005457
2026-09-18T07:09:39.167+07:00,14.610348037998847,4.2_25rpm,25.0,25.0,0,2026-09-18T07:09:27.555+07:00,3.000079473998994,7.0,21.4,14.2,18.0,3.6000000000000014,42.1,ACTIVE,0.02297860199905699
2026-09-18T07:09:39.193+07:00,14.636718514999302,4.2_25rpm,25.0,25.0,0,2026-09-18T07:09:27.555+07:00,3.000079473998994,7.8,21.333333333333332,14.566666666666666,17.2,3.666666666666668,42.1,ACTIVE,0.02637047700045514
2026-09-18T07:09:39.221+07:00,14.664736673999869,4.2_25rpm,25.0,25.0,0,2026-09-18T07:09:27.555+07:00,3.000079473998994,18.266666666666666,22.666666666666668,20.46666666666667,6.733333333333334,2.333333333333332,42.1,ACTIVE,0.02801815900056681
2026-09-18T07:09:39.248+07:00,14.691185392999614,4.2_25rpm,25.0,25.0,0,2026-09-18T07:09:27.555+07:00,3.000079473998994,23.533333333333335,23.666666666666668,23.6,1.466666666666665,1.3333333333333321,42.1,ACTIVE,0.026448718999745324
2026-09-18T07:09:39.292+07:00,14.720562426999095,4.2_25rpm,25.0,25.0,0,2026-09-18T07:09:27.555+07:00,3.000079473998994,25.666666666666668,24.733333333333334,25.200000000000003,-0.6666666666666679,0.2666666666666657,42.1,ACTIVE,0.029377033999480773
2026-09-18T07:09:39.321+07:00,14.764752234999833,4.2_25rpm,25.0,25.0,0,2026-09-18T07:09:27.555+07:00,3.000079473998994,26.666666666666668,26.0,26.333333333333336,-1.6666666666666679,-1.0,42.1,ACTIVE,0.044189808000737685
2026-09-18T07:09:39.349+07:00,14.791421279000133,4.2_25rpm,25.0,25.0,0,2026-09-18T07:09:27.555+07:00,3.000079473998994,26.666666666666668,26.133333333333333,26.4,-1.6666666666666679,-1.1333333333333329,42.1,ACTIVE,0.026669044000300346
2026-09-18T07:09:39.382+07:00,14.823149623000063,4.2_25rpm,25.0,25.0,0,2026-09-18T07:09:27.555+07:00,3.000079473998994,26.666666666666668,26.866666666666667,26.766666666666666,-1.6666666666666679,-1.8666666666666671,42.1,ACTIVE,0.031728343999930075
2026-09-18T07:09:39.402+07:00,14.844829640000171,4.2_25rpm,25.0,25.0,0,2026-09-18T07:09:27.555+07:00,3.000079473998994,26.666666666666668,25.933333333333334,26.3,-1.6666666666666679,-0.9333333333333336,42.1,ACTIVE,0.02168001700010791
2026-09-18T07:09:39.435+07:00,14.872821525999825,4.2_25rpm,25.0,25.0,0,2026-09-18T07:09:27.555+07:00,3.000079473998994,26.666666666666668,25.333333333333332,26.0,-1.6666666666666679,-0.33333333333333215,42.1,ACTIVE,0.027991885999654187
2026-09-18T07:09:39.459+07:00,14.902357089998986,4.2_25rpm,25.0,25.0,0,2026-09-18T07:09:27.555+07:00,3.000079473998994,26.666666666666668,25.2,25.933333333333334,-1.6666666666666679,-0.1999999999999993,42.1,ACTIVE,0.02953556399916124
2026-09-18T07:09:39.485+07:00,14.927831517999948,4.2_25rpm,25.0,25.0,0,2026-09-18T07:09:27.555+07:00,3.000079473998994,26.666666666666668,23.866666666666667,25.266666666666666,-1.6666666666666679,1.1333333333333329,42.1,ACTIVE,0.02547442800096178
2026-09-18T07:09:39.513+07:00,14.956467128999066,4.2_25rpm,25.0,25.0,0,2026-09-18T07:09:27.555+07:00,3.000079473998994,26.666666666666668,23.533333333333335,25.1,-1.6666666666666679,1.466666666666665,42.1,ACTIVE,0.02863561099911749
2026-09-18T07:09:39.548+07:00,14.990380060999087,4.2_25rpm,25.0,25.0,0,2026-09-18T07:09:27.555+07:00,3.000079473998994,26.666666666666668,24.4,25.53333333333333,-1.6666666666666679,0.6000000000000014,42.1,ACTIVE,0.0339129320000211
2026-09-18T07:09:39.578+07:00,15.016308929998559,4.2_25rpm,25.0,25.0,0,2026-09-18T07:09:27.555+07:00,3.000079473998994,26.666666666666668,24.466666666666665,25.566666666666666,-1.6666666666666679,0.533333333333335,42.1,ACTIVE,0.025928868999471888
2026-09-18T07:09:39.622+07:00,15.063796563999858,4.2_25rpm,25.0,25.0,0,2026-09-18T07:09:27.555+07:00,3.000079473998994,26.666666666666668,26.0,26.333333333333336,-1.6666666666666679,-1.0,42.1,ACTIVE,0.04748763400129974
2026-09-18T07:09:39.656+07:00,15.09443016699879,4.2_25rpm,25.0,25.0,0,2026-09-18T07:09:27.555+07:00,3.000079473998994,26.666666666666668,25.266666666666666,25.96666666666667,-1.6666666666666679,-0.2666666666666657,42.1,ACTIVE,0.030633602998932474
2026-09-18T07:09:39.689+07:00,15.13251761399988,4.2_25rpm,25.0,25.0,0,2026-09-18T07:09:27.555+07:00,3.000079473998994,26.666666666666668,26.8,26.733333333333334,-1.6666666666666679,-1.8000000000000007,42.1,ACTIVE,0.03808744700108946
2026-09-18T07:09:39.718+07:00,15.161118343999988,4.2_25rpm,25.0,25.0,0,2026-09-18T07:09:27.555+07:00,3.000079473998994,26.666666666666668,26.4,26.53333333333333,-1.6666666666666679,-1.3999999999999986,42.1,ACTIVE,0.028600730000107433
2026-09-18T07:09:39.756+07:00,15.190155722999407,4.2_25rpm,25.0,25.0,0,2026-09-18T07:09:27.555+07:00,3.000079473998994,26.666666666666668,26.533333333333335,26.6,-1.6666666666666679,-1.533333333333335,42.1,ACTIVE,0.02903737899941916
2026-09-18T07:09:39.797+07:00,15.24003799699858,4.2_25rpm,25.0,25.0,0,2026-09-18T07:09:27.555+07:00,3.000079473998994,26.666666666666668,25.6,26.133333333333333,-1.6666666666666679,-0.6000000000000014,42.1,ACTIVE,0.049882273999173776
2026-09-18T07:09:39.819+07:00,15.262320456999078,4.2_25rpm,25.0,25.0,0,2026-09-18T07:09:27.555+07:00,3.000079473998994,0.0,25.0,12.5,25.0,0.0,42.1,ACTIVE,0.02228246000049694
2026-09-18T07:09:39.847+07:00,15.289694602999589,4.2_25rpm,25.0,25.0,0,2026-09-18T07:09:27.555+07:00,3.000079473998994,4.2,25.4,14.799999999999999,20.8,-0.3999999999999986,42.1,ACTIVE,0.027374146000511246
2026-09-18T07:09:39.876+07:00,15.31504649999988,4.2_25rpm,25.0,25.0,0,2026-09-18T07:09:27.555+07:00,3.000079473998994,4.2,24.8,14.5,20.8,0.1999999999999993,42.1,ACTIVE,0.0253518970002915
2026-09-18T07:09:39.914+07:00,15.357138923000093,4.2_25rpm,25.0,25.0,0,2026-09-18T07:09:27.555+07:00,3.000079473998994,4.2,24.8,14.5,20.8,0.1999999999999993,42.1,ACTIVE,0.042092423000212875
2026-09-18T07:09:39.948+07:00,15.384365705998789,4.2_25rpm,25.0,25.0,0,2026-09-18T07:09:27.555+07:00,3.000079473998994,4.2,24.8,14.5,20.8,0.1999999999999993,42.1,ACTIVE,0.027226782998695853
2026-09-18T07:09:39.968+07:00,15.410680725999555,4.2_25rpm,25.0,25.0,0,2026-09-18T07:09:27.555+07:00,3.000079473998994,4.2,24.133333333333333,14.166666666666666,20.8,0.8666666666666671,42.1,ACTIVE,0.0263150200007658
2026-09-18T07:09:39.994+07:00,15.437698960999114,4.2_25rpm,25.0,25.0,0,2026-09-18T07:09:27.555+07:00,3.000079473998994,4.2,25.066666666666666,14.633333333333333,20.8,-0.06666666666666643,42.1,ACTIVE,0.027018234999559354
2026-09-18T07:09:40.021+07:00,15.463812760999645,4.2_25rpm,25.0,25.0,0,2026-09-18T07:09:27.555+07:00,3.000079473998994,4.2,25.2,14.7,20.8,-0.1999999999999993,42.1,ACTIVE,0.02611380000053032
2026-09-18T07:09:40.050+07:00,15.491607650999867,4.2_25rpm,25.0,25.0,0,2026-09-18T07:09:27.555+07:00,3.000079473998994,4.2,25.2,14.7,20.8,-0.1999999999999993,42.1,ACTIVE,0.02779489000022295
2026-09-18T07:09:40.082+07:00,15.519330412000272,4.2_25rpm,25.0,25.0,0,2026-09-18T07:09:27.555+07:00,3.000079473998994,4.2,25.066666666666666,14.633333333333333,20.8,-0.06666666666666643,42.1,ACTIVE,0.027722761000404716
2026-09-18T07:09:40.103+07:00,15.546048031999817,4.2_25rpm,25.0,25.0,0,2026-09-18T07:09:27.555+07:00,3.000079473998994,4.2,24.8,14.5,20.8,0.1999999999999993,42.1,ACTIVE,0.026717619999544695
2026-09-18T07:09:40.131+07:00,15.573690310999154,4.2_25rpm,25.0,25.0,0,2026-09-18T07:09:27.555+07:00,3.000079473998994,4.2,24.866666666666667,14.533333333333333,20.8,0.13333333333333286,42.1,ACTIVE,0.027642278999337577
2026-09-18T07:09:40.158+07:00,15.60019634299897,4.2_25rpm,25.0,25.0,0,2026-09-18T07:09:27.555+07:00,3.000079473998994,2.933333333333333,25.866666666666667,14.4,22.066666666666666,-0.8666666666666671,42.1,ACTIVE,0.026506031999815605
2026-09-18T07:09:40.183+07:00,15.625320715998896,4.2_25rpm,25.0,25.0,0,2026-09-18T07:09:27.555+07:00,3.000079473998994,2.933333333333333,25.666666666666668,14.3,22.066666666666666,-0.6666666666666679,42.1,ACTIVE,0.02512437299992598
2026-09-18T07:09:40.211+07:00,15.653337145999103,4.2_25rpm,25.0,25.0,0,2026-09-18T07:09:27.555+07:00,3.000079473998994,2.8,26.066666666666666,14.433333333333334,22.2,-1.0666666666666664,42.1,ACTIVE,0.028016430000207038
2026-09-18T07:09:40.236+07:00,15.678381100999104,4.2_25rpm,25.0,25.0,0,2026-09-18T07:09:27.555+07:00,3.000079473998994,2.8,26.533333333333335,14.666666666666668,22.2,-1.533333333333335,42.1,ACTIVE,0.025043955000001006
2026-09-18T07:09:40.291+07:00,15.723880887999258,4.2_25rpm,25.0,25.0,0,2026-09-18T07:09:27.555+07:00,3.000079473998994,5.533333333333333,25.933333333333334,15.733333333333334,19.46666666666667,-0.9333333333333336,42.1,ACTIVE,0.04549978700015345
2026-09-18T07:09:40.324+07:00,15.767631679998885,4.2_25rpm,25.0,25.0,0,2026-09-18T07:09:27.555+07:00,3.000079473998994,12.266666666666667,25.733333333333334,19.0,12.733333333333333,-0.7333333333333343,42.1,ACTIVE,0.043750791999627836
2026-09-18T07:09:40.350+07:00,15.793866314999832,4.2_25rpm,25.0,25.0,0,2026-09-18T07:09:27.555+07:00,3.000079473998994,15.0,24.466666666666665,19.733333333333334,10.0,0.533333333333335,42.1,ACTIVE,0.026234635000946582
2026-09-18T07:09:40.378+07:00,15.820480124999449,4.2_25rpm,25.0,25.0,0,2026-09-18T07:09:27.555+07:00,3.000079473998994,17.733333333333334,22.866666666666667,20.3,7.266666666666666,2.133333333333333,42.1,ACTIVE,0.026613809999616933
2026-09-18T07:09:40.404+07:00,15.847608185998979,4.2_25rpm,25.0,25.0,0,2026-09-18T07:09:27.555+07:00,3.000079473998994,21.2,22.266666666666666,21.733333333333334,3.8000000000000007,2.7333333333333343,42.1,ACTIVE,0.027128060999530135
2026-09-18T07:09:40.433+07:00,15.875204191999728,4.2_25rpm,25.0,25.0,0,2026-09-18T07:09:27.555+07:00,3.000079473998994,21.2,22.266666666666666,21.733333333333334,3.8000000000000007,2.7333333333333343,42.1,ACTIVE,0.027596006000749185
2026-09-18T07:09:40.459+07:00,15.90270918799979,4.2_25rpm,25.0,25.0,0,2026-09-18T07:09:27.555+07:00,3.000079473998994,21.2,21.333333333333332,21.266666666666666,3.8000000000000007,3.666666666666668,42.1,ACTIVE,0.02750499600006151
2026-09-18T07:09:40.491+07:00,15.933203843998854,4.2_25rpm,25.0,25.0,0,2026-09-18T07:09:27.555+07:00,3.000079473998994,21.2,23.8,22.5,3.8000000000000007,1.1999999999999993,42.1,ACTIVE,0.03049465599906398
2026-09-18T07:09:40.522+07:00,15.955956264999259,4.2_25rpm,25.0,25.0,0,2026-09-18T07:09:27.555+07:00,3.000079473998994,21.2,25.2,23.2,3.8000000000000007,-0.1999999999999993,42.1,ACTIVE,0.022752421000404865
2026-09-18T07:09:40.556+07:00,15.999000963000071,4.2_25rpm,25.0,25.0,0,2026-09-18T07:09:27.555+07:00,3.000079473998994,21.2,28.066666666666666,24.633333333333333,3.8000000000000007,-3.0666666666666664,42.1,ACTIVE,0.04304469800081279
2026-09-18T07:09:40.586+07:00,16.028613840999242,4.2_25rpm,25.0,25.0,0,2026-09-18T07:09:27.555+07:00,3.000079473998994,21.2,27.533333333333335,24.366666666666667,3.8000000000000007,-2.533333333333335,42.1,ACTIVE,0.02961287799917045
2026-09-18T07:09:40.612+07:00,16.054194862999793,4.2_25rpm,25.0,25.0,0,2026-09-18T07:09:27.555+07:00,3.000079473998994,21.2,27.8,24.5,3.8000000000000007,-2.8000000000000007,42.1,ACTIVE,0.025581022000551457
2026-09-18T07:09:40.644+07:00,16.08025298299981,4.2_25rpm,25.0,25.0,0,2026-09-18T07:09:27.555+07:00,3.000079473998994,21.2,28.666666666666668,24.933333333333334,3.8000000000000007,-3.666666666666668,42.1,ACTIVE,0.02605812000001606
2026-09-18T07:09:40.679+07:00,16.121192037999208,4.2_25rpm,25.0,25.0,0,2026-09-18T07:09:27.555+07:00,3.000079473998994,21.2,27.666666666666668,24.433333333333334,3.8000000000000007,-2.666666666666668,42.1,ACTIVE,0.04093905499939865
2026-09-18T07:09:40.706+07:00,16.146911078998528,4.2_25rpm,25.0,25.0,0,2026-09-18T07:09:27.555+07:00,3.000079473998994,21.2,26.2,23.7,3.8000000000000007,-1.1999999999999993,42.1,ACTIVE,0.025719040999319986
2026-09-18T07:09:40.743+07:00,16.1770498879996,4.2_25rpm,25.0,25.0,0,2026-09-18T07:09:27.555+07:00,3.000079473998994,21.2,24.666666666666668,22.933333333333334,3.8000000000000007,0.33333333333333215,42.2,ACTIVE,0.03013880900107324
2026-09-18T07:09:40.762+07:00,16.2048625059997,4.2_25rpm,25.0,25.0,0,2026-09-18T07:09:27.555+07:00,3.000079473998994,21.2,22.8,22.0,3.8000000000000007,2.1999999999999993,42.2,ACTIVE,0.027812618000098155
2026-09-18T07:09:40.790+07:00,16.233054172000266,4.2_25rpm,25.0,25.0,0,2026-09-18T07:09:27.555+07:00,3.000079473998994,21.2,22.266666666666666,21.733333333333334,3.8000000000000007,2.7333333333333343,42.2,ACTIVE,0.02819166600056633
2026-09-18T07:09:40.817+07:00,16.260040981998827,4.2_25rpm,25.0,25.0,0,2026-09-18T07:09:27.555+07:00,3.000079473998994,21.2,23.333333333333332,22.266666666666666,3.8000000000000007,1.6666666666666679,42.1,ACTIVE,0.026986809998561512
2026-09-18T07:09:40.846+07:00,16.288921364999624,4.2_25rpm,25.0,25.0,0,2026-09-18T07:09:27.555+07:00,3.000079473998994,21.2,24.133333333333333,22.666666666666664,3.8000000000000007,0.8666666666666671,42.2,ACTIVE,0.028880383000796428
2026-09-18T07:09:40.883+07:00,16.32169753800008,4.2_25rpm,25.0,25.0,0,2026-09-18T07:09:27.555+07:00,3.000079473998994,21.2,25.8,23.5,3.8000000000000007,-0.8000000000000007,42.2,ACTIVE,0.032776173000456765
2026-09-18T07:09:40.910+07:00,16.347078875998704,4.2_25rpm,25.0,25.0,0,2026-09-18T07:09:27.555+07:00,3.000079473998994,0.0,25.133333333333333,12.566666666666666,25.0,-0.13333333333333286,42.2,ACTIVE,0.025381337998624076
2026-09-18T07:09:40.935+07:00,16.377282773999468,4.2_25rpm,25.0,25.0,0,2026-09-18T07:09:27.555+07:00,3.000079473998994,0.0,25.333333333333332,12.666666666666666,25.0,-0.33333333333333215,42.2,ACTIVE,0.03020389800076373
2026-09-18T07:09:40.960+07:00,16.4026324309998,4.2_25rpm,25.0,25.0,0,2026-09-18T07:09:27.555+07:00,3.000079473998994,0.0,26.466666666666665,13.233333333333333,25.0,-1.466666666666665,42.2,ACTIVE,0.025349657000333536
2026-09-18T07:09:40.990+07:00,16.43282612099938,4.2_25rpm,25.0,25.0,0,2026-09-18T07:09:27.555+07:00,3.000079473998994,0.0,26.2,13.1,25.0,-1.1999999999999993,42.2,ACTIVE,0.030193689999578055
2026-09-18T07:09:41.018+07:00,16.461451811999723,4.2_25rpm,25.0,25.0,0,2026-09-18T07:09:27.555+07:00,3.000079473998994,0.0,26.133333333333333,13.066666666666666,25.0,-1.1333333333333329,42.2,ACTIVE,0.028625691000343068
2026-09-18T07:09:41.047+07:00,16.49032832299963,4.2_25rpm,25.0,25.0,0,2026-09-18T07:09:27.555+07:00,3.000079473998994,3.6666666666666665,25.6,14.633333333333335,21.333333333333332,-0.6000000000000014,42.2,ACTIVE,0.028876510999907623
2026-09-18T07:09:41.077+07:00,16.51726764399973,4.2_25rpm,25.0,25.0,0,2026-09-18T07:09:27.555+07:00,3.000079473998994,3.6,24.133333333333333,13.866666666666667,21.4,0.8666666666666671,42.1,ACTIVE,0.02693932100009988
2026-09-18T07:09:41.107+07:00,16.548204323999016,4.2_25rpm,25.0,25.0,0,2026-09-18T07:09:27.555+07:00,3.000079473998994,3.533333333333333,23.0,13.266666666666666,21.46666666666667,2.0,42.2,ACTIVE,0.030936679999285843
2026-09-18T07:09:41.135+07:00,16.577945844999704,4.2_25rpm,25.0,25.0,0,2026-09-18T07:09:27.555+07:00,3.000079473998994,3.466666666666667,22.933333333333334,13.2,21.53333333333333,2.0666666666666664,42.2,ACTIVE,0.0297415210006875
2026-09-18T07:09:41.182+07:00,16.62542359100007,4.2_25rpm,25.0,25.0,0,2026-09-18T07:09:27.555+07:00,3.000079473998994,16.133333333333333,22.8,19.46666666666667,8.866666666666667,2.1999999999999993,42.1,ACTIVE,0.047477746000367915
2026-09-18T07:09:41.209+07:00,16.65205676199912,4.2_25rpm,25.0,25.0,0,2026-09-18T07:09:27.555+07:00,3.000079473998994,18.266666666666666,24.066666666666666,21.166666666666664,6.733333333333334,0.9333333333333336,42.2,ACTIVE,0.02663317099904816
2026-09-18T07:09:41.240+07:00,16.683560428999044,4.2_25rpm,25.0,25.0,0,2026-09-18T07:09:27.555+07:00,3.000079473998994,20.933333333333334,24.4,22.666666666666664,4.066666666666666,0.6000000000000014,42.2,ACTIVE,0.03150366699992446
2026-09-18T07:09:41.270+07:00,16.711515033999603,4.2_25rpm,25.0,25.0,0,2026-09-18T07:09:27.555+07:00,3.000079473998994,24.4,24.8,24.6,0.6000000000000014,0.1999999999999993,42.2,ACTIVE,0.02795460500055924
2026-09-18T07:09:41.296+07:00,16.738848539000173,4.2_25rpm,25.0,25.0,0,2026-09-18T07:09:27.555+07:00,3.000079473998994,24.4,25.933333333333334,25.166666666666664,0.6000000000000014,-0.9333333333333336,42.2,ACTIVE,0.027333505000569858
2026-09-18T07:09:41.322+07:00,16.765370314999018,4.2_25rpm,25.0,25.0,0,2026-09-18T07:09:27.555+07:00,3.000079473998994,21.733333333333334,25.8,23.766666666666666,3.2666666666666657,-0.8000000000000007,42.2,ACTIVE,0.026521775998844532
2026-09-18T07:09:41.357+07:00,16.794220554000276,4.2_25rpm,25.0,25.0,0,2026-09-18T07:09:27.555+07:00,3.000079473998994,21.733333333333334,25.466666666666665,23.6,3.2666666666666657,-0.466666666666665,42.2,ACTIVE,0.02885023900125816
2026-09-18T07:09:41.376+07:00,16.81980800800011,4.2_25rpm,25.0,25.0,0,2026-09-18T07:09:27.555+07:00,3.000079473998994,21.733333333333334,25.066666666666666,23.4,3.2666666666666657,-0.06666666666666643,42.1,ACTIVE,0.025587453999833087
2026-09-18T07:09:41.408+07:00,16.850725487998716,4.2_25rpm,25.0,25.0,0,2026-09-18T07:09:27.555+07:00,3.000079473998994,21.733333333333334,23.866666666666667,22.8,3.2666666666666657,1.1333333333333329,42.2,ACTIVE,0.030917479998606723
2026-09-18T07:09:41.437+07:00,16.88021356399986,4.2_25rpm,25.0,25.0,0,2026-09-18T07:09:27.555+07:00,3.000079473998994,21.733333333333334,23.533333333333335,22.633333333333333,3.2666666666666657,1.466666666666665,42.2,ACTIVE,0.02948807600114378
2026-09-18T07:09:41.466+07:00,16.908974776999457,4.2_25rpm,25.0,25.0,0,2026-09-18T07:09:27.555+07:00,3.000079473998994,21.733333333333334,24.066666666666666,22.9,3.2666666666666657,0.9333333333333336,42.2,ACTIVE,0.028761212999597774
2026-09-18T07:09:41.494+07:00,16.93794866600001,4.2_25rpm,25.0,25.0,0,2026-09-18T07:09:27.555+07:00,3.000079473998994,21.733333333333334,24.533333333333335,23.133333333333333,3.2666666666666657,0.466666666666665,42.2,ACTIVE,0.028973889000553754
2026-09-18T07:09:41.528+07:00,16.97032403099911,4.2_25rpm,25.0,25.0,0,2026-09-18T07:09:27.555+07:00,3.000079473998994,21.733333333333334,24.8,23.266666666666666,3.2666666666666657,0.1999999999999993,42.2,ACTIVE,0.032375364999097656
2026-09-18T07:09:41.556+07:00,16.999173789999986,4.2_25rpm,25.0,25.0,0,2026-09-18T07:09:27.555+07:00,3.000079473998994,21.733333333333334,24.6,23.166666666666668,3.2666666666666657,0.3999999999999986,42.2,ACTIVE,0.028849759000877384
2026-09-18T07:09:41.598+07:00,17.04102447999867,4.2_25rpm,25.0,25.0,0,2026-09-18T07:09:27.555+07:00,3.000079473998994,21.733333333333334,23.4,22.566666666666666,3.2666666666666657,1.6000000000000014,42.2,ACTIVE,0.041850689998682356
2026-09-18T07:09:41.626+07:00,17.06947077499899,4.2_25rpm,25.0,25.0,0,2026-09-18T07:09:27.555+07:00,3.000079473998994,21.733333333333334,24.2,22.96666666666667,3.2666666666666657,0.8000000000000007,42.2,ACTIVE,0.028446295000321697
2026-09-18T07:09:41.652+07:00,17.095489565999742,4.2_25rpm,25.0,25.0,0,2026-09-18T07:09:27.555+07:00,3.000079473998994,21.733333333333334,24.333333333333332,23.03333333333333,3.2666666666666657,0.6666666666666679,42.2,ACTIVE,0.026018791000751662
2026-09-18T07:09:41.681+07:00,17.123050082998816,4.2_25rpm,25.0,25.0,0,2026-09-18T07:09:27.555+07:00,3.000079473998994,21.733333333333334,24.0,22.866666666666667,3.2666666666666657,1.0,42.2,ACTIVE,0.027560516999074025
2026-09-18T07:09:41.707+07:00,17.1508715330001,4.2_25rpm,25.0,25.0,0,2026-09-18T07:09:27.555+07:00,3.000079473998994,21.733333333333334,23.733333333333334,22.733333333333334,3.2666666666666657,1.2666666666666657,42.2,ACTIVE,0.027821450001283665
2026-09-18T07:09:41.735+07:00,17.17801236199921,4.2_25rpm,25.0,25.0,0,2026-09-18T07:09:27.555+07:00,3.000079473998994,21.733333333333334,22.266666666666666,22.0,3.2666666666666657,2.7333333333333343,42.2,ACTIVE,0.027140828999108635
2026-09-18T07:09:41.781+07:00,17.223337872999764,4.2_25rpm,25.0,25.0,0,2026-09-18T07:09:27.555+07:00,3.000079473998994,21.733333333333334,22.133333333333333,21.933333333333334,3.2666666666666657,2.866666666666667,42.2,ACTIVE,0.04532551100055571
2026-09-18T07:09:41.808+07:00,17.25180461599848,4.2_25rpm,25.0,25.0,0,2026-09-18T07:09:27.555+07:00,3.000079473998994,0.0,23.133333333333333,11.566666666666666,25.0,1.8666666666666671,42.2,ACTIVE,0.028466742998716654
2026-09-18T07:09:41.836+07:00,17.27926426799968,4.2_25rpm,25.0,25.0,0,2026-09-18T07:09:27.555+07:00,3.000079473998994,0.0,23.266666666666666,11.633333333333333,25.0,1.7333333333333343,42.2,ACTIVE,0.027459652001198265
2026-09-18T07:09:41.863+07:00,17.306031680998785,4.2_25rpm,25.0,25.0,0,2026-09-18T07:09:27.555+07:00,3.000079473998994,0.0,23.6,11.8,25.0,1.3999999999999986,42.2,ACTIVE,0.026767412999106455
2026-09-18T07:09:41.893+07:00,17.336142840998946,4.2_25rpm,25.0,25.0,0,2026-09-18T07:09:27.555+07:00,3.000079473998994,0.0,23.733333333333334,11.866666666666667,25.0,1.2666666666666657,42.2,ACTIVE,0.030111160000160453
2026-09-18T07:09:41.921+07:00,17.36425396099912,4.2_25rpm,25.0,25.0,0,2026-09-18T07:09:27.555+07:00,3.000079473998994,0.0,22.733333333333334,11.366666666666667,25.0,2.2666666666666657,42.2,ACTIVE,0.028111120000176015
2026-09-18T07:09:41.956+07:00,17.393203370000265,4.2_25rpm,25.0,25.0,0,2026-09-18T07:09:27.555+07:00,3.000079473998994,3.533333333333333,22.4,12.966666666666665,21.46666666666667,2.6000000000000014,42.2,ACTIVE,0.028949409001143067
2026-09-18T07:09:41.986+07:00,17.419459732998803,4.2_25rpm,25.0,25.0,0,2026-09-18T07:09:27.555+07:00,3.000079473998994,3.533333333333333,23.2,13.366666666666667,21.46666666666667,1.8000000000000007,42.2,ACTIVE,0.026256362998537952
2026-09-18T07:09:42.008+07:00,17.450932039999316,4.2_25rpm,25.0,25.0,0,2026-09-18T07:09:27.555+07:00,3.000079473998994,3.466666666666667,23.2,13.333333333333332,21.53333333333333,1.8000000000000007,42.2,ACTIVE,0.031472307000512956
2026-09-18T07:09:42.049+07:00,17.491648114999407,4.2_25rpm,25.0,25.0,0,2026-09-18T07:09:27.555+07:00,3.000079473998994,3.466666666666667,24.4,13.933333333333334,21.53333333333333,0.6000000000000014,42.2,ACTIVE,0.04071607500009122
2026-09-18T07:09:42.084+07:00,17.523041028998705,4.2_25rpm,25.0,25.0,0,2026-09-18T07:09:27.555+07:00,3.000079473998994,3.3333333333333335,23.933333333333334,13.633333333333333,21.666666666666668,1.0666666666666664,42.2,ACTIVE,0.03139291399929789
2026-09-18T07:09:42.120+07:00,17.56156461199862,4.2_25rpm,25.0,25.0,0,2026-09-18T07:09:27.555+07:00,3.000079473998994,13.466666666666667,23.933333333333334,18.7,11.533333333333333,1.0666666666666664,42.2,ACTIVE,0.03852358299991465
2026-09-18T07:09:42.144+07:00,17.58715270599896,4.2_25rpm,25.0,25.0,0,2026-09-18T07:09:27.555+07:00,3.000079473998994,15.333333333333334,25.066666666666666,20.2,9.666666666666666,-0.06666666666666643,42.2,ACTIVE,0.02558809400034079
2026-09-18T07:09:42.188+07:00,17.63140977999865,4.2_25rpm,25.0,25.0,0,2026-09-18T07:09:27.555+07:00,3.000079473998994,17.4,24.6,21.0,7.600000000000001,0.3999999999999986,42.2,ACTIVE,0.044257073999688146
2026-09-18T07:09:42.217+07:00,17.660008173999813,4.2_25rpm,25.0,25.0,0,2026-09-18T07:09:27.555+07:00,3.000079473998994,24.666666666666668,25.333333333333332,25.0,0.33333333333333215,-0.33333333333333215,42.2,ACTIVE,0.028598394001164706
2026-09-18T07:09:42.244+07:00,17.686830787999497,4.2_25rpm,25.0,25.0,0,2026-09-18T07:09:27.555+07:00,3.000079473998994,23.466666666666665,24.333333333333332,23.9,1.533333333333335,0.6666666666666679,42.2,ACTIVE,0.02682261399968411
2026-09-18T07:09:42.274+07:00,17.713802557000236,4.2_25rpm,25.0,25.0,0,2026-09-18T07:09:27.555+07:00,3.000079473998994,23.466666666666665,24.0,23.733333333333334,1.533333333333335,1.0,42.2,ACTIVE,0.026971769000738277
2026-09-18T07:09:42.300+07:00,17.743287240999052,4.2_25rpm,25.0,25.0,0,2026-09-18T07:09:27.555+07:00,3.000079473998994,18.733333333333334,24.6,21.666666666666668,6.266666666666666,0.3999999999999986,42.2,ACTIVE,0.029484683998816763
2026-09-18T07:09:42.325+07:00,17.76846943899909,4.2_25rpm,25.0,25.0,0,2026-09-18T07:09:27.555+07:00,3.000079473998994,18.733333333333334,24.066666666666666,21.4,6.266666666666666,0.9333333333333336,42.2,ACTIVE,0.025182198000038625
2026-09-18T07:09:42.354+07:00,17.7969233169988,4.2_25rpm,25.0,25.0,0,2026-09-18T07:09:27.555+07:00,3.000079473998994,18.733333333333334,24.066666666666666,21.4,6.266666666666666,0.9333333333333336,42.2,ACTIVE,0.02845387799970922
2026-09-18T07:09:42.382+07:00,17.825496526998904,4.2_25rpm,25.0,25.0,0,2026-09-18T07:09:27.555+07:00,3.000079473998994,18.733333333333334,24.8,21.766666666666666,6.266666666666666,0.1999999999999993,42.2,ACTIVE,0.028573210000104154
2026-09-18T07:09:42.409+07:00,17.852827918999537,4.2_25rpm,25.0,25.0,0,2026-09-18T07:09:27.555+07:00,3.000079473998994,18.733333333333334,24.4,21.566666666666666,6.266666666666666,0.6000000000000014,42.2,ACTIVE,0.02733139200063306
2026-09-18T07:09:42.435+07:00,17.878029060999324,4.2_25rpm,25.0,25.0,0,2026-09-18T07:09:27.555+07:00,3.000079473998994,18.733333333333334,24.6,21.666666666666668,6.266666666666666,0.3999999999999986,42.2,ACTIVE,0.02520114199978707
2026-09-18T07:09:42.465+07:00,17.90783810299945,4.2_25rpm,25.0,25.0,0,2026-09-18T07:09:27.555+07:00,3.000079473998994,18.733333333333334,25.933333333333334,22.333333333333336,6.266666666666666,-0.9333333333333336,42.2,ACTIVE,0.029809042000124464
2026-09-18T07:09:42.493+07:00,17.935605759999817,4.2_25rpm,25.0,25.0,0,2026-09-18T07:09:27.555+07:00,3.000079473998994,18.733333333333334,25.933333333333334,22.333333333333336,6.266666666666666,-0.9333333333333336,42.2,ACTIVE,0.027767657000367763
2026-09-18T07:09:42.520+07:00,17.963195717999042,4.2_25rpm,25.0,25.0,0,2026-09-18T07:09:27.555+07:00,3.000079473998994,18.733333333333334,25.733333333333334,22.233333333333334,6.266666666666666,-0.7333333333333343,42.2,ACTIVE,0.02758995799922559
2026-09-18T07:09:42.548+07:00,17.99131371799922,4.2_25rpm,25.0,25.0,0,2026-09-18T07:09:27.555+07:00,3.000079473998994,18.733333333333334,26.2,22.46666666666667,6.266666666666666,-1.1999999999999993,42.2,ACTIVE,0.028118000000176835
2026-09-18T07:09:42.577+07:00,18.0201681489998,4.2_25rpm,25.0,25.0,0,2026-09-18T07:09:27.555+07:00,3.000079473998994,18.733333333333334,25.133333333333333,21.933333333333334,6.266666666666666,-0.13333333333333286,42.2,ACTIVE,0.028854431000581826
2026-09-18T07:09:42.621+07:00,18.063702232999276,4.2_25rpm,25.0,25.0,0,2026-09-18T07:09:27.555+07:00,3.000079473998994,18.733333333333334,25.933333333333334,22.333333333333336,6.266666666666666,-0.9333333333333336,42.2,ACTIVE,0.043534083999475115
2026-09-18T07:09:42.647+07:00,18.08998509199955,4.2_25rpm,25.0,25.0,0,2026-09-18T07:09:27.555+07:00,3.000079473998994,18.733333333333334,25.466666666666665,22.1,6.266666666666666,-0.466666666666665,42.2,ACTIVE,0.026282859000275494
2026-09-18T07:09:42.677+07:00,18.12002652299998,4.2_25rpm,25.0,25.0,0,2026-09-18T07:09:27.555+07:00,3.000079473998994,18.733333333333334,25.533333333333335,22.133333333333333,6.266666666666666,-0.533333333333335,42.2,ACTIVE,0.03004143100042711
2026-09-18T07:09:42.708+07:00,18.14754249499856,4.2_25rpm,25.0,25.0,0,2026-09-18T07:09:27.555+07:00,3.000079473998994,18.733333333333334,25.733333333333334,22.233333333333334,6.266666666666666,-0.7333333333333343,42.2,ACTIVE,0.027515971998582245
2026-09-18T07:09:42.731+07:00,18.17482242999904,4.2_25rpm,25.0,25.0,0,2026-09-18T07:09:27.555+07:00,3.000079473998994,18.733333333333334,24.666666666666668,21.700000000000003,6.266666666666666,0.33333333333333215,42.2,ACTIVE,0.027279935000478872
2026-09-18T07:09:42.760+07:00,18.20365826899979,4.2_25rpm,25.0,25.0,0,2026-09-18T07:09:27.555+07:00,3.000079473998994,18.733333333333334,25.0,21.866666666666667,6.266666666666666,0.0,42.2,ACTIVE,0.02883583900074882
2026-09-18T07:09:42.788+07:00,18.23149991199898,4.2_25rpm,25.0,25.0,0,2026-09-18T07:09:27.555+07:00,3.000079473998994,18.733333333333334,24.733333333333334,21.733333333333334,6.266666666666666,0.2666666666666657,42.2,ACTIVE,0.027841642999192118
2026-09-18T07:09:42.817+07:00,18.260219235999102,4.2_25rpm,25.0,25.0,0,2026-09-18T07:09:27.555+07:00,3.000079473998994,0.0,24.6,12.3,25.0,0.3999999999999986,42.2,ACTIVE,0.02871932400012156
2026-09-18T07:09:42.845+07:00,18.288093198998467,4.2_25rpm,25.0,25.0,0,2026-09-18T07:09:27.555+07:00,3.000079473998994,0.0,24.8,12.4,25.0,0.1999999999999993,42.2,ACTIVE,0.027873962999365176
2026-09-18T07:09:42.877+07:00,18.319474783998885,4.2_25rpm,25.0,25.0,0,2026-09-18T07:09:27.555+07:00,3.000079473998994,3.8,23.8,13.8,21.2,1.1999999999999993,42.2,ACTIVE,0.031381585000417545
2026-09-18T07:09:42.909+07:00,18.35197770400009,4.2_25rpm,25.0,25.0,0,2026-09-18T07:09:27.555+07:00,3.000079473998994,3.8,23.333333333333332,13.566666666666666,21.2,1.6666666666666679,42.2,ACTIVE,0.0325029200012068
2026-09-18T07:09:42.937+07:00,18.380403485998613,4.2_25rpm,25.0,25.0,0,2026-09-18T07:09:27.555+07:00,3.000079473998994,3.6666666666666665,23.933333333333334,13.8,21.333333333333332,1.0666666666666664,42.2,ACTIVE,0.028425781998521416
2026-09-18T07:09:42.966+07:00,18.409313853999265,4.2_25rpm,25.0,25.0,0,2026-09-18T07:09:27.555+07:00,3.000079473998994,3.6666666666666665,23.333333333333332,13.5,21.333333333333332,1.6666666666666679,42.2,ACTIVE,0.028910368000651943
2026-09-18T07:09:43.015+07:00,18.45810512999924,4.2_25rpm,25.0,25.0,0,2026-09-18T07:09:27.555+07:00,3.000079473998994,3.6666666666666665,24.066666666666666,13.866666666666667,21.333333333333332,0.9333333333333336,42.2,ACTIVE,0.04879127599997446
2026-09-18T07:09:43.042+07:00,18.485060802999215,4.2_25rpm,25.0,25.0,0,2026-09-18T07:09:27.555+07:00,3.000079473998994,17.066666666666666,23.733333333333334,20.4,7.933333333333334,1.2666666666666657,42.2,ACTIVE,0.026955672999974922
2026-09-18T07:09:43.070+07:00,18.513089489999402,4.2_25rpm,25.0,25.0,0,2026-09-18T07:09:27.555+07:00,3.000079473998994,19.8,24.666666666666668,22.233333333333334,5.199999999999999,0.33333333333333215,42.2,ACTIVE,0.028028687000187347
2026-09-18T07:09:43.100+07:00,18.543880310999157,4.2_25rpm,25.0,25.0,0,2026-09-18T07:09:27.555+07:00,3.000079473998994,22.533333333333335,26.333333333333332,24.433333333333334,2.466666666666665,-1.3333333333333321,42.2,ACTIVE,0.030790820999754942
2026-09-18T07:09:43.127+07:00,18.57090305699967,4.2_25rpm,25.0,25.0,0,2026-09-18T07:09:27.555+07:00,3.000079473998994,22.533333333333335,26.866666666666667,24.700000000000003,2.466666666666665,-1.8666666666666671,42.2,ACTIVE,0.027022746000511688
2026-09-18T07:09:43.154+07:00,18.597909930998867,4.2_25rpm,25.0,25.0,0,2026-09-18T07:09:27.555+07:00,3.000079473998994,22.466666666666665,27.2,24.833333333333332,2.533333333333335,-2.1999999999999993,42.2,ACTIVE,0.027006873999198433
2026-09-18T07:09:43.188+07:00,18.631384645999788,4.2_25rpm,25.0,25.0,0,2026-09-18T07:09:27.555+07:00,3.000079473998994,22.466666666666665,27.4,24.93333333333333,2.533333333333335,-2.3999999999999986,42.2,ACTIVE,0.033474715000920696
2026-09-18T07:09:43.220+07:00,18.6631636789989,4.2_25rpm,25.0,25.0,0,2026-09-18T07:09:27.555+07:00,3.000079473998994,22.466666666666665,25.666666666666668,24.066666666666666,2.533333333333335,-0.6666666666666679,42.2,ACTIVE,0.03177903299911122
2026-09-18T07:09:43.249+07:00,18.68947473099979,4.2_25rpm,25.0,25.0,0,2026-09-18T07:09:27.555+07:00,3.000079473998994,22.466666666666665,26.0,24.233333333333334,2.533333333333335,-1.0,42.2,ACTIVE,0.026311052000892232
2026-09-18T07:09:43.272+07:00,18.71533508599896,4.2_25rpm,25.0,25.0,0,2026-09-18T07:09:27.555+07:00,3.000079473998994,22.466666666666665,24.866666666666667,23.666666666666664,2.533333333333335,0.13333333333333286,42.2,ACTIVE,0.025860354999167612
2026-09-18T07:09:43.301+07:00,18.74246519499866,4.2_25rpm,25.0,25.0,0,2026-09-18T07:09:27.555+07:00,3.000079473998994,22.466666666666665,24.866666666666667,23.666666666666664,2.533333333333335,0.13333333333333286,42.2,ACTIVE,0.027130108999699587
2026-09-18T07:09:43.326+07:00,18.768842104000214,4.2_25rpm,25.0,25.0,0,2026-09-18T07:09:27.555+07:00,3.000079473998994,22.466666666666665,23.333333333333332,22.9,2.533333333333335,1.6666666666666679,42.2,ACTIVE,0.02637690900155576
2026-09-18T07:09:43.353+07:00,18.79626543499944,4.2_25rpm,25.0,25.0,0,2026-09-18T07:09:27.555+07:00,3.000079473998994,22.466666666666665,22.266666666666666,22.366666666666667,2.533333333333335,2.7333333333333343,42.2,ACTIVE,0.02742333099922689
2026-09-18T07:09:43.385+07:00,18.82809051699951,4.2_25rpm,25.0,25.0,0,2026-09-18T07:09:27.555+07:00,3.000079473998994,22.466666666666665,20.933333333333334,21.7,2.533333333333335,4.066666666666666,42.2,ACTIVE,0.031825082000068505
2026-09-18T07:09:43.415+07:00,18.858255917999486,4.2_25rpm,25.0,25.0,0,2026-09-18T07:09:27.555+07:00,3.000079473998994,22.466666666666665,21.2,21.833333333333332,2.533333333333335,3.8000000000000007,42.2,ACTIVE,0.030165400999976555
2026-09-18T07:09:43.444+07:00,18.887218317999213,4.2_25rpm,25.0,25.0,0,2026-09-18T07:09:27.555+07:00,3.000079473998994,22.466666666666665,24.933333333333334,23.7,2.533333333333335,0.06666666666666643,42.2,ACTIVE,0.028962399999727495
2026-09-18T07:09:43.476+07:00,18.918736449999415,4.2_25rpm,25.0,25.0,0,2026-09-18T07:09:27.555+07:00,3.000079473998994,22.466666666666665,26.866666666666667,24.666666666666664,2.533333333333335,-1.8666666666666671,42.2,ACTIVE,0.03151813200020115
2026-09-18T07:09:43.508+07:00,18.951493998998558,4.2_25rpm,25.0,25.0,0,2026-09-18T07:09:27.555+07:00,3.000079473998994,22.466666666666665,27.8,25.133333333333333,2.533333333333335,-2.8000000000000007,42.2,ACTIVE,0.03275754899914318
2026-09-18T07:09:43.535+07:00,18.977985726998668,4.2_25rpm,25.0,25.0,0,2026-09-18T07:09:27.555+07:00,3.000079473998994,22.466666666666665,27.133333333333333,24.799999999999997,2.533333333333335,-2.133333333333333,42.2,ACTIVE,0.026491728000110015
2026-09-18T07:09:43.568+07:00,19.010749035000117,4.2_25rpm,25.0,25.0,0,2026-09-18T07:09:27.555+07:00,3.000079473998994,22.466666666666665,27.133333333333333,24.799999999999997,2.533333333333335,-2.133333333333333,42.2,ACTIVE,0.03276330800144933
2026-09-18T07:09:43.596+07:00,19.039318307999565,4.2_25rpm,25.0,25.0,0,2026-09-18T07:09:27.555+07:00,3.000079473998994,22.466666666666665,26.733333333333334,24.6,2.533333333333335,-1.7333333333333343,42.2,ACTIVE,0.028569272999448003
2026-09-18T07:09:43.624+07:00,19.067639384998984,4.2_25rpm,25.0,25.0,0,2026-09-18T07:09:27.555+07:00,3.000079473998994,22.466666666666665,25.8,24.133333333333333,2.533333333333335,-0.8000000000000007,42.2,ACTIVE,0.028321076999418437
2026-09-18T07:09:43.673+07:00,19.116555462998804,4.2_25rpm,25.0,25.0,0,2026-09-18T07:09:27.555+07:00,3.000079473998994,0.0,24.933333333333334,12.466666666666667,25.0,0.06666666666666643,42.2,ACTIVE,0.04891607799982012
2026-09-18T07:09:43.700+07:00,19.14332565999939,4.2_25rpm,25.0,25.0,0,2026-09-18T07:09:27.555+07:00,3.000079473998994,4.066666666666666,23.6,13.833333333333334,20.933333333333334,1.3999999999999986,42.2,ACTIVE,0.02677019700058736
2026-09-18T07:09:43.725+07:00,19.168718709999666,4.2_25rpm,25.0,25.0,0,2026-09-18T07:09:27.555+07:00,3.000079473998994,4.066666666666666,22.866666666666667,13.466666666666667,20.933333333333334,2.133333333333333,42.2,ACTIVE,0.025393050000275252
2026-09-18T07:09:43.752+07:00,19.195498539000255,4.2_25rpm,25.0,25.0,0,2026-09-18T07:09:27.555+07:00,3.000079473998994,3.933333333333333,23.6,13.766666666666667,21.066666666666666,1.3999999999999986,42.2,ACTIVE,0.026779829000588506
2026-09-18T07:09:43.781+07:00,19.223081041000114,4.2_25rpm,25.0,25.0,0,2026-09-18T07:09:27.555+07:00,3.000079473998994,3.8666666666666667,24.266666666666666,14.066666666666666,21.133333333333333,0.7333333333333343,42.2,ACTIVE,0.027582501999859232
2026-09-18T07:09:43.808+07:00,19.25183950199971,4.2_25rpm,25.0,25.0,0,2026-09-18T07:09:27.555+07:00,3.000079473998994,3.8666666666666667,25.0,14.433333333333334,21.133333333333333,0.0,42.2,ACTIVE,0.028758460999597446
2026-09-18T07:09:43.844+07:00,19.284568313998534,4.2_25rpm,25.0,25.0,0,2026-09-18T07:09:27.555+07:00,3.000079473998994,17.933333333333334,25.933333333333334,21.933333333333334,7.066666666666666,-0.9333333333333336,42.2,ACTIVE,0.032728811998822493
2026-09-18T07:09:43.875+07:00,19.313852288998532,4.2_25rpm,25.0,25.0,0,2026-09-18T07:09:27.555+07:00,3.000079473998994,20.866666666666667,26.133333333333333,23.5,4.133333333333333,-1.1333333333333329,42.2,ACTIVE,0.029283974999998463
2026-09-18T07:09:43.893+07:00,19.336503331998756,4.2_25rpm,25.0,25.0,0,2026-09-18T07:09:27.555+07:00,3.000079473998994,25.0,26.8,25.9,0.0,-1.8000000000000007,42.2,ACTIVE,0.02265104300022358
2026-09-18T07:09:43.924+07:00,19.36787976499909,4.2_25rpm,25.0,25.0,0,2026-09-18T07:09:27.555+07:00,3.000079473998994,31.533333333333335,26.8,29.166666666666668,-6.533333333333335,-1.8000000000000007,42.2,ACTIVE,0.03137643300033233
2026-09-18T07:09:43.974+07:00,19.417832887998884,4.2_25rpm,25.0,25.0,0,2026-09-18T07:09:27.555+07:00,3.000079473998994,29.2,26.8,28.0,-4.199999999999999,-1.8000000000000007,42.2,ACTIVE,0.049953122999795596
2026-09-18T07:09:44.000+07:00,19.44350139999915,4.2_25rpm,25.0,25.0,0,2026-09-18T07:09:27.555+07:00,3.000079473998994,21.666666666666668,26.0,23.833333333333336,3.333333333333332,-1.0,42.2,ACTIVE,0.025668512000265764
2026-09-18T07:09:44.027+07:00,19.47060878799857,4.2_25rpm,25.0,25.0,0,2026-09-18T07:09:27.555+07:00,3.000079473998994,0.0,25.466666666666665,12.733333333333333,25.0,-0.466666666666665,42.2,ACTIVE,0.027107387999421917
2026-09-18T07:09:44.054+07:00,19.49739437700009,4.2_25rpm,25.0,25.0,0,2026-09-18T07:09:27.555+07:00,3.000079473998994,0.0,26.066666666666666,13.033333333333333,25.0,-1.0666666666666664,42.2,ACTIVE,0.02678558900151984
2026-09-18T07:09:44.079+07:00,19.522581215000173,4.2_25rpm,25.0,25.0,0,2026-09-18T07:09:27.555+07:00,3.000079473998994,0.0,25.666666666666668,12.833333333333334,25.0,-0.6666666666666679,42.2,ACTIVE,0.02518683800008148
2026-09-18T07:09:44.107+07:00,19.55089893100012,4.2_25rpm,25.0,25.0,0,2026-09-18T07:09:27.555+07:00,3.000079473998994,0.0,25.333333333333332,12.666666666666666,25.0,-0.33333333333333215,42.2,ACTIVE,0.028317715999946813
2026-09-18T07:09:44.135+07:00,19.577990669999053,4.2_25rpm,25.0,25.0,0,2026-09-18T07:09:27.555+07:00,3.000079473998994,0.0,25.333333333333332,12.666666666666666,25.0,-0.33333333333333215,42.2,ACTIVE,0.02709173899893358
2026-09-18T07:09:44.178+07:00,19.620909156999915,4.2_25rpm,25.0,25.0,0,2026-09-18T07:09:27.555+07:00,3.000079473998994,0.0,23.2,11.6,25.0,1.8000000000000007,42.2,ACTIVE,0.042918487000861205
2026-09-18T07:09:44.205+07:00,19.647911647,4.2_25rpm,25.0,25.0,0,2026-09-18T07:09:27.555+07:00,3.000079473998994,0.0,23.6,11.8,25.0,1.3999999999999986,42.2,ACTIVE,0.027002490000086254
2026-09-18T07:09:44.232+07:00,19.675111228998503,4.2_25rpm,25.0,25.0,0,2026-09-18T07:09:27.555+07:00,3.000079473998994,21.666666666666668,23.6,22.633333333333333,3.333333333333332,1.3999999999999986,42.2,ACTIVE,0.027199581998502254
2026-09-18T07:09:44.259+07:00,19.702239064999958,4.2_25rpm,25.0,25.0,0,2026-09-18T07:09:27.555+07:00,3.000079473998994,29.733333333333334,23.333333333333332,26.53333333333333,-4.733333333333334,1.6666666666666679,42.2,ACTIVE,0.027127836001454853
2026-09-18T07:09:44.291+07:00,19.73241304200019,4.2_25rpm,25.0,25.0,0,2026-09-18T07:09:27.555+07:00,3.000079473998994,34.13333333333333,24.866666666666667,29.5,-9.133333333333333,0.13333333333333286,42.2,ACTIVE,0.03017397700023139
2026-09-18T07:09:44.319+07:00,19.76192550199994,4.2_25rpm,25.0,25.0,0,2026-09-18T07:09:27.555+07:00,3.000079473998994,35.06666666666667,25.066666666666666,30.06666666666667,-10.06666666666667,-0.06666666666666643,42.2,ACTIVE,0.029512459999750718
2026-09-18T07:09:44.346+07:00,19.786901102999764,4.2_25rpm,25.0,25.0,0,2026-09-18T07:09:27.555+07:00,3.000079473998994,29.4,26.266666666666666,27.833333333333332,-4.399999999999999,-1.2666666666666657,42.2,ACTIVE,0.024975600999823655
2026-09-18T07:09:44.376+07:00,19.819281075999243,4.2_25rpm,25.0,25.0,0,2026-09-18T07:09:27.555+07:00,3.000079473998994,29.4,28.2,28.799999999999997,-4.399999999999999,-3.1999999999999993,42.2,ACTIVE,0.03237997299947892
2026-09-18T07:09:44.403+07:00,19.846262445998946,4.2_25rpm,25.0,25.0,0,2026-09-18T07:09:27.555+07:00,3.000079473998994,18.333333333333332,28.533333333333335,23.433333333333334,6.666666666666668,-3.533333333333335,42.2,ACTIVE,0.02698136999970302
2026-09-18T07:09:44.450+07:00,19.891129546998854,4.2_25rpm,25.0,25.0,0,2026-09-18T07:09:27.555+07:00,3.000079473998994,18.333333333333332,27.533333333333335,22.933333333333334,6.666666666666668,-2.533333333333335,42.2,ACTIVE,0.04486710099990887
2026-09-18T07:09:44.484+07:00,19.926922611999544,4.2_25rpm,25.0,25.0,0,2026-09-18T07:09:27.555+07:00,3.000079473998994,14.6,23.533333333333335,19.066666666666666,10.4,1.466666666666665,42.2,ACTIVE,0.03579306500068924
2026-09-18T07:09:44.509+07:00,19.951928454000154,4.2_25rpm,25.0,25.0,0,2026-09-18T07:09:27.555+07:00,3.000079473998994,14.6,21.733333333333334,18.166666666666668,10.4,3.2666666666666657,42.2,ACTIVE,0.025005842000609846
2026-09-18T07:09:44.540+07:00,19.983777216999442,4.2_25rpm,25.0,25.0,0,2026-09-18T07:09:27.555+07:00,3.000079473998994,14.6,21.8,18.2,10.4,3.1999999999999993,42.2,ACTIVE,0.03184876299928874
2026-09-18T07:09:44.565+07:00,20.006685096999718,4.2_25rpm,25.0,25.0,0,2026-09-18T07:09:27.555+07:00,3.000079473998994,14.6,21.2,17.9,10.4,3.8000000000000007,42.2,ACTIVE,0.022907880000275327
2026-09-18T07:09:44.592+07:00,20.034728278998955,4.2_25rpm,25.0,25.0,0,2026-09-18T07:09:27.555+07:00,3.000079473998994,14.6,21.666666666666668,18.133333333333333,10.4,3.333333333333332,42.2,ACTIVE,0.028043181999237277
2026-09-18T07:09:44.617+07:00,20.060523416999786,4.2_25rpm,25.0,25.0,0,2026-09-18T07:09:27.555+07:00,3.000079473998994,14.6,23.133333333333333,18.866666666666667,10.4,1.8666666666666671,42.2,ACTIVE,0.025795138000830775
2026-09-18T07:09:44.647+07:00,20.090128742998786,4.2_25rpm,25.0,25.0,0,2026-09-18T07:09:27.555+07:00,3.000079473998994,14.6,23.333333333333332,18.966666666666665,10.4,1.6666666666666679,42.2,ACTIVE,0.029605325999000343
2026-09-18T07:09:44.676+07:00,20.118090003999896,4.2_25rpm,25.0,25.0,0,2026-09-18T07:09:27.555+07:00,3.000079473998994,14.6,24.533333333333335,19.566666666666666,10.4,0.466666666666665,42.2,ACTIVE,0.02796126100110996
2026-09-18T07:09:44.704+07:00,20.147156662998896,4.2_25rpm,25.0,25.0,0,2026-09-18T07:09:27.555+07:00,3.000079473998994,14.6,26.533333333333335,20.566666666666666,10.4,-1.533333333333335,42.2,ACTIVE,0.029066658998999628
2026-09-18T07:09:44.735+07:00,20.178064029998495,4.2_25rpm,25.0,25.0,0,2026-09-18T07:09:27.555+07:00,3.000079473998994,14.6,27.0,20.8,10.4,-2.0,42.2,ACTIVE,0.030907366999599617
2026-09-18T07:09:44.764+07:00,20.207346117998895,4.2_25rpm,25.0,25.0,0,2026-09-18T07:09:27.555+07:00,3.000079473998994,14.6,27.266666666666666,20.933333333333334,10.4,-2.2666666666666657,42.2,ACTIVE,0.02928208800040011
2026-09-18T07:09:44.796+07:00,20.2382590849993,4.2_25rpm,25.0,25.0,0,2026-09-18T07:09:27.555+07:00,3.000079473998994,14.6,26.4,20.5,10.4,-1.3999999999999986,42.2,ACTIVE,0.030912967000404024
2026-09-18T07:09:44.844+07:00,20.28492683100012,4.2_25rpm,25.0,25.0,0,2026-09-18T07:09:27.555+07:00,3.000079473998994,14.6,25.333333333333332,19.966666666666665,10.4,-0.33333333333333215,42.2,ACTIVE,0.04666774600082135
2026-09-18T07:09:44.869+07:00,20.312673206999534,4.2_25rpm,25.0,25.0,0,2026-09-18T07:09:27.555+07:00,3.000079473998994,14.6,25.666666666666668,20.133333333333333,10.4,-0.6666666666666679,42.2,ACTIVE,0.02774637599941343
2026-09-18T07:09:44.898+07:00,20.340227707998565,4.2_25rpm,25.0,25.0,0,2026-09-18T07:09:27.555+07:00,3.000079473998994,14.6,24.8,19.7,10.4,0.1999999999999993,42.2,ACTIVE,0.027554500999031006
2026-09-18T07:09:44.921+07:00,20.364270938998743,4.2_25rpm,25.0,25.0,0,2026-09-18T07:09:27.555+07:00,3.000079473998994,14.6,24.066666666666666,19.333333333333332,10.4,0.9333333333333336,42.2,ACTIVE,0.02404323100017791
2026-09-18T07:09:44.952+07:00,20.39559655499943,4.2_25rpm,25.0,25.0,0,2026-09-18T07:09:27.555+07:00,3.000079473998994,0.0,24.4,12.2,25.0,0.6000000000000014,42.2,ACTIVE,0.03132561600068584
2026-09-18T07:09:44.983+07:00,20.423890238998865,4.2_25rpm,25.0,25.0,0,2026-09-18T07:09:27.555+07:00,3.000079473998994,0.0,23.733333333333334,11.866666666666667,25.0,1.2666666666666657,42.2,ACTIVE,0.028293683999436325
2026-09-18T07:09:45.010+07:00,20.453107427998475,4.2_25rpm,25.0,25.0,0,2026-09-18T07:09:27.555+07:00,3.000079473998994,0.0,25.466666666666665,12.733333333333333,25.0,-0.466666666666665,42.1,ACTIVE,0.02921718899960979
2026-09-18T07:09:45.045+07:00,20.48781983200024,4.2_25rpm,25.0,25.0,0,2026-09-18T07:09:27.555+07:00,3.000079473998994,3.533333333333333,25.466666666666665,14.5,21.46666666666667,-0.466666666666665,42.2,ACTIVE,0.03471240400176612
2026-09-18T07:09:45.075+07:00,20.51540377299898,4.2_25rpm,25.0,25.0,0,2026-09-18T07:09:27.555+07:00,3.000079473998994,3.533333333333333,25.933333333333334,14.733333333333334,21.46666666666667,-0.9333333333333336,42.2,ACTIVE,0.0275839409987384
2026-09-18T07:09:45.103+07:00,20.546878575998562,4.2_25rpm,25.0,25.0,0,2026-09-18T07:09:27.555+07:00,3.000079473998994,3.533333333333333,26.6,15.066666666666666,21.46666666666667,-1.6000000000000014,42.2,ACTIVE,0.03147480299958261
2026-09-18T07:09:45.130+07:00,20.569895033999273,4.2_25rpm,25.0,25.0,0,2026-09-18T07:09:27.555+07:00,3.000079473998994,3.3333333333333335,26.066666666666666,14.7,21.666666666666668,-1.0666666666666664,42.2,ACTIVE,0.023016458000711282
2026-09-18T07:09:45.153+07:00,20.595341940999788,4.2_25rpm,25.0,25.0,0,2026-09-18T07:09:27.555+07:00,3.000079473998994,3.3333333333333335,26.466666666666665,14.899999999999999,21.666666666666668,-1.466666666666665,42.2,ACTIVE,0.02544690700051433
2026-09-18T07:09:45.198+07:00,20.64123824699891,4.2_25rpm,25.0,25.0,0,2026-09-18T07:09:27.555+07:00,3.000079473998994,3.4,27.266666666666666,15.333333333333332,21.6,-2.2666666666666657,42.2,ACTIVE,0.04589630599912198
2026-09-18T07:09:45.224+07:00,20.66696173499986,4.2_25rpm,25.0,25.0,0,2026-09-18T07:09:27.555+07:00,3.000079473998994,3.466666666666667,27.066666666666666,15.266666666666666,21.53333333333333,-2.0666666666666664,42.2,ACTIVE,0.025723488000949146
2026-09-18T07:09:45.252+07:00,20.695466494998982,4.2_25rpm,25.0,25.0,0,2026-09-18T07:09:27.555+07:00,3.000079473998994,11.6,27.0,19.3,13.4,-2.0,42.2,ACTIVE,0.028504759999123053
2026-09-18T07:09:45.281+07:00,20.72426914799871,4.2_25rpm,25.0,25.0,0,2026-09-18T07:09:27.555+07:00,3.000079473998994,15.0,25.6,20.3,10.0,-0.6000000000000014,42.2,ACTIVE,0.028802652999729617
2026-09-18T07:09:45.305+07:00,20.748155639999823,4.2_25rpm,25.0,25.0,0,2026-09-18T07:09:27.555+07:00,3.000079473998994,19.266666666666666,24.666666666666668,21.96666666666667,5.733333333333334,0.33333333333333215,42.2,ACTIVE,0.023886492001111037
2026-09-18T07:09:45.336+07:00,20.779367973998887,4.2_25rpm,25.0,25.0,0,2026-09-18T07:09:27.555+07:00,3.000079473998994,29.533333333333335,25.2,27.366666666666667,-4.533333333333335,-0.1999999999999993,42.2,ACTIVE,0.031212333999064867
2026-09-18T07:09:45.366+07:00,20.809265560999847,4.2_25rpm,25.0,25.0,0,2026-09-18T07:09:27.555+07:00,3.000079473998994,29.533333333333335,24.533333333333335,27.033333333333335,-4.533333333333335,0.466666666666665,42.2,ACTIVE,0.029897587000959902
2026-09-18T07:09:45.412+07:00,20.855951098999867,4.2_25rpm,25.0,25.0,0,2026-09-18T07:09:27.555+07:00,3.000079473998994,24.733333333333334,24.0,24.366666666666667,0.2666666666666657,1.0,42.2,ACTIVE,0.04668553800001973
2026-09-18T07:09:45.440+07:00,20.883682530999067,4.2_25rpm,25.0,25.0,0,2026-09-18T07:09:27.555+07:00,3.000079473998994,19.666666666666668,22.933333333333334,21.3,5.333333333333332,2.0666666666666664,42.2,ACTIVE,0.02773143199920014
2026-09-18T07:09:45.467+07:00,20.91004446399893,4.2_25rpm,25.0,25.0,0,2026-09-18T07:09:27.555+07:00,3.000079473998994,19.666666666666668,22.933333333333334,21.3,5.333333333333332,2.0666666666666664,42.2,ACTIVE,0.026361932999861892
2026-09-18T07:09:45.493+07:00,20.936558335999507,4.2_25rpm,25.0,25.0,0,2026-09-18T07:09:27.555+07:00,3.000079473998994,15.0,24.2,19.6,10.0,0.8000000000000007,42.2,ACTIVE,0.026513872000577976
2026-09-18T07:09:45.520+07:00,20.96258253399901,4.2_25rpm,25.0,25.0,0,2026-09-18T07:09:27.555+07:00,3.000079473998994,15.0,24.666666666666668,19.833333333333336,10.0,0.33333333333333215,42.2,ACTIVE,0.026024197999504395
2026-09-18T07:09:45.547+07:00,20.990479313999458,4.2_25rpm,25.0,25.0,0,2026-09-18T07:09:27.555+07:00,3.000079473998994,15.0,25.2,20.1,10.0,-0.1999999999999993,42.2,ACTIVE,0.027896780000446597
2026-09-18T07:09:45.573+07:00,21.016322548999597,4.2_25rpm,25.0,25.0,0,2026-09-18T07:09:27.555+07:00,3.000079473998994,15.0,25.933333333333334,20.46666666666667,10.0,-0.9333333333333336,42.2,ACTIVE,0.02584323500013852
2026-09-18T07:09:45.605+07:00,21.047997130999647,4.2_25rpm,25.0,25.0,0,2026-09-18T07:09:27.555+07:00,3.000079473998994,15.0,25.333333333333332,20.166666666666664,10.0,-0.33333333333333215,42.2,ACTIVE,0.03167458200005058
2026-09-18T07:09:45.635+07:00,21.07846330599932,4.2_25rpm,25.0,25.0,0,2026-09-18T07:09:27.555+07:00,3.000079473998994,15.0,25.266666666666666,20.133333333333333,10.0,-0.2666666666666657,42.2,ACTIVE,0.030466174999673967
2026-09-18T07:09:45.680+07:00,21.12263845799862,4.2_25rpm,25.0,25.0,0,2026-09-18T07:09:27.555+07:00,3.000079473998994,15.0,25.466666666666665,20.233333333333334,10.0,-0.466666666666665,42.2,ACTIVE,0.04417515199929767
2026-09-18T07:09:45.707+07:00,21.150103644999035,4.2_25rpm,25.0,25.0,0,2026-09-18T07:09:27.555+07:00,3.000079473998994,15.0,24.933333333333334,19.96666666666667,10.0,0.06666666666666643,42.2,ACTIVE,0.027465187000416336
2026-09-18T07:09:45.738+07:00,21.180266676999963,4.2_25rpm,25.0,25.0,0,2026-09-18T07:09:27.555+07:00,3.000079473998994,15.0,25.066666666666666,20.03333333333333,10.0,-0.06666666666666643,42.2,ACTIVE,0.03016303200092807
2026-09-18T07:09:45.770+07:00,21.205950420999216,4.2_25rpm,25.0,25.0,0,2026-09-18T07:09:27.555+07:00,3.000079473998994,15.0,23.933333333333334,19.46666666666667,10.0,1.0666666666666664,42.2,ACTIVE,0.02568374399925233
2026-09-18T07:09:45.793+07:00,21.235095736999938,4.2_25rpm,25.0,25.0,0,2026-09-18T07:09:27.555+07:00,3.000079473998994,15.0,23.733333333333334,19.366666666666667,10.0,1.2666666666666657,42.2,ACTIVE,0.029145316000722232
2026-09-18T07:09:45.818+07:00,21.261198752999917,4.2_25rpm,25.0,25.0,0,2026-09-18T07:09:27.555+07:00,3.000079473998994,15.0,24.666666666666668,19.833333333333336,10.0,0.33333333333333215,42.2,ACTIVE,0.026103015999979107
2026-09-18T07:09:45.847+07:00,21.289894460998767,4.2_25rpm,25.0,25.0,0,2026-09-18T07:09:27.555+07:00,3.000079473998994,15.0,24.533333333333335,19.766666666666666,10.0,0.466666666666665,42.2,ACTIVE,0.028695707998849684
2026-09-18T07:09:45.874+07:00,21.31752006699935,4.2_25rpm,25.0,25.0,0,2026-09-18T07:09:27.555+07:00,3.000079473998994,15.0,24.8,19.9,10.0,0.1999999999999993,42.2,ACTIVE,0.027625606000583502
2026-09-18T07:09:45.904+07:00,21.34720811399893,4.2_25rpm,25.0,25.0,0,2026-09-18T07:09:27.555+07:00,3.000079473998994,15.0,25.266666666666666,20.133333333333333,10.0,-0.2666666666666657,42.2,ACTIVE,0.029688046999581275
2026-09-18T07:09:45.933+07:00,21.376254867998796,4.2_25rpm,25.0,25.0,0,2026-09-18T07:09:27.555+07:00,3.000079473998994,15.0,24.733333333333334,19.866666666666667,10.0,0.2666666666666657,42.2,ACTIVE,0.02904675399986445
2026-09-18T07:09:45.967+07:00,21.41011535100006,4.2_25rpm,25.0,25.0,0,2026-09-18T07:09:27.555+07:00,3.000079473998994,15.0,25.533333333333335,20.266666666666666,10.0,-0.533333333333335,42.2,ACTIVE,0.033860483001262764
2026-09-18T07:09:45.995+07:00,21.43800342599934,4.2_25rpm,25.0,25.0,0,2026-09-18T07:09:27.555+07:00,3.000079473998994,0.0,25.933333333333334,12.966666666666667,25.0,-0.9333333333333336,42.2,ACTIVE,0.027888074999282253
2026-09-18T07:09:46.046+07:00,21.489589892998993,4.2_25rpm,25.0,25.0,0,2026-09-18T07:09:27.555+07:00,3.000079473998994,0.0,26.8,13.4,25.0,-1.8000000000000007,42.2,ACTIVE,0.05158646699965175
2026-09-18T07:09:46.079+07:00,21.519809150999208,4.2_25rpm,25.0,25.0,0,2026-09-18T07:09:27.555+07:00,3.000079473998994,3.6,26.2,14.9,21.4,-1.1999999999999993,42.2,ACTIVE,0.030219258000215632
2026-09-18T07:09:46.102+07:00,21.54429149399948,4.2_25rpm,25.0,25.0,0,2026-09-18T07:09:27.555+07:00,3.000079473998994,3.6,25.266666666666666,14.433333333333334,21.4,-0.2666666666666657,42.2,ACTIVE,0.024482343000272522
2026-09-18T07:09:46.128+07:00,21.569912932998704,4.2_25rpm,25.0,25.0,0,2026-09-18T07:09:27.555+07:00,3.000079473998994,3.6,25.2,14.4,21.4,-0.1999999999999993,42.2,ACTIVE,0.025621438999223756
2026-09-18T07:09:46.153+07:00,21.596101197999815,4.2_25rpm,25.0,25.0,0,2026-09-18T07:09:27.555+07:00,3.000079473998994,3.466666666666667,24.0,13.733333333333334,21.53333333333333,1.0,42.2,ACTIVE,0.026188265001110267
2026-09-18T07:09:46.182+07:00,21.625323603999277,4.2_25rpm,25.0,25.0,0,2026-09-18T07:09:27.555+07:00,3.000079473998994,3.466666666666667,23.0,13.233333333333334,21.53333333333333,2.0,42.2,ACTIVE,0.029222405999462353
2026-09-18T07:09:46.209+07:00,21.652294028999677,4.2_25rpm,25.0,25.0,0,2026-09-18T07:09:27.555+07:00,3.000079473998994,3.3333333333333335,23.0,13.166666666666666,21.666666666666668,2.0,42.2,ACTIVE,0.0269704250003997
2026-09-18T07:09:46.248+07:00,21.691084496998883,4.2_25rpm,25.0,25.0,0,2026-09-18T07:09:27.555+07:00,3.000079473998994,3.3333333333333335,22.333333333333332,12.833333333333332,21.666666666666668,2.666666666666668,42.150000000000006,ACTIVE,0.03879046799920616
2026-09-18T07:09:46.281+07:00,21.723163728000145,4.2_25rpm,25.0,25.0,0,2026-09-18T07:09:27.555+07:00,3.000079473998994,3.4,22.866666666666667,13.133333333333333,21.6,2.133333333333333,42.2,ACTIVE,0.03207923100126209
2026-09-18T07:09:46.312+07:00,21.75329008799963,4.2_25rpm,25.0,25.0,0,2026-09-18T07:09:27.555+07:00,3.000079473998994,11.066666666666666,24.266666666666666,17.666666666666664,13.933333333333334,0.7333333333333343,42.2,ACTIVE,0.03012635999948543
2026-09-18T07:09:46.340+07:00,21.780138525999064,4.2_25rpm,25.0,25.0,0,2026-09-18T07:09:27.555+07:00,3.000079473998994,13.666666666666666,25.4,19.53333333333333,11.333333333333334,-0.3999999999999986,42.1,ACTIVE,0.026848437999433372
2026-09-18T07:09:46.383+07:00,21.813452053998844,4.2_25rpm,25.0,25.0,0,2026-09-18T07:09:27.555+07:00,3.000079473998994,16.6,26.866666666666667,21.733333333333334,8.399999999999999,-1.8666666666666671,42.1,ACTIVE,0.03331352799978049
2026-09-18T07:09:46.418+07:00,21.861692790000234,4.2_25rpm,25.0,25.0,0,2026-09-18T07:09:27.555+07:00,3.000079473998994,17.4,25.866666666666667,21.633333333333333,7.600000000000001,-0.8666666666666671,42.1,ACTIVE,0.04824073600138945
2026-09-18T07:09:46.450+07:00,21.893071526999847,4.2_25rpm,25.0,25.0,0,2026-09-18T07:09:27.555+07:00,3.000079473998994,17.4,26.333333333333332,21.866666666666667,7.600000000000001,-1.3333333333333321,42.1,ACTIVE,0.031378736999613466
2026-09-18T07:09:46.486+07:00,21.920288004999747,4.2_25rpm,25.0,25.0,0,2026-09-18T07:09:27.555+07:00,3.000079473998994,17.4,25.666666666666668,21.53333333333333,7.600000000000001,-0.6666666666666679,42.1,ACTIVE,0.027216477999900235
2026-09-18T07:09:46.509+07:00,21.950463933999345,4.2_25rpm,25.0,25.0,0,2026-09-18T07:09:27.555+07:00,3.000079473998994,17.4,25.0,21.2,7.600000000000001,0.0,42.1,ACTIVE,0.03017592899959709
2026-09-18T07:09:46.532+07:00,21.975915064998844,4.2_25rpm,25.0,25.0,0,2026-09-18T07:09:27.555+07:00,3.000079473998994,17.4,24.6,21.0,7.600000000000001,0.3999999999999986,42.1,ACTIVE,0.025451130999499583
2026-09-18T07:09:46.559+07:00,22.00234077499954,4.2_25rpm,25.0,25.0,0,2026-09-18T07:09:27.555+07:00,3.000079473998994,17.4,23.133333333333333,20.266666666666666,7.600000000000001,1.8666666666666671,42.1,ACTIVE,0.02642571000069438
2026-09-18T07:09:46.590+07:00,22.030509623999023,4.2_25rpm,25.0,25.0,0,2026-09-18T07:09:27.555+07:00,3.000079473998994,17.4,22.533333333333335,19.96666666666667,7.600000000000001,2.466666666666665,42.1,ACTIVE,0.028168848999484908
2026-09-18T07:09:46.615+07:00,22.058208319000187,4.2_25rpm,25.0,25.0,0,2026-09-18T07:09:27.555+07:00,3.000079473998994,17.4,23.266666666666666,20.333333333333332,7.600000000000001,1.7333333333333343,42.1,ACTIVE,0.027698695001163287
2026-09-18T07:09:46.644+07:00,22.085836484999163,4.2_25rpm,25.0,25.0,0,2026-09-18T07:09:27.555+07:00,3.000079473998994,17.4,23.266666666666666,20.333333333333332,7.600000000000001,1.7333333333333343,42.1,ACTIVE,0.02762816599897633
2026-09-18T07:09:46.675+07:00,22.114354012999684,4.2_25rpm,25.0,25.0,0,2026-09-18T07:09:27.555+07:00,3.000079473998994,17.4,23.0,20.2,7.600000000000001,2.0,42.1,ACTIVE,0.028517528000520542
2026-09-18T07:09:46.710+07:00,22.15282258699881,4.2_25rpm,25.0,25.0,0,2026-09-18T07:09:27.555+07:00,3.000079473998994,17.4,23.666666666666668,20.53333333333333,7.600000000000001,1.3333333333333321,42.1,ACTIVE,0.03846857399912551
2026-09-18T07:09:46.740+07:00,22.180639268999585,4.2_25rpm,25.0,25.0,0,2026-09-18T07:09:27.555+07:00,3.000079473998994,17.4,22.933333333333334,20.166666666666664,7.600000000000001,2.0666666666666664,42.1,ACTIVE,0.027816682000775472
2026-09-18T07:09:46.768+07:00,22.210765980998985,4.2_25rpm,25.0,25.0,0,2026-09-18T07:09:27.555+07:00,3.000079473998994,17.4,22.866666666666667,20.133333333333333,7.600000000000001,2.133333333333333,42.1,ACTIVE,0.030126711999400868
2026-09-18T07:09:46.789+07:00,22.23173215799943,4.2_25rpm,25.0,25.0,0,2026-09-18T07:09:27.555+07:00,3.000079473998994,17.4,23.733333333333334,20.566666666666666,7.600000000000001,1.2666666666666657,42.1,ACTIVE,0.020966177000445896
2026-09-18T07:09:46.821+07:00,22.264515371000016,4.2_25rpm,25.0,25.0,0,2026-09-18T07:09:27.555+07:00,3.000079473998994,17.4,23.533333333333335,20.46666666666667,7.600000000000001,1.466666666666665,42.1,ACTIVE,0.03278321300058451
2026-09-18T07:09:46.851+07:00,22.29423378699903,4.2_25rpm,25.0,25.0,0,2026-09-18T07:09:27.555+07:00,3.000079473998994,17.4,22.866666666666667,20.133333333333333,7.600000000000001,2.133333333333333,42.1,ACTIVE,0.029718415999013814
2026-09-18T07:09:46.876+07:00,22.319520753999313,4.2_25rpm,25.0,25.0,0,2026-09-18T07:09:27.555+07:00,3.000079473998994,17.4,23.066666666666666,20.233333333333334,7.600000000000001,1.9333333333333336,42.1,ACTIVE,0.025286967000283767
2026-09-18T07:09:46.909+07:00,22.347608481999487,4.2_25rpm,25.0,25.0,0,2026-09-18T07:09:27.555+07:00,3.000079473998994,0.0,22.133333333333333,11.066666666666666,25.0,2.866666666666667,42.1,ACTIVE,0.02808772800017323
2026-09-18T07:09:46.934+07:00,22.377610166999148,4.2_25rpm,25.0,25.0,0,2026-09-18T07:09:27.555+07:00,3.000079473998994,0.0,22.133333333333333,11.066666666666666,25.0,2.866666666666667,42.1,ACTIVE,0.030001684999660938
2026-09-18T07:09:46.960+07:00,22.403526650999993,4.2_25rpm,25.0,25.0,0,2026-09-18T07:09:27.555+07:00,3.000079473998994,0.0,23.8,11.9,25.0,1.1999999999999993,42.1,ACTIVE,0.02591648400084523
2026-09-18T07:09:46.989+07:00,22.432139188998917,4.2_25rpm,25.0,25.0,0,2026-09-18T07:09:27.555+07:00,3.000079473998994,3.8666666666666667,24.6,14.233333333333334,21.133333333333333,0.3999999999999986,42.1,ACTIVE,0.02861253799892438
2026-09-18T07:09:47.016+07:00,22.458677924998483,4.2_25rpm,25.0,25.0,0,2026-09-18T07:09:27.555+07:00,3.000079473998994,3.8666666666666667,26.333333333333332,15.1,21.133333333333333,-1.3333333333333321,42.1,ACTIVE,0.026538735999565688
2026-09-18T07:09:47.060+07:00,22.503027127999303,4.2_25rpm,25.0,25.0,0,2026-09-18T07:09:27.555+07:00,3.000079473998994,3.7333333333333334,28.333333333333332,16.03333333333333,21.266666666666666,-3.333333333333332,42.1,ACTIVE,0.044349203000820125
2026-09-18T07:09:47.087+07:00,22.530320886999107,4.2_25rpm,25.0,25.0,0,2026-09-18T07:09:27.555+07:00,3.000079473998994,3.6666666666666665,28.266666666666666,15.966666666666667,21.333333333333332,-3.2666666666666657,42.1,ACTIVE,0.027293758999803686
2026-09-18T07:09:47.113+07:00,22.556383485998595,4.2_25rpm,25.0,25.0,0,2026-09-18T07:09:27.555+07:00,3.000079473998994,14.533333333333333,28.4,21.466666666666665,10.466666666666667,-3.3999999999999986,42.1,ACTIVE,0.026062598999487818
2026-09-18T07:09:47.139+07:00,22.582522534999953,4.2_25rpm,25.0,25.0,0,2026-09-18T07:09:27.555+07:00,3.000079473998994,17.0,26.8,21.9,8.0,-1.8000000000000007,42.1,ACTIVE,0.026139049001358217
2026-09-18T07:09:47.167+07:00,22.61058126900025,4.2_25rpm,25.0,25.0,0,2026-09-18T07:09:27.555+07:00,3.000079473998994,19.933333333333334,25.333333333333332,22.633333333333333,5.066666666666666,-0.33333333333333215,42.1,ACTIVE,0.02805873400029668
2026-09-18T07:09:47.194+07:00,22.637922165999044,4.2_25rpm,25.0,25.0,0,2026-09-18T07:09:27.555+07:00,3.000079473998994,23.8,24.4,24.1,1.1999999999999993,0.6000000000000014,42.1,ACTIVE,0.02734089699879405
2026-09-18T07:09:47.240+07:00,22.68375882199871,4.2_25rpm,25.0,25.0,0,2026-09-18T07:09:27.555+07:00,3.000079473998994,27.2,22.8,25.0,-2.1999999999999993,2.1999999999999993,42.1,ACTIVE,0.0458366559996648
2026-09-18T07:09:47.267+07:00,22.70985639799983,4.2_25rpm,25.0,25.0,0,2026-09-18T07:09:27.555+07:00,3.000079473998994,27.2,22.466666666666665,24.833333333333332,-2.1999999999999993,2.533333333333335,42.1,ACTIVE,0.026097576001120615
2026-09-18T07:09:47.293+07:00,22.736282652000227,4.2_25rpm,25.0,25.0,0,2026-09-18T07:09:27.555+07:00,3.000079473998994,22.533333333333335,23.533333333333335,23.033333333333335,2.466666666666665,1.466666666666665,42.1,ACTIVE,0.02642625400039833
2026-09-18T07:09:47.321+07:00,22.764227175999622,4.2_25rpm,25.0,25.0,0,2026-09-18T07:09:27.555+07:00,3.000079473998994,22.533333333333335,24.0,23.266666666666666,2.466666666666665,1.0,42.1,ACTIVE,0.027944523999394733
2026-09-18T07:09:47.349+07:00,22.792594749000273,4.2_25rpm,25.0,25.0,0,2026-09-18T07:09:27.555+07:00,3.000079473998994,22.533333333333335,24.4,23.46666666666667,2.466666666666665,0.6000000000000014,42.1,ACTIVE,0.028367573000650737
2026-09-18T07:09:47.382+07:00,22.823760840999967,4.2_25rpm,25.0,25.0,0,2026-09-18T07:09:27.555+07:00,3.000079473998994,22.533333333333335,24.266666666666666,23.4,2.466666666666665,0.7333333333333343,42.1,ACTIVE,0.03116609199969389
2026-09-18T07:09:47.412+07:00,22.85460206300013,4.2_25rpm,25.0,25.0,0,2026-09-18T07:09:27.555+07:00,3.000079473998994,22.533333333333335,23.533333333333335,23.033333333333335,2.466666666666665,1.466666666666665,42.1,ACTIVE,0.030841222000162816
2026-09-18T07:09:47.446+07:00,22.888756406999164,4.2_25rpm,25.0,25.0,0,2026-09-18T07:09:27.555+07:00,3.000079473998994,22.533333333333335,23.8,23.166666666666668,2.466666666666665,1.1999999999999993,42.1,ACTIVE,0.03415434399903461
2026-09-18T07:09:47.470+07:00,22.913109883998914,4.2_25rpm,25.0,25.0,0,2026-09-18T07:09:27.555+07:00,3.000079473998994,22.533333333333335,22.933333333333334,22.733333333333334,2.466666666666665,2.0666666666666664,42.1,ACTIVE,0.024353476999749546
2026-09-18T07:09:47.506+07:00,22.947219618999952,4.2_25rpm,25.0,25.0,0,2026-09-18T07:09:27.555+07:00,3.000079473998994,22.533333333333335,22.466666666666665,22.5,2.466666666666665,2.533333333333335,42.1,ACTIVE,0.034109735001038644
2026-09-18T07:09:47.533+07:00,22.976046944999325,4.2_25rpm,25.0,25.0,0,2026-09-18T07:09:27.555+07:00,3.000079473998994,22.533333333333335,22.333333333333332,22.433333333333334,2.466666666666665,2.666666666666668,42.1,ACTIVE,0.028827325999372988
2026-09-18T07:09:47.572+07:00,23.014720642999237,4.2_25rpm,25.0,25.0,0,2026-09-18T07:09:27.555+07:00,3.000079473998994,22.533333333333335,21.266666666666666,21.9,2.466666666666665,3.7333333333333343,42.1,ACTIVE,0.03867369799991138
2026-09-18T07:09:47.598+07:00,23.041748188999918,4.2_25rpm,25.0,25.0,0,2026-09-18T07:09:27.555+07:00,3.000079473998994,22.533333333333335,20.733333333333334,21.633333333333333,2.466666666666665,4.266666666666666,42.1,ACTIVE,0.02702754600068147
2026-09-18T07:09:47.630+07:00,23.070287732998622,4.2_25rpm,25.0,25.0,0,2026-09-18T07:09:27.555+07:00,3.000079473998994,22.533333333333335,21.4,21.96666666666667,2.466666666666665,3.6000000000000014,42.1,ACTIVE,0.028539543998704175
2026-09-18T07:09:47.653+07:00,23.096221721998518,4.2_25rpm,25.0,25.0,0,2026-09-18T07:09:27.555+07:00,3.000079473998994,22.533333333333335,22.333333333333332,22.433333333333334,2.466666666666665,2.666666666666668,42.1,ACTIVE,0.02593398899989552
2026-09-18T07:09:47.682+07:00,23.124313704998713,4.2_25rpm,25.0,25.0,0,2026-09-18T07:09:27.555+07:00,3.000079473998994,22.533333333333335,23.6,23.06666666666667,2.466666666666665,1.3999999999999986,42.1,ACTIVE,0.028091983000194887
2026-09-18T07:09:47.707+07:00,23.15033271899847,4.2_25rpm,25.0,25.0,0,2026-09-18T07:09:27.555+07:00,3.000079473998994,22.533333333333335,25.666666666666668,24.1,2.466666666666665,-0.6666666666666679,42.1,ACTIVE,0.02601901399975759
2026-09-18T07:09:47.741+07:00,23.18435505999878,4.2_25rpm,25.0,25.0,0,2026-09-18T07:09:27.555+07:00,3.000079473998994,22.533333333333335,25.866666666666667,24.200000000000003,2.466666666666665,-0.8666666666666671,42.1,ACTIVE,0.0340223410003091
2026-09-18T07:09:47.765+07:00,23.208639223999853,4.2_25rpm,25.0,25.0,0,2026-09-18T07:09:27.555+07:00,3.000079473998994,22.533333333333335,25.8,24.166666666666668,2.466666666666665,-0.8000000000000007,42.1,ACTIVE,0.024284164001073805
2026-09-18T07:09:47.808+07:00,23.251879987999928,4.2_25rpm,25.0,25.0,0,2026-09-18T07:09:27.555+07:00,3.000079473998994,0.0,26.6,13.3,25.0,-1.6000000000000014,42.1,ACTIVE,0.043240764000074705
2026-09-18T07:09:47.837+07:00,23.28025834499931,4.2_25rpm,25.0,25.0,0,2026-09-18T07:09:27.555+07:00,3.000079473998994,0.0,26.266666666666666,13.133333333333333,25.0,-1.2666666666666657,42.1,ACTIVE,0.02837835699938296
2026-09-18T07:09:47.865+07:00,23.3086021099989,4.2_25rpm,25.0,25.0,0,2026-09-18T07:09:27.555+07:00,3.000079473998994,0.0,26.6,13.3,25.0,-1.6000000000000014,42.1,ACTIVE,0.02834376499959035
2026-09-18T07:09:47.894+07:00,23.337055923999287,4.2_25rpm,25.0,25.0,0,2026-09-18T07:09:27.555+07:00,3.000079473998994,0.0,25.0,12.5,25.0,0.0,42.1,ACTIVE,0.028453814000386046
2026-09-18T07:09:47.922+07:00,23.364031821000026,4.2_25rpm,25.0,25.0,0,2026-09-18T07:09:27.555+07:00,3.000079473998994,3.6,23.866666666666667,13.733333333333334,21.4,1.1333333333333329,42.1,ACTIVE,0.02697589700073877
2026-09-18T07:09:47.963+07:00,23.406241237998984,4.2_25rpm,25.0,25.0,0,2026-09-18T07:09:27.555+07:00,3.000079473998994,3.466666666666667,23.933333333333334,13.7,21.53333333333333,1.0666666666666664,42.1,ACTIVE,0.04220941699895775
2026-09-18T07:09:47.988+07:00,23.431339368999033,4.2_25rpm,25.0,25.0,0,2026-09-18T07:09:27.555+07:00,3.000079473998994,3.466666666666667,22.8,13.133333333333333,21.53333333333333,2.1999999999999993,42.1,ACTIVE,0.02509813100004976
2026-09-18T07:09:48.015+07:00,23.458754059000057,4.2_25rpm,25.0,25.0,0,2026-09-18T07:09:27.555+07:00,3.000079473998994,3.4,21.2,12.299999999999999,21.6,3.8000000000000007,42.1,ACTIVE,0.0274146900010237
2026-09-18T07:09:48.042+07:00,23.484716687999025,4.2_25rpm,25.0,25.0,0,2026-09-18T07:09:27.555+07:00,3.000079473998994,3.4,20.866666666666667,12.133333333333333,21.6,4.133333333333333,42.1,ACTIVE,0.025962628998968285
2026-09-18T07:09:48.076+07:00,23.51237666199995,4.2_25rpm,25.0,25.0,0,2026-09-18T07:09:27.555+07:00,3.000079473998994,13.733333333333333,20.866666666666667,17.3,11.266666666666667,4.133333333333333,42.1,ACTIVE,0.027659974000926013
2026-09-18T07:09:48.099+07:00,23.539608723998754,4.2_25rpm,25.0,25.0,0,2026-09-18T07:09:27.555+07:00,3.000079473998994,15.466666666666667,20.066666666666666,17.766666666666666,9.533333333333333,4.933333333333334,42.1,ACTIVE,0.027232061998802237
2026-09-18T07:09:48.123+07:00,23.56635488899883,4.2_25rpm,25.0,25.0,0,2026-09-18T07:09:27.555+07:00,3.000079473998994,16.866666666666667,19.8,18.333333333333336,8.133333333333333,5.199999999999999,42.1,ACTIVE,0.02674616500007687
2026-09-18T07:09:48.170+07:00,23.613061514999572,4.2_25rpm,25.0,25.0,0,2026-09-18T07:09:27.555+07:00,3.000079473998994,17.2,23.2,20.2,7.800000000000001,1.8000000000000007,42.1,ACTIVE,0.04670662600074138
2026-09-18T07:09:48.197+07:00,23.639866367999275,4.2_25rpm,25.0,25.0,0,2026-09-18T07:09:27.555+07:00,3.000079473998994,17.2,24.666666666666668,20.933333333333334,7.800000000000001,0.33333333333333215,42.1,ACTIVE,0.026804852999703144
2026-09-18T07:09:48.224+07:00,23.66692498699922,4.2_25rpm,25.0,25.0,0,2026-09-18T07:09:27.555+07:00,3.000079473998994,17.2,26.933333333333334,22.066666666666666,7.800000000000001,-1.9333333333333336,42.1,ACTIVE,0.027058618999944883
2026-09-18T07:09:48.256+07:00,23.69923615799962,4.2_25rpm,25.0,25.0,0,2026-09-18T07:09:27.555+07:00,3.000079473998994,17.2,26.533333333333335,21.866666666666667,7.800000000000001,-1.533333333333335,42.1,ACTIVE,0.03231117100040137
2026-09-18T07:09:48.281+07:00,23.724459699998988,4.2_25rpm,25.0,25.0,0,2026-09-18T07:09:27.555+07:00,3.000079473998994,17.2,26.8,22.0,7.800000000000001,-1.8000000000000007,42.1,ACTIVE,0.025223541999366716
2026-09-18T07:09:48.312+07:00,23.753909597999154,4.2_25rpm,25.0,25.0,0,2026-09-18T07:09:27.555+07:00,3.000079473998994,17.2,25.333333333333332,21.266666666666666,7.800000000000001,-0.33333333333333215,42.1,ACTIVE,0.029449898000166286
2026-09-18T07:09:48.337+07:00,23.780306443999507,4.2_25rpm,25.0,25.0,0,2026-09-18T07:09:27.555+07:00,3.000079473998994,17.2,24.533333333333335,20.866666666666667,7.800000000000001,0.466666666666665,42.1,ACTIVE,0.026396846000352525
2026-09-18T07:09:48.378+07:00,23.82132578799974,4.2_25rpm,25.0,25.0,0,2026-09-18T07:09:27.555+07:00,3.000079473998994,17.2,24.333333333333332,20.766666666666666,7.800000000000001,0.6666666666666679,42.1,ACTIVE,0.041019344000233104
2026-09-18T07:09:48.404+07:00,23.846686868999313,4.2_25rpm,25.0,25.0,0,2026-09-18T07:09:27.555+07:00,3.000079473998994,17.2,23.333333333333332,20.266666666666666,7.800000000000001,1.6666666666666679,42.1,ACTIVE,0.02536108099957346
2026-09-18T07:09:48.431+07:00,23.874445372999617,4.2_25rpm,25.0,25.0,0,2026-09-18T07:09:27.555+07:00,3.000079473998994,17.2,22.866666666666667,20.03333333333333,7.800000000000001,2.133333333333333,42.1,ACTIVE,0.02775850400030322
2026-09-18T07:09:48.460+07:00,23.902560172999074,4.2_25rpm,25.0,25.0,0,2026-09-18T07:09:27.555+07:00,3.000079473998994,17.2,23.466666666666665,20.333333333333332,7.800000000000001,1.533333333333335,42.1,ACTIVE,0.02811479999945732
2026-09-18T07:09:48.487+07:00,23.929556453998885,4.2_25rpm,25.0,25.0,0,2026-09-18T07:09:27.555+07:00,3.000079473998994,17.2,23.533333333333335,20.366666666666667,7.800000000000001,1.466666666666665,42.1,ACTIVE,0.02699628099981055
2026-09-18T07:09:48.516+07:00,23.958623112999703,4.2_25rpm,25.0,25.0,0,2026-09-18T07:09:27.555+07:00,3.000079473998994,17.2,23.333333333333332,20.266666666666666,7.800000000000001,1.6666666666666679,42.1,ACTIVE,0.029066659000818618
2026-09-18T07:09:48.560+07:00,24.002829880999343,4.2_25rpm,25.0,25.0,0,2026-09-18T07:09:27.555+07:00,3.000079473998994,17.2,23.533333333333335,20.366666666666667,7.800000000000001,1.466666666666665,42.1,ACTIVE,0.04420676799963985
2026-09-18T07:09:48.586+07:00,24.02914374899956,4.2_25rpm,25.0,25.0,0,2026-09-18T07:09:27.555+07:00,3.000079473998994,17.2,22.733333333333334,19.96666666666667,7.800000000000001,2.2666666666666657,42.1,ACTIVE,0.026313868000215734
2026-09-18T07:09:48.613+07:00,24.055875096999443,4.2_25rpm,25.0,25.0,0,2026-09-18T07:09:27.555+07:00,3.000079473998994,17.2,22.066666666666666,19.633333333333333,7.800000000000001,2.9333333333333336,42.1,ACTIVE,0.026731347999884747
2026-09-18T07:09:48.644+07:00,24.086775711999508,4.2_25rpm,25.0,25.0,0,2026-09-18T07:09:27.555+07:00,3.000079473998994,17.2,22.733333333333334,19.96666666666667,7.800000000000001,2.2666666666666657,42.1,ACTIVE,0.030900615000064136
2026-09-18T07:09:48.667+07:00,24.109709448999638,4.2_25rpm,25.0,25.0,0,2026-09-18T07:09:27.555+07:00,3.000079473998994,0.0,23.0,11.5,25.0,2.0,42.1,ACTIVE,0.02293373700013035
2026-09-18T07:09:48.700+07:00,24.14332874199863,4.2_25rpm,25.0,25.0,0,2026-09-18T07:09:27.555+07:00,3.000079473998994,0.0,22.866666666666667,11.433333333333334,25.0,2.133333333333333,42.1,ACTIVE,0.03361929299899202
2026-09-18T07:09:48.741+07:00,24.184645339999406,4.2_25rpm,25.0,25.0,0,2026-09-18T07:09:27.555+07:00,3.000079473998994,3.8666666666666667,22.733333333333334,13.3,21.133333333333333,2.2666666666666657,42.1,ACTIVE,0.04131659800077614
2026-09-18T07:09:48.765+07:00,24.208555575998616,4.2_25rpm,25.0,25.0,0,2026-09-18T07:09:27.555+07:00,3.000079473998994,3.8666666666666667,21.6,12.733333333333334,21.133333333333333,3.3999999999999986,42.1,ACTIVE,0.023910235999210272
2026-09-18T07:09:48.791+07:00,24.234599358000196,4.2_25rpm,25.0,25.0,0,2026-09-18T07:09:27.555+07:00,3.000079473998994,3.7333333333333334,20.666666666666668,12.200000000000001,21.266666666666666,4.333333333333332,42.1,ACTIVE,0.02604378200157953
2026-09-18T07:09:48.818+07:00,24.26123582499895,4.2_25rpm,25.0,25.0,0,2026-09-18T07:09:27.555+07:00,3.000079473998994,3.7333333333333334,20.933333333333334,12.333333333333334,21.266666666666666,4.066666666666666,42.1,ACTIVE,0.02663646699875244
2026-09-18T07:09:48.843+07:00,24.2868831830001,4.2_25rpm,25.0,25.0,0,2026-09-18T07:09:27.555+07:00,3.000079473998994,3.6666666666666665,21.733333333333334,12.700000000000001,21.333333333333332,3.2666666666666657,42.1,ACTIVE,0.025647358001151588
2026-09-18T07:09:48.877+07:00,24.319725116998598,4.2_25rpm,25.0,25.0,0,2026-09-18T07:09:27.555+07:00,3.000079473998994,3.6666666666666665,23.066666666666666,13.366666666666667,21.333333333333332,1.9333333333333336,42.1,ACTIVE,0.03284193399849755
2026-09-18T07:09:48.919+07:00,24.361890307998692,4.2_25rpm,25.0,25.0,0,2026-09-18T07:09:27.555+07:00,3.000079473998994,13.8,26.666666666666668,20.233333333333334,11.2,-1.6666666666666679,42.1,ACTIVE,0.04216519100009464
2026-09-18T07:09:48.947+07:00,24.390874468999755,4.2_25rpm,25.0,25.0,0,2026-09-18T07:09:27.555+07:00,3.000079473998994,16.4,27.0,21.7,8.600000000000001,-2.0,42.1,ACTIVE,0.028984161001062603
2026-09-18T07:09:48.972+07:00,24.415045797999483,4.2_25rpm,25.0,25.0,0,2026-09-18T07:09:27.555+07:00,3.000079473998994,17.333333333333332,27.733333333333334,22.53333333333333,7.666666666666668,-2.7333333333333343,42.1,ACTIVE,0.024171328999727848
2026-09-18T07:09:49.001+07:00,24.44399258299927,4.2_25rpm,25.0,25.0,0,2026-09-18T07:09:27.555+07:00,3.000079473998994,17.333333333333332,26.533333333333335,21.933333333333334,7.666666666666668,-1.533333333333335,42.1,ACTIVE,0.028946784999789088
2026-09-18T07:09:49.030+07:00,24.471525290999125,4.2_25rpm,25.0,25.0,0,2026-09-18T07:09:27.555+07:00,3.000079473998994,18.4,25.733333333333334,22.066666666666666,6.600000000000001,-0.7333333333333343,42.1,ACTIVE,0.0275327079998533
2026-09-18T07:09:49.055+07:00,24.496842849999666,4.2_25rpm,25.0,25.0,0,2026-09-18T07:09:27.555+07:00,3.000079473998994,19.533333333333335,25.733333333333334,22.633333333333333,5.466666666666665,-0.7333333333333343,42.1,ACTIVE,0.025317559000541223
2026-09-18T07:09:49.087+07:00,24.529874291998567,4.2_25rpm,25.0,25.0,0,2026-09-18T07:09:27.555+07:00,3.000079473998994,19.533333333333335,24.266666666666666,21.9,5.466666666666665,0.7333333333333343,42.1,ACTIVE,0.033031441998900846
2026-09-18T07:09:49.137+07:00,24.58018124499904,4.2_25rpm,25.0,25.0,0,2026-09-18T07:09:27.555+07:00,3.000079473998994,19.533333333333335,23.133333333333333,21.333333333333336,5.466666666666665,1.8666666666666671,42.1,ACTIVE,0.050306953000472276
2026-09-18T07:09:49.164+07:00,24.60734498599959,4.2_25rpm,25.0,25.0,0,2026-09-18T07:09:27.555+07:00,3.000079473998994,19.533333333333335,21.8,20.666666666666668,5.466666666666665,3.1999999999999993,42.1,ACTIVE,0.027163741000549635
2026-09-18T07:09:49.193+07:00,24.635954450999634,4.2_25rpm,25.0,25.0,0,2026-09-18T07:09:27.555+07:00,3.000079473998994,19.533333333333335,21.8,20.666666666666668,5.466666666666665,3.1999999999999993,42.1,ACTIVE,0.02860946500004502
2026-09-18T07:09:49.218+07:00,24.661443085999053,4.2_25rpm,25.0,25.0,0,2026-09-18T07:09:27.555+07:00,3.000079473998994,19.533333333333335,21.2,20.366666666666667,5.466666666666665,3.8000000000000007,42.1,ACTIVE,0.025488634999419446
2026-09-18T07:09:49.246+07:00,24.689559549999103,4.2_25rpm,25.0,25.0,0,2026-09-18T07:09:27.555+07:00,3.000079473998994,19.533333333333335,21.333333333333332,20.433333333333334,5.466666666666665,3.666666666666668,42.1,ACTIVE,0.028116464000049746
2026-09-18T07:09:49.274+07:00,24.71767188499871,4.2_25rpm,25.0,25.0,0,2026-09-18T07:09:27.555+07:00,3.000079473998994,19.533333333333335,20.8,20.166666666666668,5.466666666666665,4.199999999999999,42.0,ACTIVE,0.028112334999605082
2026-09-18T07:09:49.308+07:00,24.747435741999652,4.2_25rpm,25.0,25.0,0,2026-09-18T07:09:27.555+07:00,3.000079473998994,19.533333333333335,21.066666666666666,20.3,5.466666666666665,3.9333333333333336,42.0,ACTIVE,0.029763857000943972
2026-09-18T07:09:49.333+07:00,24.776462816000276,4.2_25rpm,25.0,25.0,0,2026-09-18T07:09:27.555+07:00,3.000079473998994,19.533333333333335,22.066666666666666,20.8,5.466666666666665,2.9333333333333336,42.0,ACTIVE,0.029027074000623543
2026-09-18T07:09:49.361+07:00,24.804315305998898,4.2_25rpm,25.0,25.0,0,2026-09-18T07:09:27.555+07:00,3.000079473998994,19.533333333333335,22.8,21.166666666666668,5.466666666666665,2.1999999999999993,42.0,ACTIVE,0.027852489998622332
2026-09-18T07:09:49.393+07:00,24.832796480999605,4.2_25rpm,25.0,25.0,0,2026-09-18T07:09:27.555+07:00,3.000079473998994,19.533333333333335,23.933333333333334,21.733333333333334,5.466666666666665,1.0666666666666664,42.0,ACTIVE,0.02848117500070657
2026-09-18T07:09:49.416+07:00,24.85943861099986,4.2_25rpm,25.0,25.0,0,2026-09-18T07:09:27.555+07:00,3.000079473998994,19.533333333333335,26.733333333333334,23.133333333333333,5.466666666666665,-1.7333333333333343,42.0,ACTIVE,0.026642130000254838
2026-09-18T07:09:49.443+07:00,24.88629789799961,4.2_25rpm,25.0,25.0,0,2026-09-18T07:09:27.555+07:00,3.000079473998994,19.533333333333335,27.133333333333333,23.333333333333336,5.466666666666665,-2.133333333333333,42.0,ACTIVE,0.02685928699975193
2026-09-18T07:09:49.475+07:00,24.91852253899924,4.2_25rpm,25.0,25.0,0,2026-09-18T07:09:27.555+07:00,3.000079473998994,19.533333333333335,28.533333333333335,24.033333333333335,5.466666666666665,-3.533333333333335,42.0,ACTIVE,0.03222464099962963
2026-09-18T07:09:49.519+07:00,24.96291939099865,4.2_25rpm,25.0,25.0,0,2026-09-18T07:09:27.555+07:00,3.000079473998994,19.533333333333335,27.8,23.666666666666668,5.466666666666665,-2.8000000000000007,42.0,ACTIVE,0.04439685199940868
2026-09-18T07:09:49.550+07:00,24.99347804699937,4.2_25rpm,25.0,25.0,0,2026-09-18T07:09:27.555+07:00,3.000079473998994,0.0,28.333333333333332,14.166666666666666,25.0,-3.333333333333332,42.0,ACTIVE,0.030558656000721385
2026-09-18T07:09:49.577+07:00,25.020124016999034,4.2_25rpm,25.0,25.0,0,2026-09-18T07:09:27.555+07:00,3.000079473998994,0.0,26.933333333333334,13.466666666666667,25.0,-1.9333333333333336,42.0,ACTIVE,0.026645969999663066
2026-09-18T07:09:49.606+07:00,25.047618163998777,4.2_25rpm,25.0,25.0,0,2026-09-18T07:09:27.555+07:00,3.000079473998994,0.0,26.6,13.3,25.0,-1.6000000000000014,42.0,ACTIVE,0.027494146999742952
2026-09-18T07:09:49.642+07:00,25.085753642999407,4.2_25rpm,25.0,25.0,0,2026-09-18T07:09:27.555+07:00,3.000079473998994,3.8666666666666667,27.266666666666666,15.566666666666666,21.133333333333333,-2.2666666666666657,42.0,ACTIVE,0.03813547900062986
2026-09-18T07:09:49.677+07:00,25.11897836800017,4.2_25rpm,25.0,25.0,0,2026-09-18T07:09:27.555+07:00,3.000079473998994,3.8666666666666667,26.333333333333332,15.1,21.133333333333333,-1.3333333333333321,42.0,ACTIVE,0.03322472500076401
2026-09-18T07:09:49.705+07:00,25.14752546499949,4.2_25rpm,25.0,25.0,0,2026-09-18T07:09:27.555+07:00,3.000079473998994,3.8666666666666667,26.066666666666666,14.966666666666667,21.133333333333333,-1.0666666666666664,42.0,ACTIVE,0.028547096999318455
2026-09-18T07:09:49.730+07:00,25.17312686999867,4.2_25rpm,25.0,25.0,0,2026-09-18T07:09:27.555+07:00,3.000079473998994,3.8666666666666667,24.533333333333335,14.200000000000001,21.133333333333333,0.466666666666665,42.0,ACTIVE,0.025601404999179067
2026-09-18T07:09:49.758+07:00,25.197406200999467,4.2_25rpm,25.0,25.0,0,2026-09-18T07:09:27.555+07:00,3.000079473998994,3.8666666666666667,23.333333333333332,13.6,21.133333333333333,1.6666666666666679,42.0,ACTIVE,0.024279331000798265
2026-09-18T07:09:49.782+07:00,25.225213122999776,4.2_25rpm,25.0,25.0,0,2026-09-18T07:09:27.555+07:00,3.000079473998994,3.8666666666666667,23.533333333333335,13.700000000000001,21.133333333333333,1.466666666666665,42.0,ACTIVE,0.027806922000308987
2026-09-18T07:09:49.807+07:00,25.249581895999654,4.2_25rpm,25.0,25.0,0,2026-09-18T07:09:27.555+07:00,3.000079473998994,3.8666666666666667,22.933333333333334,13.4,21.133333333333333,2.0666666666666664,42.0,ACTIVE,0.024368772999878274
2026-09-18T07:09:49.836+07:00,25.278745707999406,4.2_25rpm,25.0,25.0,0,2026-09-18T07:09:27.555+07:00,3.000079473998994,3.8666666666666667,22.933333333333334,13.4,21.133333333333333,2.0666666666666664,42.0,ACTIVE,0.029163811999751488
2026-09-18T07:09:49.877+07:00,25.32073687999946,4.2_25rpm,25.0,25.0,0,2026-09-18T07:09:27.555+07:00,3.000079473998994,3.8666666666666667,23.8,13.833333333333334,21.133333333333333,1.1999999999999993,42.0,ACTIVE,0.04199117200005276
2026-09-18T07:09:49.907+07:00,25.34946922800009,4.2_25rpm,25.0,25.0,0,2026-09-18T07:09:27.555+07:00,3.000079473998994,2.8,23.8,13.3,22.2,1.1999999999999993,42.0,ACTIVE,0.028732348000630736
2026-09-18T07:09:49.931+07:00,25.373685229998955,4.2_25rpm,25.0,25.0,0,2026-09-18T07:09:27.555+07:00,3.000079473998994,2.8,24.533333333333335,13.666666666666668,22.2,0.466666666666665,42.0,ACTIVE,0.024216001998865977
2026-09-18T07:09:49.960+07:00,25.402775984999607,4.2_25rpm,25.0,25.0,0,2026-09-18T07:09:27.555+07:00,3.000079473998994,2.7333333333333334,26.266666666666666,14.5,22.266666666666666,-1.2666666666666657,42.0,ACTIVE,0.02909075500065228
2026-09-18T07:09:49.985+07:00,25.428135688998736,4.2_25rpm,25.0,25.0,0,2026-09-18T07:09:27.555+07:00,3.000079473998994,2.7333333333333334,26.266666666666666,14.5,22.266666666666666,-1.2666666666666657,42.0,ACTIVE,0.025359703999129124
2026-09-18T07:09:50.035+07:00,25.477932199999486,4.2_25rpm,25.0,25.0,0,2026-09-18T07:09:27.555+07:00,3.000079473998994,5.6,25.866666666666667,15.733333333333334,19.4,-0.8666666666666671,42.0,ACTIVE,0.04979651100074989
2026-09-18T07:09:50.058+07:00,25.501089653000236,4.2_25rpm,25.0,25.0,0,2026-09-18T07:09:27.555+07:00,3.000079473998994,12.733333333333333,24.333333333333332,18.53333333333333,12.266666666666667,0.6666666666666679,42.0,ACTIVE,0.02315745300074923
2026-09-18T07:09:50.090+07:00,25.532172991999687,4.2_25rpm,25.0,25.0,0,2026-09-18T07:09:27.555+07:00,3.000079473998994,14.866666666666667,23.066666666666666,18.96666666666667,10.133333333333333,1.9333333333333336,42.0,ACTIVE,0.03108333899945137
2026-09-18T07:09:50.112+07:00,25.55487312399964,4.2_25rpm,25.0,25.0,0,2026-09-18T07:09:27.555+07:00,3.000079473998994,17.866666666666667,23.333333333333332,20.6,7.133333333333333,1.6666666666666679,42.0,ACTIVE,0.022700131999954465
2026-09-18T07:09:50.142+07:00,25.583721793998848,4.2_25rpm,25.0,25.0,0,2026-09-18T07:09:27.555+07:00,3.000079473998994,22.6,23.533333333333335,23.06666666666667,2.3999999999999986,1.466666666666665,42.0,ACTIVE,0.028848669999206322
2026-09-18T07:09:50.182+07:00,25.625612354999248,4.2_25rpm,25.0,25.0,0,2026-09-18T07:09:27.555+07:00,3.000079473998994,22.6,23.466666666666665,23.03333333333333,2.3999999999999986,1.533333333333335,42.0,ACTIVE,0.04189056100040034
2026-09-18T07:09:50.208+07:00,25.651752138999655,4.2_25rpm,25.0,25.0,0,2026-09-18T07:09:27.555+07:00,3.000079473998994,19.8,23.866666666666667,21.833333333333336,5.199999999999999,1.1333333333333329,42.0,ACTIVE,0.026139784000406507
2026-09-18T07:09:50.236+07:00,25.679645430000164,4.2_25rpm,25.0,25.0,0,2026-09-18T07:09:27.555+07:00,3.000079473998994,19.8,23.0,21.4,5.199999999999999,2.0,42.0,ACTIVE,0.027893291000509635
2026-09-18T07:09:50.266+07:00,25.709219458998632,4.2_25rpm,25.0,25.0,0,2026-09-18T07:09:27.555+07:00,3.000079473998994,19.8,22.533333333333335,21.166666666666668,5.199999999999999,2.466666666666665,42.0,ACTIVE,0.02957402899846784
2026-09-18T07:09:50.294+07:00,25.73748827700001,4.2_25rpm,25.0,25.0,0,2026-09-18T07:09:27.555+07:00,3.000079473998994,19.8,23.733333333333334,21.766666666666666,5.199999999999999,1.2666666666666657,42.0,ACTIVE,0.02826881800137926
2026-09-18T07:09:50.322+07:00,25.763025745998675,4.2_25rpm,25.0,25.0,0,2026-09-18T07:09:27.555+07:00,3.000079473998994,19.8,23.866666666666667,21.833333333333336,5.199999999999999,1.1333333333333329,42.0,ACTIVE,0.025537468998663826
2026-09-18T07:09:50.348+07:00,25.791895151998688,4.2_25rpm,25.0,25.0,0,2026-09-18T07:09:27.555+07:00,3.000079473998994,19.8,24.066666666666666,21.933333333333334,5.199999999999999,0.9333333333333336,42.0,ACTIVE,0.028869406000012532
2026-09-18T07:09:50.375+07:00,25.81779131499934,4.2_25rpm,25.0,25.0,0,2026-09-18T07:09:27.555+07:00,3.000079473998994,9.6,24.8,17.2,15.4,0.1999999999999993,42.0,ACTIVE,0.02589616300065245
2026-09-18T07:09:50.429+07:00,25.86927912399915,4.2_25rpm,25.0,25.0,0,2026-09-18T07:09:27.555+07:00,3.000079473998994,9.6,23.2,16.4,15.4,1.8000000000000007,42.0,ACTIVE,0.051487808999809204
2026-09-18T07:09:50.462+07:00,25.897011420000126,4.2_25rpm,25.0,25.0,0,2026-09-18T07:09:27.555+07:00,3.000079473998994,9.6,23.733333333333334,16.666666666666668,15.4,1.2666666666666657,42.0,ACTIVE,0.02773229600097693
2026-09-18T07:09:50.483+07:00,25.926657930000147,4.2_25rpm,25.0,25.0,0,2026-09-18T07:09:27.555+07:00,3.000079473998994,9.6,23.333333333333332,16.466666666666665,15.4,1.6666666666666679,42.0,ACTIVE,0.0296465100000205
2026-09-18T07:09:50.511+07:00,25.95451886799856,4.2_25rpm,25.0,25.0,0,2026-09-18T07:09:27.555+07:00,3.000079473998994,6.733333333333333,23.8,15.266666666666667,18.266666666666666,1.1999999999999993,42.0,ACTIVE,0.027860937998411828
2026-09-18T07:09:50.538+07:00,25.98134170599951,4.2_25rpm,25.0,25.0,0,2026-09-18T07:09:27.555+07:00,3.000079473998994,6.733333333333333,25.4,16.066666666666666,18.266666666666666,-0.3999999999999986,42.0,ACTIVE,0.026822838000953197
2026-09-18T07:09:50.566+07:00,26.0060371089985,4.2_25rpm,25.0,25.0,0,2026-09-18T07:09:27.555+07:00,3.000079473998994,6.533333333333333,25.8,16.166666666666668,18.46666666666667,-0.8000000000000007,42.0,ACTIVE,0.024695402998986538
2026-09-18T07:09:50.591+07:00,26.03433828099878,4.2_25rpm,25.0,25.0,0,2026-09-18T07:09:27.555+07:00,3.000079473998994,6.6,26.066666666666666,16.333333333333332,18.4,-1.0666666666666664,42.0,ACTIVE,0.02830117200028326
2026-09-18T07:09:50.616+07:00,26.05946076500004,4.2_25rpm,25.0,25.0,0,2026-09-18T07:09:27.555+07:00,3.000079473998994,6.6,26.8,16.7,18.4,-1.8000000000000007,42.0,ACTIVE,0.025122484001258272
2026-09-18T07:09:50.661+07:00,26.101392702999874,4.2_25rpm,25.0,25.0,0,2026-09-18T07:09:27.555+07:00,3.000079473998994,10.066666666666666,24.533333333333335,17.3,14.933333333333334,0.466666666666665,42.0,ACTIVE,0.04193193799983419
2026-09-18T07:09:50.695+07:00,26.135070812999402,4.2_25rpm,25.0,25.0,0,2026-09-18T07:09:27.555+07:00,3.000079473998994,19.933333333333334,24.866666666666667,22.4,5.066666666666666,0.13333333333333286,42.0,ACTIVE,0.033678109999527805
2026-09-18T07:09:50.713+07:00,26.1562426269993,4.2_25rpm,25.0,25.0,0,2026-09-18T07:09:27.555+07:00,3.000079473998994,23.333333333333332,23.866666666666667,23.6,1.6666666666666679,1.1333333333333329,42.0,ACTIVE,0.021171813999899314
2026-09-18T07:09:50.745+07:00,26.188437506998525,4.2_25rpm,25.0,25.0,0,2026-09-18T07:09:27.555+07:00,3.000079473998994,24.666666666666668,24.066666666666666,24.366666666666667,0.33333333333333215,0.9333333333333336,42.0,ACTIVE,0.03219487999922421
2026-09-18T07:09:50.774+07:00,26.216739637999126,4.2_25rpm,25.0,25.0,0,2026-09-18T07:09:27.555+07:00,3.000079473998994,22.066666666666666,25.533333333333335,23.8,2.9333333333333336,-0.533333333333335,42.0,ACTIVE,0.02830213100060064
2026-09-18T07:09:50.801+07:00,26.244060117998742,4.2_25rpm,25.0,25.0,0,2026-09-18T07:09:27.555+07:00,3.000079473998994,22.066666666666666,25.133333333333333,23.6,2.9333333333333336,-0.13333333333333286,42.0,ACTIVE,0.02732047999961651
2026-09-18T07:09:50.830+07:00,26.272882003999257,4.2_25rpm,25.0,25.0,0,2026-09-18T07:09:27.555+07:00,3.000079473998994,22.066666666666666,24.933333333333334,23.5,2.9333333333333336,0.06666666666666643,42.0,ACTIVE,0.028821886000514496
2026-09-18T07:09:50.858+07:00,26.29904178799916,4.2_25rpm,25.0,25.0,0,2026-09-18T07:09:27.555+07:00,3.000079473998994,22.066666666666666,24.533333333333335,23.3,2.9333333333333336,0.466666666666665,42.0,ACTIVE,0.026159783999901265
2026-09-18T07:09:50.899+07:00,26.342514492998816,4.2_25rpm,25.0,25.0,0,2026-09-18T07:09:27.555+07:00,3.000079473998994,22.066666666666666,23.066666666666666,22.566666666666666,2.9333333333333336,1.9333333333333336,42.0,ACTIVE,0.04347270499965816
2026-09-18T07:09:50.926+07:00,26.367695633998665,4.2_25rpm,25.0,25.0,0,2026-09-18T07:09:27.555+07:00,3.000079473998994,22.066666666666666,22.266666666666666,22.166666666666664,2.9333333333333336,2.7333333333333343,42.0,ACTIVE,0.02518114099984814
2026-09-18T07:09:50.950+07:00,26.393327791998672,4.2_25rpm,25.0,25.0,0,2026-09-18T07:09:27.555+07:00,3.000079473998994,22.066666666666666,22.733333333333334,22.4,2.9333333333333336,2.2666666666666657,42.0,ACTIVE,0.02563215800000762
2026-09-18T07:09:50.978+07:00,26.421209018999434,4.2_25rpm,25.0,25.0,0,2026-09-18T07:09:27.555+07:00,3.000079473998994,0.0,22.733333333333334,11.366666666666667,25.0,2.2666666666666657,42.0,ACTIVE,0.02788122700076201
2026-09-18T07:09:51.006+07:00,26.447323074999076,4.2_25rpm,25.0,25.0,0,2026-09-18T07:09:27.555+07:00,3.000079473998994,0.0,22.2,11.1,25.0,2.8000000000000007,42.0,ACTIVE,0.026114055999642005
2026-09-18T07:09:51.049+07:00,26.49159461199997,4.2_25rpm,25.0,25.0,0,2026-09-18T07:09:27.555+07:00,3.000079473998994,0.0,22.0,11.0,25.0,3.0,42.0,ACTIVE,0.04427153700089548
2026-09-18T07:09:51.078+07:00,26.52033124799891,4.2_25rpm,25.0,25.0,0,2026-09-18T07:09:27.555+07:00,3.000079473998994,0.0,21.4,10.7,25.0,3.6000000000000014,42.0,ACTIVE,0.028736635998939164
2026-09-18T07:09:51.102+07:00,26.545977517998836,4.2_25rpm,25.0,25.0,0,2026-09-18T07:09:27.555+07:00,3.000079473998994,0.0,21.133333333333333,10.566666666666666,25.0,3.866666666666667,42.0,ACTIVE,0.025646269999924698
2026-09-18T07:09:51.130+07:00,26.57316311499926,4.2_25rpm,25.0,25.0,0,2026-09-18T07:09:27.555+07:00,3.000079473998994,0.0,22.4,11.2,25.0,2.6000000000000014,42.0,ACTIVE,0.027185597000425332
2026-09-18T07:09:51.157+07:00,26.600274053998874,4.2_25rpm,25.0,25.0,0,2026-09-18T07:09:27.555+07:00,3.000079473998994,0.0,23.333333333333332,11.666666666666666,25.0,1.6666666666666679,42.0,ACTIVE,0.0271109389996127
2026-09-18T07:09:51.200+07:00,26.642856917000245,4.2_25rpm,25.0,25.0,0,2026-09-18T07:09:27.555+07:00,3.000079473998994,27.8,26.733333333333334,27.266666666666666,-2.8000000000000007,-1.7333333333333343,42.0,ACTIVE,0.04258286300137115
2026-09-18T07:09:51.224+07:00,26.667086231000212,4.2_25rpm,25.0,25.0,0,2026-09-18T07:09:27.555+07:00,3.000079473998994,32.0,27.666666666666668,29.833333333333336,-7.0,-2.666666666666668,42.0,ACTIVE,0.024229313999967417
2026-09-18T07:09:51.252+07:00,26.695774609999717,4.2_25rpm,25.0,25.0,0,2026-09-18T07:09:27.555+07:00,3.000079473998994,32.86666666666667,28.2,30.53333333333333,-7.866666666666667,-3.1999999999999993,42.0,ACTIVE,0.028688378999504494
2026-09-18T07:09:51.278+07:00,26.72130372599895,4.2_25rpm,25.0,25.0,0,2026-09-18T07:09:27.555+07:00,3.000079473998994,29.0,27.8,28.4,-4.0,-2.8000000000000007,42.0,ACTIVE,0.02552911599923391
2026-09-18T07:09:51.307+07:00,26.750229549999858,4.2_25rpm,25.0,25.0,0,2026-09-18T07:09:27.555+07:00,3.000079473998994,29.0,26.8,27.9,-4.0,-1.8000000000000007,42.0,ACTIVE,0.028925824000907596
2026-09-18T07:09:51.333+07:00,26.775964845999624,4.2_25rpm,25.0,25.0,0,2026-09-18T07:09:27.555+07:00,3.000079473998994,22.933333333333334,26.266666666666666,24.6,2.0666666666666664,-1.2666666666666657,42.0,ACTIVE,0.025735295999766095
2026-09-18T07:09:51.385+07:00,26.82793695199871,4.2_25rpm,25.0,25.0,0,2026-09-18T07:09:27.555+07:00,3.000079473998994,22.933333333333334,25.933333333333334,24.433333333333334,2.0666666666666664,-0.9333333333333336,42.0,ACTIVE,0.051972105999084306
2026-09-18T07:09:51.413+07:00,26.85533564099933,4.2_25rpm,25.0,25.0,0,2026-09-18T07:09:27.555+07:00,3.000079473998994,14.0,26.866666666666667,20.433333333333334,11.0,-1.8666666666666671,42.0,ACTIVE,0.027398689000619925
2026-09-18T07:09:51.441+07:00,26.883804622999378,4.2_25rpm,25.0,25.0,0,2026-09-18T07:09:27.555+07:00,3.000079473998994,14.0,26.933333333333334,20.46666666666667,11.0,-1.9333333333333336,42.0,ACTIVE,0.028468982000049436
2026-09-18T07:09:51.468+07:00,26.91101591699953,4.2_25rpm,25.0,25.0,0,2026-09-18T07:09:27.555+07:00,3.000079473998994,14.0,27.266666666666666,20.633333333333333,11.0,-2.2666666666666657,42.0,ACTIVE,0.02721129400015343
2026-09-18T07:09:51.496+07:00,26.937729887999012,4.2_25rpm,25.0,25.0,0,2026-09-18T07:09:27.555+07:00,3.000079473998994,14.0,27.933333333333334,20.96666666666667,11.0,-2.9333333333333336,42.0,ACTIVE,0.026713970999480807
2026-09-18T07:09:51.521+07:00,26.963738053998895,4.2_25rpm,25.0,25.0,0,2026-09-18T07:09:27.555+07:00,3.000079473998994,14.0,27.066666666666666,20.53333333333333,11.0,-2.0666666666666664,42.0,ACTIVE,0.026008165999883204
2026-09-18T07:09:51.549+07:00,26.99267101299847,4.2_25rpm,25.0,25.0,0,2026-09-18T07:09:27.555+07:00,3.000079473998994,14.0,26.733333333333334,20.366666666666667,11.0,-1.7333333333333343,42.0,ACTIVE,0.02893295899957593
2026-09-18T07:09:51.590+07:00,27.03146407299937,4.2_25rpm,25.0,25.0,0,2026-09-18T07:09:27.555+07:00,3.000079473998994,7.6,25.666666666666668,16.633333333333333,17.4,-0.6666666666666679,42.0,ACTIVE,0.03879306000089855
2026-09-18T07:09:51.613+07:00,27.056451065998772,4.2_25rpm,25.0,25.0,0,2026-09-18T07:09:27.555+07:00,3.000079473998994,7.6,25.666666666666668,16.633333333333333,17.4,-0.6666666666666679,42.0,ACTIVE,0.02498699299940199
2026-09-18T07:09:51.642+07:00,27.085577149999153,4.2_25rpm,25.0,25.0,0,2026-09-18T07:09:27.555+07:00,3.000079473998994,7.6,23.133333333333333,15.366666666666667,17.4,1.8666666666666671,42.0,ACTIVE,0.029126084000381525
2026-09-18T07:09:51.667+07:00,27.10959778799952,4.2_25rpm,25.0,25.0,0,2026-09-18T07:09:27.555+07:00,3.000079473998994,7.6,20.933333333333334,14.266666666666666,17.4,4.066666666666666,42.0,ACTIVE,0.02402063800036558
2026-09-18T07:09:51.695+07:00,27.137117823000153,4.2_25rpm,25.0,25.0,0,2026-09-18T07:09:27.555+07:00,3.000079473998994,7.6,20.933333333333334,14.266666666666666,17.4,4.066666666666666,42.0,ACTIVE,0.02752003500063438
2026-09-18T07:09:51.744+07:00,27.185921225998754,4.2_25rpm,25.0,25.0,0,2026-09-18T07:09:27.555+07:00,3.000079473998994,7.6,18.6,13.100000000000001,17.4,6.399999999999999,42.0,ACTIVE,0.048803402998601086
2026-09-18T07:09:51.771+07:00,27.210593588999473,4.2_25rpm,25.0,25.0,0,2026-09-18T07:09:27.555+07:00,3.000079473998994,7.6,17.4,12.5,17.4,7.600000000000001,42.0,ACTIVE,0.024672363000718178
2026-09-18T07:09:51.792+07:00,27.235117053000067,4.2_25rpm,25.0,25.0,0,2026-09-18T07:09:27.555+07:00,3.000079473998994,7.6,18.333333333333332,12.966666666666665,17.4,6.666666666666668,42.0,ACTIVE,0.024523464000594686
2026-09-18T07:09:51.818+07:00,27.261088097999163,4.2_25rpm,25.0,25.0,0,2026-09-18T07:09:27.555+07:00,3.000079473998994,7.6,19.666666666666668,13.633333333333333,17.4,5.333333333333332,42.0,ACTIVE,0.025971044999096193
2026-09-18T07:09:51.846+07:00,27.289685338999334,4.2_25rpm,25.0,25.0,0,2026-09-18T07:09:27.555+07:00,3.000079473998994,7.6,25.666666666666668,16.633333333333333,17.4,-0.6666666666666679,42.0,ACTIVE,0.02859724100017047
2026-09-18T07:09:51.890+07:00,27.332405805000235,4.2_25rpm,25.0,25.0,0,2026-09-18T07:09:27.555+07:00,3.000079473998994,7.6,27.133333333333333,17.366666666666667,17.4,-2.133333333333333,42.0,ACTIVE,0.04272046600090107
2026-09-18T07:09:51.919+07:00,27.361456302998704,4.2_25rpm,25.0,25.0,0,2026-09-18T07:09:27.555+07:00,3.000079473998994,7.6,29.4,18.5,17.4,-4.399999999999999,42.0,ACTIVE,0.029050497998468927
2026-09-18T07:09:51.941+07:00,27.38467506899906,4.2_25rpm,25.0,25.0,0,2026-09-18T07:09:27.555+07:00,3.000079473998994,7.6,27.8,17.7,17.4,-2.8000000000000007,42.0,ACTIVE,0.023218766000354663
2026-09-18T07:09:51.986+07:00,27.427996858999904,4.2_25rpm,25.0,25.0,0,2026-09-18T07:09:27.555+07:00,3.000079473998994,7.6,27.266666666666666,17.433333333333334,17.4,-2.2666666666666657,42.0,ACTIVE,0.043321790000845795
2026-09-18T07:09:52.010+07:00,27.45326971400027,4.2_25rpm,25.0,25.0,0,2026-09-18T07:09:27.555+07:00,3.000079473998994,7.6,27.933333333333334,17.766666666666666,17.4,-2.9333333333333336,42.0,ACTIVE,0.02527285500036669
2026-09-18T07:09:52.035+07:00,27.478894672000024,4.2_25rpm,25.0,25.0,0,2026-09-18T07:09:27.555+07:00,3.000079473998994,7.6,26.8,17.2,17.4,-1.8000000000000007,42.0,ACTIVE,0.02562495799975295
2026-09-18T07:09:52.063+07:00,27.506659127999228,4.2_25rpm,25.0,25.0,0,2026-09-18T07:09:27.555+07:00,3.000079473998994,7.6,27.2,17.4,17.4,-2.1999999999999993,42.0,ACTIVE,0.027764455999204074
2026-09-18T07:09:52.096+07:00,27.53985463599929,4.2_25rpm,25.0,25.0,0,2026-09-18T07:09:27.555+07:00,3.000079473998994,0.0,26.466666666666665,13.233333333333333,25.0,-1.466666666666665,42.0,ACTIVE,0.033195508000062546
2026-09-18T07:09:52.123+07:00,27.566146134999144,4.2_25rpm,25.0,25.0,0,2026-09-18T07:09:27.555+07:00,3.000079473998994,0.0,25.8,12.9,25.0,-0.8000000000000007,42.0,ACTIVE,0.026291498999853502
2026-09-18T07:09:52.161+07:00,27.597496614998818,4.2_25rpm,25.0,25.0,0,2026-09-18T07:09:27.555+07:00,3.000079473998994,0.0,25.133333333333333,12.566666666666666,25.0,-0.13333333333333286,42.0,ACTIVE,0.03135047999967355
2026-09-18T07:09:52.184+07:00,27.627114068000083,4.2_25rpm,25.0,25.0,0,2026-09-18T07:09:27.555+07:00,3.000079473998994,0.0,23.266666666666666,11.633333333333333,25.0,1.7333333333333343,42.0,ACTIVE,0.02961745300126495
2026-09-18T07:09:52.210+07:00,27.653037623998898,4.2_25rpm,25.0,25.0,0,2026-09-18T07:09:27.555+07:00,3.000079473998994,2.8,23.266666666666666,13.033333333333333,22.2,1.7333333333333343,42.0,ACTIVE,0.025923555998815573
2026-09-18T07:09:52.236+07:00,27.679474789998494,4.2_25rpm,25.0,25.0,0,2026-09-18T07:09:27.555+07:00,3.000079473998994,2.8,21.266666666666666,12.033333333333333,22.2,3.7333333333333343,42.0,ACTIVE,0.02643716599959589
2026-09-18T07:09:52.266+07:00,27.70866247399863,4.2_25rpm,25.0,25.0,0,2026-09-18T07:09:27.555+07:00,3.000079473998994,2.8,21.4,12.1,22.2,3.6000000000000014,42.0,ACTIVE,0.02918768400013505
2026-09-18T07:09:52.309+07:00,27.752124106998963,4.2_25rpm,25.0,25.0,0,2026-09-18T07:09:27.555+07:00,3.000079473998994,2.7333333333333334,21.333333333333332,12.033333333333333,22.266666666666666,3.666666666666668,42.0,ACTIVE,0.04346163300033368
2026-09-18T07:09:52.335+07:00,27.778051086999767,4.2_25rpm,25.0,25.0,0,2026-09-18T07:09:27.555+07:00,3.000079473998994,2.8666666666666667,23.333333333333332,13.1,22.133333333333333,1.6666666666666679,42.0,ACTIVE,0.02592698000080418
2026-09-18T07:09:52.363+07:00,27.80605612399995,4.2_25rpm,25.0,25.0,0,2026-09-18T07:09:27.555+07:00,3.000079473998994,11.133333333333333,24.066666666666666,17.6,13.866666666666667,0.9333333333333336,42.0,ACTIVE,0.02800503700018453
2026-09-18T07:09:52.395+07:00,27.83465701299974,4.2_25rpm,25.0,25.0,0,2026-09-18T07:09:27.555+07:00,3.000079473998994,14.4,25.933333333333334,20.166666666666668,10.6,-0.9333333333333336,42.0,ACTIVE,0.028600888999790186
2026-09-18T07:09:52.416+07:00,27.857610174,4.2_25rpm,25.0,25.0,0,2026-09-18T07:09:27.555+07:00,3.000079473998994,27.133333333333333,29.0,28.066666666666666,-2.133333333333333,-4.0,42.0,ACTIVE,0.02295316100025957
2026-09-18T07:09:52.468+07:00,27.910889441998734,4.2_25rpm,25.0,25.0,0,2026-09-18T07:09:27.555+07:00,3.000079473998994,38.733333333333334,29.2,33.96666666666667,-13.733333333333334,-4.199999999999999,42.0,ACTIVE,0.053279267998732394
2026-09-18T07:09:52.497+07:00,27.93951589899916,4.2_25rpm,25.0,25.0,0,2026-09-18T07:09:27.555+07:00,3.000079473998994,34.733333333333334,27.266666666666666,31.0,-9.733333333333334,-2.2666666666666657,42.0,ACTIVE,0.028626457000427763
2026-09-18T07:09:52.524+07:00,27.967496424000274,4.2_25rpm,25.0,25.0,0,2026-09-18T07:09:27.555+07:00,3.000079473998994,29.733333333333334,26.0,27.866666666666667,-4.733333333333334,-1.0,42.0,ACTIVE,0.027980525001112255
2026-09-18T07:09:52.562+07:00,28.004815565998797,4.2_25rpm,25.0,25.0,0,2026-09-18T07:09:27.555+07:00,3.000079473998994,29.733333333333334,25.866666666666667,27.8,-4.733333333333334,-0.8666666666666671,42.0,ACTIVE,0.037319141998523264
2026-09-18T07:09:52.584+07:00,28.027716181999494,4.2_25rpm,25.0,25.0,0,2026-09-18T07:09:27.555+07:00,3.000079473998994,22.266666666666666,24.8,23.53333333333333,2.7333333333333343,0.1999999999999993,42.0,ACTIVE,0.022900616000697482
2026-09-18T07:09:52.612+07:00,28.055267289999392,4.2_25rpm,25.0,25.0,0,2026-09-18T07:09:27.555+07:00,3.000079473998994,22.266666666666666,23.8,23.03333333333333,2.7333333333333343,1.1999999999999993,42.0,ACTIVE,0.027551107999897795
2026-09-18T07:09:52.638+07:00,28.07996570099931,4.2_25rpm,25.0,25.0,0,2026-09-18T07:09:27.555+07:00,3.000079473998994,22.266666666666666,23.266666666666666,22.766666666666666,2.7333333333333343,1.7333333333333343,42.0,ACTIVE,0.02469841099991754
2026-09-18T07:09:52.663+07:00,28.106992670998807,4.2_25rpm,25.0,25.0,0,2026-09-18T07:09:27.555+07:00,3.000079473998994,22.266666666666666,23.266666666666666,22.766666666666666,2.7333333333333343,1.7333333333333343,42.0,ACTIVE,0.02702696999949694
2026-09-18T07:09:52.689+07:00,28.132748830999844,4.2_25rpm,25.0,25.0,0,2026-09-18T07:09:27.555+07:00,3.000079473998994,22.266666666666666,21.866666666666667,22.066666666666666,2.7333333333333343,3.133333333333333,42.0,ACTIVE,0.025756160001037642
2026-09-18T07:09:52.717+07:00,28.160735051998927,4.2_25rpm,25.0,25.0,0,2026-09-18T07:09:27.555+07:00,3.000079473998994,22.266666666666666,21.066666666666666,21.666666666666664,2.7333333333333343,3.9333333333333336,42.0,ACTIVE,0.027986220999082434
2026-09-18T07:09:52.745+07:00,28.18729365999934,4.2_25rpm,25.0,25.0,0,2026-09-18T07:09:27.555+07:00,3.000079473998994,22.266666666666666,22.0,22.133333333333333,2.7333333333333343,3.0,42.0,ACTIVE,0.026558608000414097
2026-09-18T07:09:52.775+07:00,28.217583638999713,4.2_25rpm,25.0,25.0,0,2026-09-18T07:09:27.555+07:00,3.000079473998994,22.266666666666666,22.466666666666665,22.366666666666667,2.7333333333333343,2.533333333333335,42.0,ACTIVE,0.030289979000372114
2026-09-18T07:09:52.817+07:00,28.259866399999737,4.2_25rpm,25.0,25.0,0,2026-09-18T07:09:27.555+07:00,3.000079473998994,22.266666666666666,25.266666666666666,23.766666666666666,2.7333333333333343,-0.2666666666666657,42.0,ACTIVE,0.04228276100002404
2026-09-18T07:09:52.845+07:00,28.287229887999274,4.2_25rpm,25.0,25.0,0,2026-09-18T07:09:27.555+07:00,3.000079473998994,22.266666666666666,25.333333333333332,23.799999999999997,2.7333333333333343,-0.33333333333333215,42.0,ACTIVE,0.02736348799953703
2026-09-18T07:09:52.870+07:00,28.313307910999356,4.2_25rpm,25.0,25.0,0,2026-09-18T07:09:27.555+07:00,3.000079473998994,22.266666666666666,26.066666666666666,24.166666666666664,2.7333333333333343,-1.0666666666666664,42.0,ACTIVE,0.026078023000081885
2026-09-18T07:09:52.897+07:00,28.339621330998852,4.2_25rpm,25.0,25.0,0,2026-09-18T07:09:27.555+07:00,3.000079473998994,22.266666666666666,27.333333333333332,24.799999999999997,2.7333333333333343,-2.333333333333332,42.0,ACTIVE,0.026313419999496546
2026-09-18T07:09:52.926+07:00,28.368802806999156,4.2_25rpm,25.0,25.0,0,2026-09-18T07:09:27.555+07:00,3.000079473998994,22.266666666666666,27.533333333333335,24.9,2.7333333333333343,-2.533333333333335,42.0,ACTIVE,0.02918147600030352
2026-09-18T07:09:52.974+07:00,28.4152402109994,4.2_25rpm,25.0,25.0,0,2026-09-18T07:09:27.555+07:00,3.000079473998994,22.266666666666666,26.866666666666667,24.566666666666666,2.7333333333333343,-1.8666666666666671,42.0,ACTIVE,0.04643740400024399
2026-09-18T07:09:52.999+07:00,28.442146441999284,4.2_25rpm,25.0,25.0,0,2026-09-18T07:09:27.555+07:00,3.000079473998994,22.266666666666666,25.466666666666665,23.866666666666667,2.7333333333333343,-0.466666666666665,42.0,ACTIVE,0.02690623099988443
2026-09-18T07:09:53.027+07:00,28.469672397999602,4.2_25rpm,25.0,25.0,0,2026-09-18T07:09:27.555+07:00,3.000079473998994,22.266666666666666,24.4,23.333333333333332,2.7333333333333343,0.6000000000000014,42.0,ACTIVE,0.02752595600031782
2026-09-18T07:09:53.056+07:00,28.496733607998976,4.2_25rpm,25.0,25.0,0,2026-09-18T07:09:27.555+07:00,3.000079473998994,22.266666666666666,24.933333333333334,23.6,2.7333333333333343,0.06666666666666643,42.0,ACTIVE,0.027061209999374114
2026-09-18T07:09:53.083+07:00,28.525026522998814,4.2_25rpm,25.0,25.0,0,2026-09-18T07:09:27.555+07:00,3.000079473998994,0.0,24.8,12.4,25.0,0.1999999999999993,42.0,ACTIVE,0.028292914999838104
2026-09-18T07:09:53.111+07:00,28.554403010999522,4.2_25rpm,25.0,25.0,0,2026-09-18T07:09:27.555+07:00,3.000079473998994,0.0,24.6,12.3,25.0,0.3999999999999986,42.0,ACTIVE,0.029376488000707468
2026-09-18T07:09:53.140+07:00,28.582684662000247,4.2_25rpm,25.0,25.0,0,2026-09-18T07:09:27.555+07:00,3.000079473998994,0.0,25.4,12.7,25.0,-0.3999999999999986,42.0,ACTIVE,0.028281651000725105
2026-09-18T07:09:53.169+07:00,28.611227532999692,4.2_25rpm,25.0,25.0,0,2026-09-18T07:09:27.555+07:00,3.000079473998994,3.8666666666666667,24.6,14.233333333333334,21.133333333333333,0.3999999999999986,42.0,ACTIVE,0.028542870999444858
2026-09-18T07:09:53.194+07:00,28.637117775999286,4.2_25rpm,25.0,25.0,0,2026-09-18T07:09:27.555+07:00,3.000079473998994,3.7333333333333334,23.866666666666667,13.8,21.266666666666666,1.1333333333333329,42.0,ACTIVE,0.025890242999594193
2026-09-18T07:09:53.240+07:00,28.681992716999957,4.2_25rpm,25.0,25.0,0,2026-09-18T07:09:27.555+07:00,3.000079473998994,3.6666666666666665,23.2,13.433333333333334,21.333333333333332,1.8000000000000007,42.0,ACTIVE,0.04487494100067124
2026-09-18T07:09:53.268+07:00,28.711374164999143,4.2_25rpm,25.0,25.0,0,2026-09-18T07:09:27.555+07:00,3.000079473998994,15.133333333333333,23.466666666666665,19.299999999999997,9.866666666666667,1.533333333333335,42.0,ACTIVE,0.029381447999185184
2026-09-18T07:09:53.299+07:00,28.74182721899888,4.2_25rpm,25.0,25.0,0,2026-09-18T07:09:27.555+07:00,3.000079473998994,17.066666666666666,24.8,20.933333333333334,7.933333333333334,0.1999999999999993,42.0,ACTIVE,0.030453053999735857
2026-09-18T07:09:53.323+07:00,28.765595819999362,4.2_25rpm,25.0,25.0,0,2026-09-18T07:09:27.555+07:00,3.000079473998994,19.266666666666666,25.733333333333334,22.5,5.733333333333334,-0.7333333333333343,42.0,ACTIVE,0.023768601000483613
2026-09-18T07:09:53.356+07:00,28.79962571299984,4.2_25rpm,25.0,25.0,0,2026-09-18T07:09:27.555+07:00,3.000079473998994,22.6,26.866666666666667,24.733333333333334,2.3999999999999986,-1.8666666666666671,42.0,ACTIVE,0.034029893000479206
2026-09-18T07:09:53.379+07:00,28.820683859999917,4.2_25rpm,25.0,25.0,0,2026-09-18T07:09:27.555+07:00,3.000079473998994,27.6,29.533333333333335,28.56666666666667,-2.6000000000000014,-4.533333333333335,42.0,ACTIVE,0.021058147000076133
2026-09-18T07:09:53.407+07:00,28.847775341999295,4.2_25rpm,25.0,25.0,0,2026-09-18T07:09:27.555+07:00,3.000079473998994,23.933333333333334,30.466666666666665,27.2,1.0666666666666664,-5.466666666666665,42.0,ACTIVE,0.02709148199937772
2026-09-18T07:09:53.452+07:00,28.893035250999674,4.2_25rpm,25.0,25.0,0,2026-09-18T07:09:27.555+07:00,3.000079473998994,23.933333333333334,30.333333333333332,27.133333333333333,1.0666666666666664,-5.333333333333332,42.0,ACTIVE,0.045259909000378684
2026-09-18T07:09:53.475+07:00,28.91871518500011,4.2_25rpm,25.0,25.0,0,2026-09-18T07:09:27.555+07:00,3.000079473998994,23.933333333333334,29.0,26.46666666666667,1.0666666666666664,-4.0,42.0,ACTIVE,0.025679934000436333
2026-09-18T07:09:53.501+07:00,28.943971495998994,4.2_25rpm,25.0,25.0,0,2026-09-18T07:09:27.555+07:00,3.000079473998994,23.933333333333334,28.666666666666668,26.3,1.0666666666666664,-3.666666666666668,42.0,ACTIVE,0.025256310998884146
2026-09-18T07:09:53.531+07:00,28.97325502199965,4.2_25rpm,25.0,25.0,0,2026-09-18T07:09:27.555+07:00,3.000079473998994,23.933333333333334,27.333333333333332,25.633333333333333,1.0666666666666664,-2.333333333333332,42.0,ACTIVE,0.029283526000654092
2026-09-18T07:09:53.570+07:00,29.01340602900018,4.2_25rpm,25.0,25.0,0,2026-09-18T07:09:27.555+07:00,3.000079473998994,23.933333333333334,26.266666666666666,25.1,1.0666666666666664,-1.2666666666666657,42.0,ACTIVE,0.040151007000531536
2026-09-18T07:09:53.597+07:00,29.039788441999917,4.2_25rpm,25.0,25.0,0,2026-09-18T07:09:27.555+07:00,3.000079473998994,23.933333333333334,25.133333333333333,24.53333333333333,1.0666666666666664,-0.13333333333333286,42.0,ACTIVE,0.026382412999737426
2026-09-18T07:09:53.623+07:00,29.066484973000115,4.2_25rpm,25.0,25.0,0,2026-09-18T07:09:27.555+07:00,3.000079473998994,23.933333333333334,23.133333333333333,23.53333333333333,1.0666666666666664,1.8666666666666671,42.0,ACTIVE,0.026696531000197865
2026-09-18T07:09:53.648+07:00,29.091515262998655,4.2_25rpm,25.0,25.0,0,2026-09-18T07:09:27.555+07:00,3.000079473998994,23.933333333333334,21.666666666666668,22.8,1.0666666666666664,3.333333333333332,42.0,ACTIVE,0.025030289998539956
2026-09-18T07:09:53.677+07:00,29.119783632999315,4.2_25rpm,25.0,25.0,0,2026-09-18T07:09:27.555+07:00,3.000079473998994,23.933333333333334,21.666666666666668,22.8,1.0666666666666664,3.333333333333332,42.0,ACTIVE,0.02826837000066007
2026-09-18T07:09:53.703+07:00,29.146815402998982,4.2_25rpm,25.0,25.0,0,2026-09-18T07:09:27.555+07:00,3.000079473998994,23.933333333333334,22.066666666666666,23.0,1.0666666666666664,2.9333333333333336,42.1,ACTIVE,0.02703176999966672
2026-09-18T07:09:53.735+07:00,29.177914709000106,4.2_25rpm,25.0,25.0,0,2026-09-18T07:09:27.555+07:00,3.000079473998994,23.933333333333334,23.066666666666666,23.5,1.0666666666666664,1.9333333333333336,42.0,ACTIVE,0.031099306001124205
2026-09-18T07:09:53.767+07:00,29.2103909389989,4.2_25rpm,25.0,25.0,0,2026-09-18T07:09:27.555+07:00,3.000079473998994,23.933333333333334,24.866666666666667,24.4,1.0666666666666664,0.13333333333333286,42.0,ACTIVE,0.032476229998792405
2026-09-18T07:09:53.798+07:00,29.23823792499934,4.2_25rpm,25.0,25.0,0,2026-09-18T07:09:27.555+07:00,3.000079473998994,23.933333333333334,26.133333333333333,25.03333333333333,1.0666666666666664,-1.1333333333333329,42.1,ACTIVE,0.027846986000440666
2026-09-18T07:09:53.844+07:00,29.284860996000134,4.2_25rpm,25.0,25.0,0,2026-09-18T07:09:27.555+07:00,3.000079473998994,23.933333333333334,27.2,25.566666666666666,1.0666666666666664,-2.1999999999999993,42.1,ACTIVE,0.04662307100079488
2026-09-18T07:09:53.867+07:00,29.31057405199863,4.2_25rpm,25.0,25.0,0,2026-09-18T07:09:27.555+07:00,3.000079473998994,23.933333333333334,27.0,25.46666666666667,1.0666666666666664,-2.0,42.1,ACTIVE,0.025713055998494383
2026-09-18T07:09:53.896+07:00,29.33858472099928,4.2_25rpm,25.0,25.0,0,2026-09-18T07:09:27.555+07:00,3.000079473998994,0.0,26.0,13.0,25.0,-1.0,42.1,ACTIVE,0.028010669000650523
2026-09-18T07:09:53.923+07:00,29.365694987998722,4.2_25rpm,25.0,25.0,0,2026-09-18T07:09:27.555+07:00,3.000079473998994,0.0,24.866666666666667,12.433333333333334,25.0,0.13333333333333286,42.1,ACTIVE,0.02711026699944341
2026-09-18T07:09:53.959+07:00,29.4024633680001,4.2_25rpm,25.0,25.0,0,2026-09-18T07:09:27.555+07:00,3.000079473998994,0.0,22.333333333333332,11.166666666666666,25.0,2.666666666666668,42.1,ACTIVE,0.0367683800013765
2026-09-18T07:09:53.993+07:00,29.436844275000112,4.2_25rpm,25.0,25.0,0,2026-09-18T07:09:27.555+07:00,3.000079473998994,0.0,20.733333333333334,10.366666666666667,25.0,4.266666666666666,42.1,ACTIVE,0.034380907000013394
2026-09-18T07:09:54.022+07:00,29.46492032199967,4.2_25rpm,25.0,25.0,0,2026-09-18T07:09:27.555+07:00,3.000079473998994,3.8,20.866666666666667,12.333333333333334,21.2,4.133333333333333,42.1,ACTIVE,0.028076046999558457
2026-09-18T07:09:54.052+07:00,29.491606740999487,4.2_25rpm,25.0,25.0,0,2026-09-18T07:09:27.555+07:00,3.000079473998994,3.8,20.733333333333334,12.266666666666667,21.2,4.266666666666666,42.1,ACTIVE,0.026686418999815942
2026-09-18T07:09:54.077+07:00,29.519601856998634,4.2_25rpm,25.0,25.0,0,2026-09-18T07:09:27.555+07:00,3.000079473998994,3.8,21.533333333333335,12.666666666666668,21.2,3.466666666666665,42.1,ACTIVE,0.027995115999146947
2026-09-18T07:09:54.119+07:00,29.56225457799883,4.2_25rpm,25.0,25.0,0,2026-09-18T07:09:27.555+07:00,3.000079473998994,3.8,23.666666666666668,13.733333333333334,21.2,1.3333333333333321,42.1,ACTIVE,0.042652721000195015
2026-09-18T07:09:54.146+07:00,29.589342347999263,4.2_25rpm,25.0,25.0,0,2026-09-18T07:09:27.555+07:00,3.000079473998994,3.8,24.333333333333332,14.066666666666666,21.2,0.6666666666666679,42.1,ACTIVE,0.02708777000043483
2026-09-18T07:09:54.172+07:00,29.615372913998726,4.2_25rpm,25.0,25.0,0,2026-09-18T07:09:27.555+07:00,3.000079473998994,3.2,25.733333333333334,14.466666666666667,21.8,-0.7333333333333343,42.1,ACTIVE,0.02603056599946285
2026-09-18T07:09:54.199+07:00,29.642784882998967,4.2_25rpm,25.0,25.0,0,2026-09-18T07:09:27.555+07:00,3.000079473998994,3.066666666666667,25.4,14.233333333333333,21.933333333333334,-0.3999999999999986,42.1,ACTIVE,0.027411969000240788
2026-09-18T07:09:54.227+07:00,29.67034363899984,4.2_25rpm,25.0,25.0,0,2026-09-18T07:09:27.555+07:00,3.000079473998994,3.0,24.8,13.9,22.0,0.1999999999999993,42.1,ACTIVE,0.027558756000871654
2026-09-18T07:09:54.260+07:00,29.695655502999216,4.2_25rpm,25.0,25.0,0,2026-09-18T07:09:27.555+07:00,3.000079473998994,8.533333333333333,25.333333333333332,16.933333333333334,16.46666666666667,-0.33333333333333215,42.1,ACTIVE,0.025311863999377238
2026-09-18T07:09:54.281+07:00,29.7241603579987,4.2_25rpm,25.0,25.0,0,2026-09-18T07:09:27.555+07:00,3.000079473998994,14.533333333333333,24.4,19.466666666666665,10.466666666666667,0.6000000000000014,42.1,ACTIVE,0.02850485499948263
2026-09-18T07:09:54.309+07:00,29.751713034000204,4.2_25rpm,25.0,25.0,0,2026-09-18T07:09:27.555+07:00,3.000079473998994,17.066666666666666,23.866666666666667,20.46666666666667,7.933333333333334,1.1333333333333329,42.1,ACTIVE,0.02755267600150546
2026-09-18T07:09:54.335+07:00,29.77812719099893,4.2_25rpm,25.0,25.0,0,2026-09-18T07:09:27.555+07:00,3.000079473998994,20.933333333333334,24.933333333333334,22.933333333333334,4.066666666666666,0.06666666666666643,42.1,ACTIVE,0.026414156998725957
2026-09-18T07:09:54.364+07:00,29.80773149199922,4.2_25rpm,25.0,25.0,0,2026-09-18T07:09:27.555+07:00,3.000079473998994,25.0,24.4,24.7,0.0,0.6000000000000014,42.1,ACTIVE,0.029604301000290434
2026-09-18T07:09:54.411+07:00,29.85377218299982,4.2_25rpm,25.0,25.0,0,2026-09-18T07:09:27.555+07:00,3.000079473998994,25.0,25.733333333333334,25.366666666666667,0.0,-0.7333333333333343,42.1,ACTIVE,0.0460406910005986
2026-09-18T07:09:54.442+07:00,29.885051044999273,4.2_25rpm,25.0,25.0,0,2026-09-18T07:09:27.555+07:00,3.000079473998994,25.0,25.133333333333333,25.066666666666666,0.0,-0.13333333333333286,42.1,ACTIVE,0.03127886199945351
2026-09-18T07:09:54.467+07:00,29.910367132999454,4.2_25rpm,25.0,25.0,0,2026-09-18T07:09:27.555+07:00,3.000079473998994,25.0,25.4,25.2,0.0,-0.3999999999999986,42.1,ACTIVE,0.02531608800018148
2026-09-18T07:09:54.495+07:00,29.93870708800023,4.2_25rpm,25.0,25.0,0,2026-09-18T07:09:27.555+07:00,3.000079473998994,25.0,26.8,25.9,0.0,-1.8000000000000007,42.1,ACTIVE,0.028339955000774353
2026-09-18T07:09:54.522+07:00,29.96285976099898,4.2_25rpm,25.0,25.0,0,2026-09-18T07:09:27.555+07:00,3.000079473998994,25.0,26.933333333333334,25.96666666666667,0.0,-1.9333333333333336,42.1,ACTIVE,0.024152672998752678
2026-09-18T07:09:54.556+07:00,29.99926851700002,4.2_25rpm,25.0,25.0,0,2026-09-18T07:09:27.555+07:00,3.000079473998994,25.0,27.6,26.3,0.0,-2.6000000000000014,42.1,ACTIVE,0.036408756001037546
2026-09-18T07:09:54.576+07:00,30.0189601080001,4.2_25rpm,25.0,25.0,0,2026-09-18T07:09:27.555+07:00,3.000079473998994,25.0,28.333333333333332,26.666666666666664,0.0,-3.333333333333332,42.1,ACTIVE,0.019691591000082553
2026-09-18T07:09:54.620+07:00,30.060810508999566,4.2_25rpm,25.0,25.0,0,2026-09-18T07:09:27.555+07:00,3.000079473998994,25.0,27.8,26.4,0.0,-2.8000000000000007,42.1,ACTIVE,0.04185040099946491
2026-09-18T07:09:54.647+07:00,30.088636118000068,4.2_25rpm,25.0,25.0,0,2026-09-18T07:09:27.555+07:00,3.000079473998994,25.0,28.4,26.7,0.0,-3.3999999999999986,42.1,ACTIVE,0.027825609000501572
2026-09-18T07:09:54.674+07:00,30.114933376999033,4.2_25rpm,25.0,25.0,0,2026-09-18T07:09:27.555+07:00,3.000079473998994,6.733333333333333,27.333333333333332,17.03333333333333,18.266666666666666,-2.333333333333332,42.1,ACTIVE,0.026297258998965845
2026-09-18T07:09:54.699+07:00,30.14283988399984,4.2_25rpm,25.0,25.0,0,2026-09-18T07:09:27.555+07:00,3.000079473998994,6.733333333333333,25.0,15.866666666666667,18.266666666666666,0.0,42.1,ACTIVE,0.027906507000807323
2026-09-18T07:09:54.740+07:00,30.183230830998582,4.2_25rpm,25.0,25.0,0,2026-09-18T07:09:27.555+07:00,3.000079473998994,6.333333333333333,23.266666666666666,14.799999999999999,18.666666666666668,1.7333333333333343,42.1,ACTIVE,0.04039094699874113
2026-09-18T07:09:54.767+07:00,30.20963900499919,4.2_25rpm,25.0,25.0,0,2026-09-18T07:09:27.555+07:00,3.000079473998994,6.333333333333333,20.8,13.566666666666666,18.666666666666668,4.199999999999999,42.1,ACTIVE,0.026408174000607687
2026-09-18T07:09:54.793+07:00,30.235555776000183,4.2_25rpm,25.0,25.0,0,2026-09-18T07:09:27.555+07:00,3.000079473998994,6.333333333333333,19.133333333333333,12.733333333333333,18.666666666666668,5.866666666666667,42.1,ACTIVE,0.02591677100099332
2026-09-18T07:09:54.819+07:00,30.262356916999124,4.2_25rpm,25.0,25.0,0,2026-09-18T07:09:27.555+07:00,3.000079473998994,19.333333333333332,19.733333333333334,19.53333333333333,5.666666666666668,5.266666666666666,42.1,ACTIVE,0.026801140998941264
2026-09-18T07:09:54.848+07:00,30.291399510999327,4.2_25rpm,25.0,25.0,0,2026-09-18T07:09:27.555+07:00,3.000079473998994,19.333333333333332,20.333333333333332,19.833333333333332,5.666666666666668,4.666666666666668,42.1,ACTIVE,0.02904259400020237
2026-09-18T07:09:54.876+07:00,30.319493540999247,4.2_25rpm,25.0,25.0,0,2026-09-18T07:09:27.555+07:00,3.000079473998994,19.333333333333332,21.4,20.366666666666667,5.666666666666668,3.6000000000000014,42.1,ACTIVE,0.028094029999920167
2026-09-18T07:09:54.923+07:00,30.36682721899888,4.2_25rpm,25.0,25.0,0,2026-09-18T07:09:27.555+07:00,3.000079473998994,19.333333333333332,23.533333333333335,21.433333333333334,5.666666666666668,1.466666666666665,42.1,ACTIVE,0.04733367799963162
2026-09-18T07:09:54.946+07:00,30.38922241599903,4.2_25rpm,25.0,25.0,0,2026-09-18T07:09:27.555+07:00,3.000079473998994,19.333333333333332,26.6,22.96666666666667,5.666666666666668,-1.6000000000000014,42.1,ACTIVE,0.0223951970001508
2026-09-18T07:09:54.976+07:00,30.415914082999734,4.2_25rpm,25.0,25.0,0,2026-09-18T07:09:27.555+07:00,3.000079473998994,19.333333333333332,29.533333333333335,24.433333333333334,5.666666666666668,-4.533333333333335,42.1,ACTIVE,0.02669166700070491
2026-09-18T07:09:54.999+07:00,30.442309583999304,4.2_25rpm,25.0,25.0,0,2026-09-18T07:09:27.555+07:00,3.000079473998994,19.333333333333332,31.6,25.46666666666667,5.666666666666668,-6.600000000000001,42.1,ACTIVE,0.026395500999569776
2026-09-18T07:09:55.029+07:00,30.47042787099963,4.2_25rpm,25.0,25.0,0,2026-09-18T07:09:27.555+07:00,3.000079473998994,19.333333333333332,32.2,25.766666666666666,5.666666666666668,-7.200000000000003,42.1,ACTIVE,0.028118287000324926
2026-09-18T07:09:55.056+07:00,30.497898592999263,4.2_25rpm,25.0,25.0,0,2026-09-18T07:09:27.555+07:00,3.000079473998994,19.333333333333332,31.4,25.366666666666667,5.666666666666668,-6.399999999999999,42.1,ACTIVE,0.027470721999634407
2026-09-18T07:09:55.098+07:00,30.541002297999512,4.2_25rpm,25.0,25.0,0,2026-09-18T07:09:27.555+07:00,3.000079473998994,19.333333333333332,26.933333333333334,23.133333333333333,5.666666666666668,-1.9333333333333336,42.1,ACTIVE,0.04310370500024874
2026-09-18T07:09:55.123+07:00,30.5667165699997,4.2_25rpm,25.0,25.0,0,2026-09-18T07:09:27.555+07:00,3.000079473998994,19.333333333333332,26.8,23.066666666666666,5.666666666666668,-1.8000000000000007,42.1,ACTIVE,0.02571427200018661
2026-09-18T07:09:55.151+07:00,30.594644965000043,4.2_25rpm,25.0,25.0,0,2026-09-18T07:09:27.555+07:00,3.000079473998994,19.333333333333332,25.533333333333335,22.433333333333334,5.666666666666668,-0.533333333333335,42.1,ACTIVE,0.027928395000344608
2026-09-18T07:09:55.176+07:00,30.61944152199976,4.2_25rpm,25.0,25.0,0,2026-09-18T07:09:27.555+07:00,3.000079473998994,19.333333333333332,24.933333333333334,22.133333333333333,5.666666666666668,0.06666666666666643,42.1,ACTIVE,0.024796556999717723
2026-09-18T07:09:55.220+07:00,30.66325324099853,4.2_25rpm,25.0,25.0,0,2026-09-18T07:09:27.555+07:00,3.000079473998994,19.333333333333332,24.4,21.866666666666667,5.666666666666668,0.6000000000000014,42.1,ACTIVE,0.0438117189987679
2026-09-18T07:09:55.246+07:00,30.689777673000208,4.2_25rpm,25.0,25.0,0,2026-09-18T07:09:27.555+07:00,3.000079473998994,19.333333333333332,25.533333333333335,22.433333333333334,5.666666666666668,-0.533333333333335,42.1,ACTIVE,0.026524432001679088
2026-09-18T07:09:55.273+07:00,30.716069684000104,4.2_25rpm,25.0,25.0,0,2026-09-18T07:09:27.555+07:00,3.000079473998994,19.333333333333332,27.666666666666668,23.5,5.666666666666668,-2.666666666666668,42.1,ACTIVE,0.026292010999895865
2026-09-18T07:09:55.300+07:00,30.74391346899938,4.2_25rpm,25.0,25.0,0,2026-09-18T07:09:27.555+07:00,3.000079473998994,0.0,28.533333333333335,14.266666666666667,25.0,-3.533333333333335,42.1,ACTIVE,0.027843784999276977
2026-09-18T07:09:55.329+07:00,30.771558754999205,4.2_25rpm,25.0,25.0,0,2026-09-18T07:09:27.555+07:00,3.000079473998994,0.0,28.933333333333334,14.466666666666667,25.0,-3.9333333333333336,42.1,ACTIVE,0.02764528599982441
2026-09-18T07:09:55.358+07:00,30.80061469300017,4.2_25rpm,25.0,25.0,0,2026-09-18T07:09:27.555+07:00,3.000079473998994,0.0,28.4,14.2,25.0,-3.3999999999999986,42.1,ACTIVE,0.029055938000965398
2026-09-18T07:09:55.397+07:00,30.836931799000013,4.2_25rpm,25.0,25.0,0,2026-09-18T07:09:27.555+07:00,3.000079473998994,3.933333333333333,26.8,15.366666666666667,21.066666666666666,-1.8000000000000007,42.1,ACTIVE,0.03631710599984217
2026-09-18T07:09:55.434+07:00,30.876889073999337,4.2_25rpm,25.0,25.0,0,2026-09-18T07:09:27.555+07:00,3.000079473998994,3.8666666666666667,25.4,14.633333333333333,21.133333333333333,-0.3999999999999986,42.0,ACTIVE,0.039957274999324
2026-09-18T07:09:55.462+07:00,30.905399175999264,4.2_25rpm,25.0,25.0,0,2026-09-18T07:09:27.555+07:00,3.000079473998994,3.8,24.933333333333334,14.366666666666667,21.2,0.06666666666666643,42.0,ACTIVE,0.02851010199992743
2026-09-18T07:09:55.491+07:00,30.933912254999086,4.2_25rpm,25.0,25.0,0,2026-09-18T07:09:27.555+07:00,3.000079473998994,3.7333333333333334,24.333333333333332,14.033333333333333,21.266666666666666,0.6666666666666679,42.0,ACTIVE,0.028513078999822028
2026-09-18T07:09:55.517+07:00,30.960465870999542,4.2_25rpm,25.0,25.0,0,2026-09-18T07:09:27.555+07:00,3.000079473998994,18.0,24.666666666666668,21.333333333333336,7.0,0.33333333333333215,42.0,ACTIVE,0.026553616000455804
2026-09-18T07:09:55.555+07:00,30.996570236999105,4.2_25rpm,25.0,25.0,0,2026-09-18T07:09:27.555+07:00,3.000079473998994,21.333333333333332,23.8,22.566666666666666,3.666666666666668,1.1999999999999993,42.0,ACTIVE,0.036104365999563015
2026-09-18T07:09:55.575+07:00,31.018488592999347,4.2_25rpm,25.0,25.0,0,2026-09-18T07:09:27.555+07:00,3.000079473998994,35.86666666666667,25.333333333333332,30.6,-10.866666666666667,-0.33333333333333215,42.0,ACTIVE,0.021918356000242056
2026-09-18T07:09:55.603+07:00,31.04585012899952,4.2_25rpm,25.0,25.0,0,2026-09-18T07:09:27.555+07:00,3.000079473998994,33.333333333333336,25.8,29.56666666666667,-8.333333333333336,-0.8000000000000007,42.0,ACTIVE,0.027361536000171327
2026-09-18T07:09:55.632+07:00,31.07453134000025,4.2_25rpm,25.0,25.0,0,2026-09-18T07:09:27.555+07:00,3.000079473998994,27.933333333333334,26.733333333333334,27.333333333333336,-2.9333333333333336,-1.7333333333333343,42.0,ACTIVE,0.0286812110007304
2026-09-18T07:09:55.658+07:00,31.101025945999936,4.2_25rpm,25.0,25.0,0,2026-09-18T07:09:27.555+07:00,3.000079473998994,27.933333333333334,27.266666666666666,27.6,-2.9333333333333336,-2.2666666666666657,42.0,ACTIVE,0.026494605999687337
2026-09-18T07:09:55.693+07:00,31.13371248399926,4.2_25rpm,25.0,25.0,0,2026-09-18T07:09:27.555+07:00,3.000079473998994,27.933333333333334,26.266666666666666,27.1,-2.9333333333333336,-1.2666666666666657,42.0,ACTIVE,0.03268653799932508
2026-09-18T07:09:55.714+07:00,31.15706344499995,4.2_25rpm,25.0,25.0,0,2026-09-18T07:09:27.555+07:00,3.000079473998994,27.933333333333334,25.4,26.666666666666664,-2.9333333333333336,-0.3999999999999986,42.0,ACTIVE,0.023350961000687676
2026-09-18T07:09:55.766+07:00,31.205681723999078,4.2_25rpm,25.0,25.0,0,2026-09-18T07:09:27.555+07:00,3.000079473998994,27.933333333333334,25.2,26.566666666666666,-2.9333333333333336,-0.1999999999999993,42.1,ACTIVE,0.04861827899912896
2026-09-18T07:09:55.793+07:00,31.23620335399937,4.2_25rpm,25.0,25.0,0,2026-09-18T07:09:27.555+07:00,3.000079473998994,27.933333333333334,25.466666666666665,26.7,-2.9333333333333336,-0.466666666666665,42.0,ACTIVE,0.030521630000293953
2026-09-18T07:09:55.825+07:00,31.267620106998947,4.2_25rpm,25.0,25.0,0,2026-09-18T07:09:27.555+07:00,3.000079473998994,27.933333333333334,26.533333333333335,27.233333333333334,-2.9333333333333336,-1.533333333333335,42.1,ACTIVE,0.03141675299957569
2026-09-18T07:09:55.856+07:00,31.299147325999,4.2_25rpm,25.0,25.0,0,2026-09-18T07:09:27.555+07:00,3.000079473998994,27.933333333333334,27.066666666666666,27.5,-2.9333333333333336,-2.0666666666666664,42.1,ACTIVE,0.031527219000054174
2026-09-18T07:09:55.883+07:00,31.32610731800014,4.2_25rpm,25.0,25.0,0,2026-09-18T07:09:27.555+07:00,3.000079473998994,27.933333333333334,27.866666666666667,27.9,-2.9333333333333336,-2.866666666666667,42.1,ACTIVE,0.026959992001138744
2026-09-18T07:09:55.910+07:00,31.35283005800011,4.2_25rpm,25.0,25.0,0,2026-09-18T07:09:27.555+07:00,3.000079473998994,27.933333333333334,27.6,27.766666666666666,-2.9333333333333336,-2.6000000000000014,42.1,ACTIVE,0.026722739999968326
2026-09-18T07:09:55.942+07:00,31.380992409998726,4.2_25rpm,25.0,25.0,0,2026-09-18T07:09:27.555+07:00,3.000079473998994,27.933333333333334,27.0,27.46666666666667,-2.9333333333333336,-2.0,42.0,ACTIVE,0.02816235199861694
2026-09-18T07:09:55.988+07:00,31.42619881199971,4.2_25rpm,25.0,25.0,0,2026-09-18T07:09:27.555+07:00,3.000079473998994,27.933333333333334,25.0,26.46666666666667,-2.9333333333333336,0.0,42.0,ACTIVE,0.04520640200098569
2026-09-18T07:09:56.009+07:00,31.45262279399867,4.2_25rpm,25.0,25.0,0,2026-09-18T07:09:27.555+07:00,3.000079473998994,27.933333333333334,25.0,26.46666666666667,-2.9333333333333336,0.0,42.0,ACTIVE,0.02642398199895979
2026-09-18T07:09:56.037+07:00,31.480054570998618,4.2_25rpm,25.0,25.0,0,2026-09-18T07:09:27.555+07:00,3.000079473998994,27.933333333333334,24.333333333333332,26.133333333333333,-2.9333333333333336,0.6666666666666679,42.0,ACTIVE,0.027431776999947033
2026-09-18T07:09:56.063+07:00,31.50623713999994,4.2_25rpm,25.0,25.0,0,2026-09-18T07:09:27.555+07:00,3.000079473998994,27.933333333333334,24.466666666666665,26.2,-2.9333333333333336,0.533333333333335,42.0,ACTIVE,0.0261825690013211
2026-09-18T07:09:56.092+07:00,31.53548111300006,4.2_25rpm,25.0,25.0,0,2026-09-18T07:09:27.555+07:00,3.000079473998994,27.933333333333334,25.266666666666666,26.6,-2.9333333333333336,-0.2666666666666657,42.0,ACTIVE,0.029243973000120604
2026-09-18T07:09:56.118+07:00,31.560938418999285,4.2_25rpm,25.0,25.0,0,2026-09-18T07:09:27.555+07:00,3.000079473998994,27.933333333333334,26.466666666666665,27.2,-2.9333333333333336,-1.466666666666665,42.0,ACTIVE,0.025457305999225355
2026-09-18T07:09:56.151+07:00,31.59016146399881,4.2_25rpm,25.0,25.0,0,2026-09-18T07:09:27.555+07:00,3.000079473998994,0.0,27.133333333333333,13.566666666666666,25.0,-2.133333333333333,42.0,ACTIVE,0.029223044999525882
2026-09-18T07:09:56.191+07:00,31.63458186800017,4.2_25rpm,25.0,25.0,0,2026-09-18T07:09:27.555+07:00,3.000079473998994,0.0,28.666666666666668,14.333333333333334,25.0,-3.666666666666668,42.0,ACTIVE,0.04442040400135738
2026-09-18T07:09:56.219+07:00,31.662052621999464,4.2_25rpm,25.0,25.0,0,2026-09-18T07:09:27.555+07:00,3.000079473998994,4.0,28.133333333333333,16.066666666666666,21.0,-3.133333333333333,42.0,ACTIVE,0.027470753999295994
2026-09-18T07:09:56.244+07:00,31.687751788998867,4.2_25rpm,25.0,25.0,0,2026-09-18T07:09:27.555+07:00,3.000079473998994,3.8666666666666667,28.866666666666667,16.366666666666667,21.133333333333333,-3.866666666666667,42.0,ACTIVE,0.025699166999402223
2026-09-18T07:09:56.272+07:00,31.71509473199876,4.2_25rpm,25.0,25.0,0,2026-09-18T07:09:27.555+07:00,3.000079473998994,3.7333333333333334,29.933333333333334,16.833333333333332,21.266666666666666,-4.933333333333334,42.0,ACTIVE,0.02734294299989415
2026-09-18T07:09:56.299+07:00,31.742879860999892,4.2_25rpm,25.0,25.0,0,2026-09-18T07:09:27.555+07:00,3.000079473998994,3.7333333333333334,30.2,16.966666666666665,21.266666666666666,-5.199999999999999,42.0,ACTIVE,0.02778512900113128
2026-09-18T07:09:56.326+07:00,31.769435428999714,4.2_25rpm,25.0,25.0,0,2026-09-18T07:09:27.555+07:00,3.000079473998994,15.466666666666667,29.533333333333335,22.5,9.533333333333333,-4.533333333333335,42.0,ACTIVE,0.026555567999821506
2026-09-18T07:09:56.354+07:00,31.79710177099878,4.2_25rpm,25.0,25.0,0,2026-09-18T07:09:27.555+07:00,3.000079473998994,17.066666666666666,27.066666666666666,22.066666666666666,7.933333333333334,-2.0666666666666664,42.0,ACTIVE,0.02766634199906548
2026-09-18T07:09:56.381+07:00,31.82482305799931,4.2_25rpm,25.0,25.0,0,2026-09-18T07:09:27.555+07:00,3.000079473998994,19.6,25.333333333333332,22.46666666666667,5.399999999999999,-0.33333333333333215,42.1,ACTIVE,0.027721287000531447
2026-09-18T07:09:56.413+07:00,31.855346352998822,4.2_25rpm,25.0,25.0,0,2026-09-18T07:09:27.555+07:00,3.000079473998994,22.333333333333332,24.466666666666665,23.4,2.666666666666668,0.533333333333335,42.1,ACTIVE,0.030523294999511563
2026-09-18T07:09:56.441+07:00,31.884589686000254,4.2_25rpm,25.0,25.0,0,2026-09-18T07:09:27.555+07:00,3.000079473998994,24.4,22.733333333333334,23.566666666666666,0.6000000000000014,2.2666666666666657,42.0,ACTIVE,0.029243333001431893
2026-09-18T07:09:56.472+07:00,31.914597738999873,4.2_25rpm,25.0,25.0,0,2026-09-18T07:09:27.555+07:00,3.000079473998994,24.4,21.8,23.1,0.6000000000000014,3.1999999999999993,42.0,ACTIVE,0.030008052999619395
2026-09-18T07:09:56.499+07:00,31.94186356099999,4.2_25rpm,25.0,25.0,0,2026-09-18T07:09:27.555+07:00,3.000079473998994,17.6,22.266666666666666,19.933333333333334,7.399999999999999,2.7333333333333343,42.0,ACTIVE,0.027265822000117623
2026-09-18T07:09:56.525+07:00,31.968714014999932,4.2_25rpm,25.0,25.0,0,2026-09-18T07:09:27.555+07:00,3.000079473998994,17.6,22.466666666666665,20.03333333333333,7.399999999999999,2.533333333333335,42.0,ACTIVE,0.026850453999941237
2026-09-18T07:09:56.568+07:00,32.01186175299881,4.2_25rpm,25.0,25.0,0,2026-09-18T07:09:27.555+07:00,3.000079473998994,17.6,23.6,20.6,7.399999999999999,1.3999999999999986,42.1,ACTIVE,0.043147737998879165
2026-09-18T07:09:56.600+07:00,32.043334025998774,4.2_25rpm,25.0,25.0,0,2026-09-18T07:09:27.555+07:00,3.000079473998994,17.6,26.933333333333334,22.266666666666666,7.399999999999999,-1.9333333333333336,42.1,ACTIVE,0.031472272999963025
2026-09-18T07:09:56.626+07:00,32.06952373099921,4.2_25rpm,25.0,25.0,0,2026-09-18T07:09:27.555+07:00,3.000079473998994,17.6,27.4,22.5,7.399999999999999,-2.3999999999999986,42.1,ACTIVE,0.026189705000433605
2026-09-18T07:09:56.654+07:00,32.097279322999384,4.2_25rpm,25.0,25.0,0,2026-09-18T07:09:27.555+07:00,3.000079473998994,17.6,28.133333333333333,22.866666666666667,7.399999999999999,-3.133333333333333,42.1,ACTIVE,0.027755592000175966
2026-09-18T07:09:56.685+07:00,32.12730657599968,4.2_25rpm,25.0,25.0,0,2026-09-18T07:09:27.555+07:00,3.000079473998994,17.6,26.4,22.0,7.399999999999999,-1.3999999999999986,42.1,ACTIVE,0.030027253000298515
2026-09-18T07:09:56.709+07:00,32.152784778998466,4.2_25rpm,25.0,25.0,0,2026-09-18T07:09:27.555+07:00,3.000079473998994,17.6,24.466666666666665,21.03333333333333,7.399999999999999,0.533333333333335,42.0,ACTIVE,0.025478202998783672
2026-09-18T07:09:56.741+07:00,32.18383505999918,4.2_25rpm,25.0,25.0,0,2026-09-18T07:09:27.555+07:00,3.000079473998994,17.6,23.6,20.6,7.399999999999999,1.3999999999999986,42.0,ACTIVE,0.031050281000716495
2026-09-18T07:09:56.768+07:00,32.211189075998846,4.2_25rpm,25.0,25.0,0,2026-09-18T07:09:27.555+07:00,3.000079473998994,17.6,21.8,19.700000000000003,7.399999999999999,3.1999999999999993,42.1,ACTIVE,0.027354015999662806
2026-09-18T07:09:56.799+07:00,32.242321310999614,4.2_25rpm,25.0,25.0,0,2026-09-18T07:09:27.555+07:00,3.000079473998994,17.6,21.666666666666668,19.633333333333333,7.399999999999999,3.333333333333332,42.1,ACTIVE,0.03113223500076856
2026-09-18T07:09:56.831+07:00,32.274008212998524,4.2_25rpm,25.0,25.0,0,2026-09-18T07:09:27.555+07:00,3.000079473998994,17.6,23.466666666666665,20.53333333333333,7.399999999999999,1.533333333333335,42.1,ACTIVE,0.03168690199890989
2026-09-18T07:09:56.860+07:00,32.30322111299938,4.2_25rpm,25.0,25.0,0,2026-09-18T07:09:27.555+07:00,3.000079473998994,17.6,24.733333333333334,21.166666666666668,7.399999999999999,0.2666666666666657,42.1,ACTIVE,0.02921290000085719
2026-09-18T07:09:56.884+07:00,32.327824866999435,4.2_25rpm,25.0,25.0,0,2026-09-18T07:09:27.555+07:00,3.000079473998994,17.6,26.533333333333335,22.06666666666667,7.399999999999999,-1.533333333333335,42.1,ACTIVE,0.024603754000054323
2026-09-18T07:09:56.918+07:00,32.36170784400019,4.2_25rpm,25.0,25.0,0,2026-09-18T07:09:27.555+07:00,3.000079473998994,17.6,27.333333333333332,22.46666666666667,7.399999999999999,-2.333333333333332,42.0,ACTIVE,0.03388297700075782
2026-09-18T07:09:56.946+07:00,32.38967086399862,4.2_25rpm,25.0,25.0,0,2026-09-18T07:09:27.555+07:00,3.000079473998994,17.6,26.266666666666666,21.933333333333334,7.399999999999999,-1.2666666666666657,42.0,ACTIVE,0.027963019998423988
2026-09-18T07:09:56.975+07:00,32.417856480999035,4.2_25rpm,25.0,25.0,0,2026-09-18T07:09:27.555+07:00,3.000079473998994,17.6,26.2,21.9,7.399999999999999,-1.1999999999999993,42.1,ACTIVE,0.02818561700041755
2026-09-18T07:09:57.008+07:00,32.44785038899863,4.2_25rpm,25.0,25.0,0,2026-09-18T07:09:27.555+07:00,3.000079473998994,0.0,24.066666666666666,12.033333333333333,25.0,0.9333333333333336,42.0,ACTIVE,0.02999390799959656
2026-09-18T07:09:57.044+07:00,32.48302068799967,4.2_25rpm,25.0,25.0,0,2026-09-18T07:09:27.555+07:00,3.000079473998994,0.0,21.333333333333332,10.666666666666666,25.0,3.666666666666668,42.1,ACTIVE,0.035170299001038074
2026-09-18T07:09:57.069+07:00,32.5126598049992,4.2_25rpm,25.0,25.0,0,2026-09-18T07:09:27.555+07:00,3.000079473998994,3.8666666666666667,21.333333333333332,12.6,21.133333333333333,3.666666666666668,42.1,ACTIVE,0.029639116999533144
2026-09-18T07:09:57.096+07:00,32.53904861799856,4.2_25rpm,25.0,25.0,0,2026-09-18T07:09:27.555+07:00,3.000079473998994,3.8666666666666667,20.333333333333332,12.1,21.133333333333333,4.666666666666668,42.1,ACTIVE,0.02638881299935747
2026-09-18T07:09:57.124+07:00,32.567280602999745,4.2_25rpm,25.0,25.0,0,2026-09-18T07:09:27.555+07:00,3.000079473998994,3.8666666666666667,19.133333333333333,11.5,21.133333333333333,5.866666666666667,42.1,ACTIVE,0.028231985001184512
2026-09-18T07:09:57.155+07:00,32.596638626999265,4.2_25rpm,25.0,25.0,0,2026-09-18T07:09:27.555+07:00,3.000079473998994,3.8666666666666667,18.933333333333334,11.4,21.133333333333333,6.066666666666666,42.0,ACTIVE,0.02935802399952081
2026-09-18T07:09:57.203+07:00,32.646317982000255,4.2_25rpm,25.0,25.0,0,2026-09-18T07:09:27.555+07:00,3.000079473998994,3.3333333333333335,22.066666666666666,12.7,21.666666666666668,2.9333333333333336,42.0,ACTIVE,0.049679355000989744
2026-09-18T07:09:57.230+07:00,32.673103282999364,4.2_25rpm,25.0,25.0,0,2026-09-18T07:09:27.555+07:00,3.000079473998994,3.3333333333333335,24.066666666666666,13.7,21.666666666666668,0.9333333333333336,42.0,ACTIVE,0.026785300999108586
2026-09-18T07:09:57.258+07:00,32.70071573599853,4.2_25rpm,25.0,25.0,0,2026-09-18T07:09:27.555+07:00,3.000079473998994,3.2666666666666666,27.133333333333333,15.2,21.733333333333334,-2.133333333333333,42.0,ACTIVE,0.027612452999164816
2026-09-18T07:09:57.285+07:00,32.72848294399955,4.2_25rpm,25.0,25.0,0,2026-09-18T07:09:27.555+07:00,3.000079473998994,3.3333333333333335,30.066666666666666,16.7,21.666666666666668,-5.066666666666666,42.0,ACTIVE,0.02776720800102339
2026-09-18T07:09:57.317+07:00,32.753506352999466,4.2_25rpm,25.0,25.0,0,2026-09-18T07:09:27.555+07:00,3.000079473998994,8.933333333333334,31.733333333333334,20.333333333333336,16.066666666666666,-6.733333333333334,42.0,ACTIVE,0.025023408999913954
2026-09-18T07:09:57.342+07:00,32.78304703599861,4.2_25rpm,25.0,25.0,0,2026-09-18T07:09:27.555+07:00,3.000079473998994,14.333333333333334,31.333333333333332,22.833333333333332,10.666666666666666,-6.333333333333332,42.0,ACTIVE,0.0295406829991407
2026-09-18T07:09:57.385+07:00,32.828241470999274,4.2_25rpm,25.0,25.0,0,2026-09-18T07:09:27.555+07:00,3.000079473998994,17.866666666666667,30.466666666666665,24.166666666666664,7.133333333333333,-5.466666666666665,42.0,ACTIVE,0.045194435000667
2026-09-18T07:09:57.413+07:00,32.85475038199911,4.2_25rpm,25.0,25.0,0,2026-09-18T07:09:27.555+07:00,3.000079473998994,25.333333333333332,28.2,26.766666666666666,-0.33333333333333215,-3.1999999999999993,42.0,ACTIVE,0.0265089109998371
2026-09-18T07:09:57.440+07:00,32.88195636299861,4.2_25rpm,25.0,25.0,0,2026-09-18T07:09:27.555+07:00,3.000079473998994,25.333333333333332,26.333333333333332,25.833333333333332,-0.33333333333333215,-1.3333333333333321,42.0,ACTIVE,0.027205980999497115
2026-09-18T07:09:57.466+07:00,32.90920867999921,4.2_25rpm,25.0,25.0,0,2026-09-18T07:09:27.555+07:00,3.000079473998994,21.666666666666668,25.933333333333334,23.8,3.333333333333332,-0.9333333333333336,42.0,ACTIVE,0.02725231700060249
2026-09-18T07:09:57.493+07:00,32.93637459599995,4.2_25rpm,25.0,25.0,0,2026-09-18T07:09:27.555+07:00,3.000079473998994,21.666666666666668,24.466666666666665,23.066666666666666,3.333333333333332,0.533333333333335,42.0,ACTIVE,0.027165916000740253
2026-09-18T07:09:57.521+07:00,32.96381898199979,4.2_25rpm,25.0,25.0,0,2026-09-18T07:09:27.555+07:00,3.000079473998994,21.666666666666668,24.2,22.933333333333334,3.333333333333332,0.8000000000000007,42.0,ACTIVE,0.02744438599984278
2026-09-18T07:09:57.562+07:00,33.00531292699998,4.2_25rpm,25.0,25.0,0,2026-09-18T07:09:27.555+07:00,3.000079473998994,21.666666666666668,24.6,23.133333333333333,3.333333333333332,0.3999999999999986,42.0,ACTIVE,0.041493945000183885
2026-09-18T07:09:57.599+07:00,33.03480090499943,4.2_25rpm,25.0,25.0,0,2026-09-18T07:09:27.555+07:00,3.000079473998994,21.666666666666668,25.466666666666665,23.566666666666666,3.333333333333332,-0.466666666666665,42.0,ACTIVE,0.029487977999451687
2026-09-18T07:09:57.618+07:00,33.06070049200025,4.2_25rpm,25.0,25.0,0,2026-09-18T07:09:27.555+07:00,3.000079473998994,10.666666666666666,27.266666666666666,18.966666666666665,14.333333333333334,-2.2666666666666657,42.0,ACTIVE,0.025899587000822066
2026-09-18T07:09:57.645+07:00,33.08738610999899,4.2_25rpm,25.0,25.0,0,2026-09-18T07:09:27.555+07:00,3.000079473998994,9.8,27.866666666666667,18.833333333333336,15.2,-2.866666666666667,42.0,ACTIVE,0.026685617998737143
2026-09-18T07:09:57.675+07:00,33.11502358799953,4.2_25rpm,25.0,25.0,0,2026-09-18T07:09:27.555+07:00,3.000079473998994,9.8,30.533333333333335,20.166666666666668,15.2,-5.533333333333335,42.0,ACTIVE,0.027637478000542615
2026-09-18T07:09:57.699+07:00,33.14263024899992,4.2_25rpm,25.0,25.0,0,2026-09-18T07:09:27.555+07:00,3.000079473998994,9.466666666666667,29.866666666666667,19.666666666666668,15.533333333333333,-4.866666666666667,42.0,ACTIVE,0.027606661000390886
2026-09-18T07:09:57.726+07:00,33.1688492659996,4.2_25rpm,25.0,25.0,0,2026-09-18T07:09:27.555+07:00,3.000079473998994,9.466666666666667,29.4,19.433333333333334,15.533333333333333,-4.399999999999999,42.0,ACTIVE,0.02621901699967566
2026-09-18T07:09:57.756+07:00,33.199448305998885,4.2_25rpm,25.0,25.0,0,2026-09-18T07:09:27.555+07:00,3.000079473998994,9.333333333333334,29.733333333333334,19.533333333333335,15.666666666666666,-4.733333333333334,42.0,ACTIVE,0.030599039999287925
2026-09-18T07:09:57.786+07:00,33.22892818800028,4.2_25rpm,25.0,25.0,0,2026-09-18T07:09:27.555+07:00,3.000079473998994,16.4,27.866666666666667,22.133333333333333,8.600000000000001,-2.866666666666667,42.0,ACTIVE,0.029479882001396618
2026-09-18T07:09:57.831+07:00,33.27335675099857,4.2_25rpm,25.0,25.0,0,2026-09-18T07:09:27.555+07:00,3.000079473998994,20.666666666666668,25.333333333333332,23.0,4.333333333333332,-0.33333333333333215,42.0,ACTIVE,0.044428562998291454
2026-09-18T07:09:57.857+07:00,33.300197636999656,4.2_25rpm,25.0,25.0,0,2026-09-18T07:09:27.555+07:00,3.000079473998994,23.6,23.333333333333332,23.46666666666667,1.3999999999999986,1.6666666666666679,42.0,ACTIVE,0.026840886001082254
2026-09-18T07:09:57.885+07:00,33.32804004599893,4.2_25rpm,25.0,25.0,0,2026-09-18T07:09:27.555+07:00,3.000079473998994,21.333333333333332,23.333333333333332,22.333333333333332,3.666666666666668,1.6666666666666679,42.0,ACTIVE,0.027842408999276813
2026-09-18T07:09:57.909+07:00,33.35279455399905,4.2_25rpm,25.0,25.0,0,2026-09-18T07:09:27.555+07:00,3.000079473998994,21.333333333333332,21.2,21.266666666666666,3.666666666666668,3.8000000000000007,42.0,ACTIVE,0.024754508000114583
2026-09-18T07:09:57.942+07:00,33.38154110999858,4.2_25rpm,25.0,25.0,0,2026-09-18T07:09:27.555+07:00,3.000079473998994,21.333333333333332,20.8,21.066666666666666,3.666666666666668,4.199999999999999,42.0,ACTIVE,0.028746555999532575
2026-09-18T07:09:57.967+07:00,33.41049682099947,4.2_25rpm,25.0,25.0,0,2026-09-18T07:09:27.555+07:00,3.000079473998994,21.333333333333332,20.066666666666666,20.7,3.666666666666668,4.933333333333334,42.0,ACTIVE,0.028955711000890005
2026-09-18T07:09:57.996+07:00,33.43920334399991,4.2_25rpm,25.0,25.0,0,2026-09-18T07:09:27.555+07:00,3.000079473998994,21.333333333333332,19.933333333333334,20.633333333333333,3.666666666666668,5.066666666666666,42.0,ACTIVE,0.0287065230004373
2026-09-18T07:09:58.023+07:00,33.46683179699903,4.2_25rpm,25.0,25.0,0,2026-09-18T07:09:27.555+07:00,3.000079473998994,21.333333333333332,21.066666666666666,21.2,3.666666666666668,3.9333333333333336,42.0,ACTIVE,0.02762845299912442
2026-09-18T07:09:58.055+07:00,33.4967049349998,4.2_25rpm,25.0,25.0,0,2026-09-18T07:09:27.555+07:00,3.000079473998994,21.333333333333332,21.933333333333334,21.633333333333333,3.666666666666668,3.0666666666666664,42.0,ACTIVE,0.02987313800076663
2026-09-18T07:09:58.084+07:00,33.526742459998786,4.2_25rpm,25.0,25.0,0,2026-09-18T07:09:27.555+07:00,3.000079473998994,21.333333333333332,23.333333333333332,22.333333333333332,3.666666666666668,1.6666666666666679,42.0,ACTIVE,0.030037524998988374
2026-09-18T07:09:58.134+07:00,33.57711210100024,4.2_25rpm,25.0,25.0,0,2026-09-18T07:09:27.555+07:00,3.000079473998994,21.333333333333332,28.866666666666667,25.1,3.666666666666668,-3.866666666666667,42.0,ACTIVE,0.05036964100145269
2026-09-18T07:09:58.159+07:00,33.60203675699995,4.2_25rpm,25.0,25.0,0,2026-09-18T07:09:27.555+07:00,3.000079473998994,21.333333333333332,31.8,26.566666666666666,3.666666666666668,-6.800000000000001,42.0,ACTIVE,0.02492465599971183
2026-09-18T07:09:58.188+07:00,33.630026080998505,4.2_25rpm,25.0,25.0,0,2026-09-18T07:09:27.555+07:00,3.000079473998994,21.333333333333332,31.133333333333333,26.233333333333334,3.666666666666668,-6.133333333333333,42.0,ACTIVE,0.027989323998554028
2026-09-18T07:09:58.214+07:00,33.657246077998934,4.2_25rpm,25.0,25.0,0,2026-09-18T07:09:27.555+07:00,3.000079473998994,21.333333333333332,30.066666666666666,25.7,3.666666666666668,-5.066666666666666,42.0,ACTIVE,0.02721999700042943
2026-09-18T07:09:58.246+07:00,33.6826960239996,4.2_25rpm,25.0,25.0,0,2026-09-18T07:09:27.555+07:00,3.000079473998994,21.333333333333332,29.733333333333334,25.53333333333333,3.666666666666668,-4.733333333333334,42.0,ACTIVE,0.02544994600066275
2026-09-18T07:09:58.282+07:00,33.7246916109998,4.2_25rpm,25.0,25.0,0,2026-09-18T07:09:27.555+07:00,3.000079473998994,21.333333333333332,25.866666666666667,23.6,3.666666666666668,-0.8666666666666671,42.0,ACTIVE,0.04199558700020134
2026-09-18T07:09:58.312+07:00,33.75283389799915,4.2_25rpm,25.0,25.0,0,2026-09-18T07:09:27.555+07:00,3.000079473998994,21.333333333333332,25.866666666666667,23.6,3.666666666666668,-0.8666666666666671,42.0,ACTIVE,0.028142286999354837
2026-09-18T07:09:58.333+07:00,33.77669696399971,4.2_25rpm,25.0,25.0,0,2026-09-18T07:09:27.555+07:00,3.000079473998994,21.333333333333332,23.133333333333333,22.233333333333334,3.666666666666668,1.8666666666666671,42.0,ACTIVE,0.02386306600055832
2026-09-18T07:09:58.363+07:00,33.806240014999275,4.2_25rpm,25.0,25.0,0,2026-09-18T07:09:27.555+07:00,3.000079473998994,21.333333333333332,21.133333333333333,21.233333333333334,3.666666666666668,3.866666666666667,42.0,ACTIVE,0.029543050999564002
2026-09-18T07:09:58.389+07:00,33.83201591999932,4.2_25rpm,25.0,25.0,0,2026-09-18T07:09:27.555+07:00,3.000079473998994,0.0,20.733333333333334,10.366666666666667,25.0,4.266666666666666,42.0,ACTIVE,0.025775905000045896
2026-09-18T07:09:58.417+07:00,33.86040505999881,4.2_25rpm,25.0,25.0,0,2026-09-18T07:09:27.555+07:00,3.000079473998994,0.0,21.8,10.9,25.0,3.1999999999999993,42.0,ACTIVE,0.02838913999949
2026-09-18T07:09:58.467+07:00,33.90982274599992,4.2_25rpm,25.0,25.0,0,2026-09-18T07:09:27.555+07:00,3.000079473998994,0.0,25.6,12.8,25.0,-0.6000000000000014,42.0,ACTIVE,0.04941768600110663
2026-09-18T07:09:58.495+07:00,33.937522401000024,4.2_25rpm,25.0,25.0,0,2026-09-18T07:09:27.555+07:00,3.000079473998994,0.0,26.4,13.2,25.0,-1.3999999999999986,42.0,ACTIVE,0.02769965500010585
2026-09-18T07:09:58.523+07:00,33.96627033199911,4.2_25rpm,25.0,25.0,0,2026-09-18T07:09:27.555+07:00,3.000079473998994,0.0,26.066666666666666,13.033333333333333,25.0,-1.0666666666666664,42.0,ACTIVE,0.028747930999088567
2026-09-18T07:09:58.551+07:00,33.9946429599986,4.2_25rpm,25.0,25.0,0,2026-09-18T07:09:27.555+07:00,3.000079473998994,0.0,26.8,13.4,25.0,-1.8000000000000007,42.0,ACTIVE,0.02837262799948803
2026-09-18T07:09:58.584+07:00,34.02257468300013,4.2_25rpm,25.0,25.0,0,2026-09-18T07:09:27.555+07:00,3.000079473998994,0.0,26.533333333333335,13.266666666666667,25.0,-1.533333333333335,42.0,ACTIVE,0.027931723001529463
2026-09-18T07:09:58.609+07:00,34.0523031140001,4.2_25rpm,25.0,25.0,0,2026-09-18T07:09:27.555+07:00,3.000079473998994,0.0,26.066666666666666,13.033333333333333,25.0,-1.0666666666666664,42.0,ACTIVE,0.029728430999966804
2026-09-18T07:09:58.636+07:00,34.07901423699877,4.2_25rpm,25.0,25.0,0,2026-09-18T07:09:27.555+07:00,3.000079473998994,0.0,26.2,13.1,25.0,-1.1999999999999993,42.0,ACTIVE,0.02671112299867673
2026-09-18T07:09:58.662+07:00,34.1051887729991,4.2_25rpm,25.0,25.0,0,2026-09-18T07:09:27.555+07:00,3.000079473998994,3.066666666666667,24.866666666666667,13.966666666666667,21.933333333333334,0.13333333333333286,42.0,ACTIVE,0.026174536000326043
2026-09-18T07:09:58.689+07:00,34.132275743999344,4.2_25rpm,25.0,25.0,0,2026-09-18T07:09:27.555+07:00,3.000079473998994,3.066666666666667,24.4,13.733333333333333,21.933333333333334,0.6000000000000014,42.0,ACTIVE,0.027086971000244375
2026-09-18T07:09:58.716+07:00,34.15968371300005,4.2_25rpm,25.0,25.0,0,2026-09-18T07:09:27.555+07:00,3.000079473998994,2.933333333333333,24.733333333333334,13.833333333333334,22.066666666666666,0.2666666666666657,42.0,ACTIVE,0.027407969000705634
2026-09-18T07:09:58.749+07:00,34.189302828999644,4.2_25rpm,25.0,25.0,0,2026-09-18T07:09:27.555+07:00,3.000079473998994,2.933333333333333,23.8,13.366666666666667,22.066666666666666,1.1999999999999993,42.0,ACTIVE,0.029619115999594214
2026-09-18T07:09:58.779+07:00,34.22049845699985,4.2_25rpm,25.0,25.0,0,2026-09-18T07:09:27.555+07:00,3.000079473998994,2.8666666666666667,23.666666666666668,13.266666666666667,22.133333333333333,1.3333333333333321,42.1,ACTIVE,0.031195628000205033
2026-09-18T07:09:58.806+07:00,34.24942328799989,4.2_25rpm,25.0,25.0,0,2026-09-18T07:09:27.555+07:00,3.000079473998994,11.333333333333334,24.133333333333333,17.733333333333334,13.666666666666666,0.8666666666666671,42.1,ACTIVE,0.028924831000040285
2026-09-18T07:09:58.852+07:00,34.29502368300018,4.2_25rpm,25.0,25.0,0,2026-09-18T07:09:27.555+07:00,3.000079473998994,16.4,23.6,20.0,8.600000000000001,1.3999999999999986,42.1,ACTIVE,0.04560039500029234
2026-09-18T07:09:58.883+07:00,34.3228360109988,4.2_25rpm,25.0,25.0,0,2026-09-18T07:09:27.555+07:00,3.000079473998994,21.4,23.333333333333332,22.366666666666667,3.6000000000000014,1.6666666666666679,42.1,ACTIVE,0.027812327998617548
2026-09-18T07:09:58.918+07:00,34.360884671999884,4.2_25rpm,25.0,25.0,0,2026-09-18T07:09:27.555+07:00,3.000079473998994,30.733333333333334,23.666666666666668,27.200000000000003,-5.733333333333334,1.3333333333333321,42.0,ACTIVE,0.03804866100108484
2026-09-18T07:09:58.947+07:00,34.386501436998515,4.2_25rpm,25.0,25.0,0,2026-09-18T07:09:27.555+07:00,3.000079473998994,31.4,22.933333333333334,27.166666666666664,-6.399999999999999,2.0666666666666664,42.1,ACTIVE,0.02561676499863097
2026-09-18T07:09:58.972+07:00,34.413165422998645,4.2_25rpm,25.0,25.0,0,2026-09-18T07:09:27.555+07:00,3.000079473998994,29.666666666666668,22.533333333333335,26.1,-4.666666666666668,2.466666666666665,42.1,ACTIVE,0.026663986000130535
2026-09-18T07:09:58.996+07:00,34.43920155599881,4.2_25rpm,25.0,25.0,0,2026-09-18T07:09:27.555+07:00,3.000079473998994,24.866666666666667,23.266666666666666,24.066666666666666,0.13333333333333286,1.7333333333333343,42.0,ACTIVE,0.0260361330001615
2026-09-18T07:09:59.031+07:00,34.47122952099926,4.2_25rpm,25.0,25.0,0,2026-09-18T07:09:27.555+07:00,3.000079473998994,24.866666666666667,22.666666666666668,23.766666666666666,0.13333333333333286,2.333333333333332,42.1,ACTIVE,0.03202796500045224
2026-09-18T07:09:59.059+07:00,34.50245350099976,4.2_25rpm,25.0,25.0,0,2026-09-18T07:09:27.555+07:00,3.000079473998994,24.866666666666667,24.2,24.53333333333333,0.13333333333333286,0.8000000000000007,42.1,ACTIVE,0.031223980000504525
2026-09-18T07:09:59.086+07:00,34.52944632599974,4.2_25rpm,25.0,25.0,0,2026-09-18T07:09:27.555+07:00,3.000079473998994,16.866666666666667,24.4,20.633333333333333,8.133333333333333,0.6000000000000014,42.1,ACTIVE,0.026992824999979348
2026-09-18T07:09:59.115+07:00,34.55777927300005,4.2_25rpm,25.0,25.0,0,2026-09-18T07:09:27.555+07:00,3.000079473998994,16.866666666666667,25.2,21.03333333333333,8.133333333333333,-0.1999999999999993,42.0,ACTIVE,0.028332947000308195
2026-09-18T07:09:59.152+07:00,34.58786217499983,4.2_25rpm,25.0,25.0,0,2026-09-18T07:09:27.555+07:00,3.000079473998994,16.866666666666667,26.066666666666666,21.46666666666667,8.133333333333333,-1.0666666666666664,42.0,ACTIVE,0.030082901999776368
2026-09-18T07:09:59.177+07:00,34.62043376600013,4.2_25rpm,25.0,25.0,0,2026-09-18T07:09:27.555+07:00,3.000079473998994,16.866666666666667,25.133333333333333,21.0,8.133333333333333,-0.13333333333333286,42.1,ACTIVE,0.03257159100030549
2026-09-18T07:09:59.202+07:00,34.64542779899966,4.2_25rpm,25.0,25.0,0,2026-09-18T07:09:27.555+07:00,3.000079473998994,16.866666666666667,25.066666666666666,20.96666666666667,8.133333333333333,-0.06666666666666643,42.1,ACTIVE,0.024994032999529736
2026-09-18T07:09:59.255+07:00,34.698262320998765,4.2_25rpm,25.0,25.0,0,2026-09-18T07:09:27.555+07:00,3.000079473998994,16.866666666666667,25.733333333333334,21.3,8.133333333333333,-0.7333333333333343,42.1,ACTIVE,0.052834521999102435
2026-09-18T07:09:59.284+07:00,34.72389537399977,4.2_25rpm,25.0,25.0,0,2026-09-18T07:09:27.555+07:00,3.000079473998994,16.866666666666667,25.666666666666668,21.266666666666666,8.133333333333333,-0.6666666666666679,42.1,ACTIVE,0.025633053001001826
2026-09-18T07:09:59.315+07:00,34.74803601399981,4.2_25rpm,25.0,25.0,0,2026-09-18T07:09:27.555+07:00,3.000079473998994,16.866666666666667,25.733333333333334,21.3,8.133333333333333,-0.7333333333333343,42.1,ACTIVE,0.024140640000041458
2026-09-18T07:09:59.333+07:00,34.77677472899995,4.2_25rpm,25.0,25.0,0,2026-09-18T07:09:27.555+07:00,3.000079473998994,16.866666666666667,25.0,20.933333333333334,8.133333333333333,0.0,42.1,ACTIVE,0.02873871500014502
2026-09-18T07:09:59.361+07:00,34.80378422600006,4.2_25rpm,25.0,25.0,0,2026-09-18T07:09:27.555+07:00,3.000079473998994,16.866666666666667,25.333333333333332,21.1,8.133333333333333,-0.33333333333333215,42.1,ACTIVE,0.02700949700010824
2026-09-18T07:09:59.388+07:00,34.83120822699857,4.2_25rpm,25.0,25.0,0,2026-09-18T07:09:27.555+07:00,3.000079473998994,16.866666666666667,27.666666666666668,22.266666666666666,8.133333333333333,-2.666666666666668,42.1,ACTIVE,0.027424000998507836
2026-09-18T07:09:59.416+07:00,34.85864230799962,4.2_25rpm,25.0,25.0,0,2026-09-18T07:09:27.555+07:00,3.000079473998994,16.866666666666667,27.666666666666668,22.266666666666666,8.133333333333333,-2.666666666666668,42.1,ACTIVE,0.02743408100104716
2026-09-18T07:09:59.442+07:00,34.884976462999475,4.2_25rpm,25.0,25.0,0,2026-09-18T07:09:27.555+07:00,3.000079473998994,16.866666666666667,27.333333333333332,22.1,8.133333333333333,-2.333333333333332,42.1,ACTIVE,0.026334154999858583
2026-09-18T07:09:59.474+07:00,34.91709924599854,4.2_25rpm,25.0,25.0,0,2026-09-18T07:09:27.555+07:00,3.000079473998994,16.866666666666667,25.466666666666665,21.166666666666664,8.133333333333333,-0.466666666666665,42.1,ACTIVE,0.03212278299906757
2026-09-18T07:09:59.501+07:00,34.94427402600013,4.2_25rpm,25.0,25.0,0,2026-09-18T07:09:27.555+07:00,3.000079473998994,16.866666666666667,24.6,20.733333333333334,8.133333333333333,0.3999999999999986,42.1,ACTIVE,0.02717478000158735
2026-09-18T07:09:59.530+07:00,34.97306973400009,4.2_25rpm,25.0,25.0,0,2026-09-18T07:09:27.555+07:00,3.000079473998994,16.866666666666667,24.8,20.833333333333336,8.133333333333333,0.1999999999999993,42.1,ACTIVE,0.02879570799996145
2026-09-18T07:09:59.558+07:00,35.00000066899884,4.2_25rpm,25.0,25.0,0,2026-09-18T07:09:27.555+07:00,3.000079473998994,16.866666666666667,24.4,20.633333333333333,8.133333333333333,0.6000000000000014,42.1,ACTIVE,0.026930934998745215
2026-09-18T07:09:59.586+07:00,35.029127231999155,4.2_25rpm,25.0,25.0,0,2026-09-18T07:09:27.555+07:00,3.000079473998994,0.0,24.666666666666668,12.333333333333334,25.0,0.33333333333333215,42.1,ACTIVE,0.02912656300031813
2026-09-18T07:09:59.615+07:00,35.05829622799865,4.2_25rpm,25.0,25.0,0,2026-09-18T07:09:27.555+07:00,3.000079473998994,3.8666666666666667,24.933333333333334,14.4,21.133333333333333,0.06666666666666643,42.1,ACTIVE,0.029168995999498293
2026-09-18T07:09:59.661+07:00,35.10470025399991,4.2_25rpm,25.0,25.0,0,2026-09-18T07:09:27.555+07:00,3.000079473998994,3.8666666666666667,24.6,14.233333333333334,21.133333333333333,0.3999999999999986,42.1,ACTIVE,0.04640402600125526
2026-09-18T07:09:59.690+07:00,35.13066771400008,4.2_25rpm,25.0,25.0,0,2026-09-18T07:09:27.555+07:00,3.000079473998994,3.7333333333333334,25.333333333333332,14.533333333333333,21.266666666666666,-0.33333333333333215,42.1,ACTIVE,0.02596746000017447
2026-09-18T07:09:59.717+07:00,35.15638569699877,4.2_25rpm,25.0,25.0,0,2026-09-18T07:09:27.555+07:00,3.000079473998994,3.6666666666666665,25.266666666666666,14.466666666666667,21.333333333333332,-0.2666666666666657,42.1,ACTIVE,0.02571798299868533
2026-09-18T07:09:59.746+07:00,35.18507602699901,4.2_25rpm,25.0,25.0,0,2026-09-18T07:09:27.555+07:00,3.000079473998994,3.8,25.4,14.6,21.2,-0.3999999999999986,42.1,ACTIVE,0.028690330000245012
2026-09-18T07:09:59.768+07:00,35.21166452399848,4.2_25rpm,25.0,25.0,0,2026-09-18T07:09:27.555+07:00,3.000079473998994,14.466666666666667,26.333333333333332,20.4,10.533333333333333,-1.3333333333333321,42.1,ACTIVE,0.02658849699946586
2026-09-18T07:09:59.814+07:00,35.25716411599933,4.2_25rpm,25.0,25.0,0,2026-09-18T07:09:27.555+07:00,3.000079473998994,20.0,26.066666666666666,23.03333333333333,5.0,-1.0666666666666664,42.1,ACTIVE,0.04549959200085141
2026-09-18T07:09:59.846+07:00,35.285000988998945,4.2_25rpm,25.0,25.0,0,2026-09-18T07:09:27.555+07:00,3.000079473998994,24.266666666666666,26.933333333333334,25.6,0.7333333333333343,-1.9333333333333336,42.1,ACTIVE,0.02783687299961457
2026-09-18T07:09:59.867+07:00,35.309709959999964,4.2_25rpm,25.0,25.0,0,2026-09-18T07:09:27.555+07:00,3.000079473998994,30.866666666666667,26.066666666666666,28.46666666666667,-5.866666666666667,-1.0666666666666664,42.1,ACTIVE,0.024708971001018654
2026-09-18T07:09:59.897+07:00,35.33884577099889,4.2_25rpm,25.0,25.0,0,2026-09-18T07:09:27.555+07:00,3.000079473998994,31.266666666666666,25.133333333333333,28.2,-6.266666666666666,-0.13333333333333286,42.1,ACTIVE,0.02913581099892326
2026-09-18T07:09:59.922+07:00,35.36519896699974,4.2_25rpm,25.0,25.0,0,2026-09-18T07:09:27.555+07:00,3.000079473998994,29.333333333333332,25.066666666666666,27.2,-4.333333333333332,-0.06666666666666643,42.1,ACTIVE,0.02635319600085495
2026-09-18T07:09:59.956+07:00,35.398542220998934,4.2_25rpm,25.0,25.0,0,2026-09-18T07:09:27.555+07:00,3.000079473998994,29.333333333333332,23.8,26.566666666666666,-4.333333333333332,1.1999999999999993,42.1,ACTIVE,0.0333432539991918
2026-09-18T07:09:59.979+07:00,35.42172770599973,4.2_25rpm,25.0,25.0,0,2026-09-18T07:09:27.555+07:00,3.000079473998994,29.333333333333332,23.533333333333335,26.433333333333334,-4.333333333333332,1.466666666666665,42.1,ACTIVE,0.02318548500079487
2026-09-18T07:10:00.007+07:00,35.44826045799891,4.2_25rpm,25.0,25.0,0,2026-09-18T07:09:27.555+07:00,3.000079473998994,29.333333333333332,24.333333333333332,26.833333333333332,-4.333333333333332,0.6666666666666679,42.1,ACTIVE,0.026532751999184256
2026-09-18T07:10:00.053+07:00,35.495512243998746,4.2_25rpm,25.0,25.0,0,2026-09-18T07:09:27.555+07:00,3.000079473998994,29.333333333333332,24.333333333333332,26.833333333333332,-4.333333333333332,0.6666666666666679,42.1,ACTIVE,0.04725178599983337
2026-09-18T07:10:00.082+07:00,35.52447182799915,4.2_25rpm,25.0,25.0,0,2026-09-18T07:09:27.555+07:00,3.000079473998994,29.333333333333332,25.333333333333332,27.333333333333332,-4.333333333333332,-0.33333333333333215,42.1,ACTIVE,0.028959584000403993
2026-09-18T07:10:00.108+07:00,35.55158401500012,4.2_25rpm,25.0,25.0,0,2026-09-18T07:09:27.555+07:00,3.000079473998994,29.333333333333332,25.2,27.266666666666666,-4.333333333333332,-0.1999999999999993,42.1,ACTIVE,0.027112187000966514
2026-09-18T07:10:00.135+07:00,35.578226335999716,4.2_25rpm,25.0,25.0,0,2026-09-18T07:09:27.555+07:00,3.000079473998994,29.333333333333332,25.2,27.266666666666666,-4.333333333333332,-0.1999999999999993,42.1,ACTIVE,0.02664232099959918
2026-09-18T07:10:00.161+07:00,35.60433709499921,4.2_25rpm,25.0,25.0,0,2026-09-18T07:09:27.555+07:00,3.000079473998994,29.333333333333332,25.933333333333334,27.633333333333333,-4.333333333333332,-0.9333333333333336,42.1,ACTIVE,0.026110758999493555
2026-09-18T07:10:00.190+07:00,35.63291862299957,4.2_25rpm,25.0,25.0,0,2026-09-18T07:09:27.555+07:00,3.000079473998994,29.333333333333332,25.333333333333332,27.333333333333332,-4.333333333333332,-0.33333333333333215,42.1,ACTIVE,0.028581528000358958
2026-09-18T07:10:00.215+07:00,35.658503578999444,4.2_25rpm,25.0,25.0,0,2026-09-18T07:09:27.555+07:00,3.000079473998994,0.0,25.333333333333332,12.666666666666666,25.0,-0.33333333333333215,42.1,ACTIVE,0.025584955999875092
2026-09-18T07:10:00.248+07:00,35.69038894899859,4.2_25rpm,25.0,25.0,0,2026-09-18T07:09:27.555+07:00,3.000079473998994,0.0,23.733333333333334,11.866666666666667,25.0,1.2666666666666657,42.1,ACTIVE,0.03188536999914504
2026-09-18T07:10:00.293+07:00,35.730377742998826,4.2_25rpm,25.0,25.0,0,2026-09-18T07:09:27.555+07:00,3.000079473998994,0.0,21.266666666666666,10.633333333333333,25.0,3.7333333333333343,42.1,ACTIVE,0.03998879400023725
2026-09-18T07:10:00.322+07:00,35.75927751800009,4.2_25rpm,25.0,25.0,0,2026-09-18T07:09:27.555+07:00,3.000079473998994,0.0,20.733333333333334,10.366666666666667,25.0,4.266666666666666,42.1,ACTIVE,0.02889977500126406
2026-09-18T07:10:00.343+07:00,35.78574249099984,4.2_25rpm,25.0,25.0,0,2026-09-18T07:09:27.555+07:00,3.000079473998994,0.0,22.133333333333333,11.066666666666666,25.0,2.866666666666667,42.1,ACTIVE,0.02646497299974726
2026-09-18T07:10:00.368+07:00,35.81135650399847,4.2_25rpm,25.0,25.0,0,2026-09-18T07:09:27.555+07:00,3.000079473998994,0.0,23.0,11.5,25.0,2.0,42.1,ACTIVE,0.025614012998630642
2026-09-18T07:10:00.396+07:00,35.83869403999961,4.2_25rpm,25.0,25.0,0,2026-09-18T07:09:27.555+07:00,3.000079473998994,20.0,24.266666666666666,22.133333333333333,5.0,0.7333333333333343,42.1,ACTIVE,0.027337536001141416
2026-09-18T07:10:00.427+07:00,35.870251274998736,4.2_25rpm,25.0,25.0,0,2026-09-18T07:09:27.555+07:00,3.000079473998994,26.2,25.933333333333334,26.066666666666666,-1.1999999999999993,-0.9333333333333336,42.1,ACTIVE,0.031557234999127104
2026-09-18T07:10:00.457+07:00,35.90023065399873,4.2_25rpm,25.0,25.0,0,2026-09-18T07:09:27.555+07:00,3.000079473998994,37.4,25.8,31.6,-12.399999999999999,-0.8000000000000007,42.1,ACTIVE,0.029979378999996698
2026-09-18T07:10:00.485+07:00,35.92874904499877,4.2_25rpm,25.0,25.0,0,2026-09-18T07:09:27.555+07:00,3.000079473998994,33.733333333333334,25.666666666666668,29.700000000000003,-8.733333333333334,-0.6666666666666679,42.1,ACTIVE,0.02851839100003417
2026-09-18T07:10:00.514+07:00,35.95747723199929,4.2_25rpm,25.0,25.0,0,2026-09-18T07:09:27.555+07:00,3.000079473998994,28.466666666666665,26.533333333333335,27.5,-3.466666666666665,-1.533333333333335,42.1,ACTIVE,0.028728187000524485
2026-09-18T07:10:00.551+07:00,35.988925280998956,4.2_25rpm,25.0,25.0,0,2026-09-18T07:09:27.555+07:00,3.000079473998994,23.666666666666668,26.066666666666666,24.866666666666667,1.3333333333333321,-1.0666666666666664,42.1,ACTIVE,0.031448048999664024
2026-09-18T07:10:00.576+07:00,36.019806309999694,4.2_25rpm,25.0,25.0,0,2026-09-18T07:09:27.555+07:00,3.000079473998994,23.666666666666668,24.933333333333334,24.3,1.3333333333333321,0.06666666666666643,42.1,ACTIVE,0.030881029000738636
2026-09-18T07:10:00.609+07:00,36.04705155599913,4.2_25rpm,25.0,25.0,0,2026-09-18T07:09:27.555+07:00,3.000079473998994,23.666666666666668,23.866666666666667,23.766666666666666,1.3333333333333321,1.1333333333333329,42.1,ACTIVE,0.02724524599943834
2026-09-18T07:10:00.650+07:00,36.09322968899869,4.2_25rpm,25.0,25.0,0,2026-09-18T07:09:27.555+07:00,3.000079473998994,23.666666666666668,21.666666666666668,22.666666666666668,1.3333333333333321,3.333333333333332,42.1,ACTIVE,0.04617813299955742
2026-09-18T07:10:00.676+07:00,36.11973613599912,4.2_25rpm,25.0,25.0,0,2026-09-18T07:09:27.555+07:00,3.000079473998994,23.666666666666668,22.4,23.03333333333333,1.3333333333333321,2.6000000000000014,42.1,ACTIVE,0.026506447000429034
2026-09-18T07:10:00.705+07:00,36.14739322999958,4.2_25rpm,25.0,25.0,0,2026-09-18T07:09:27.555+07:00,3.000079473998994,23.666666666666668,23.333333333333332,23.5,1.3333333333333321,1.6666666666666679,42.1,ACTIVE,0.027657094000460347
2026-09-18T07:10:00.734+07:00,36.174685995998516,4.2_25rpm,25.0,25.0,0,2026-09-18T07:09:27.555+07:00,3.000079473998994,23.666666666666668,24.066666666666666,23.866666666666667,1.3333333333333321,0.9333333333333336,42.1,ACTIVE,0.027292765998936375
2026-09-18T07:10:00.760+07:00,36.202499444998466,4.2_25rpm,25.0,25.0,0,2026-09-18T07:09:27.555+07:00,3.000079473998994,23.666666666666668,25.2,24.433333333333334,1.3333333333333321,-0.1999999999999993,42.1,ACTIVE,0.027813448999950197
2026-09-18T07:10:00.789+07:00,36.23177986599876,4.2_25rpm,25.0,25.0,0,2026-09-18T07:09:27.555+07:00,3.000079473998994,23.666666666666668,25.333333333333332,24.5,1.3333333333333321,-0.33333333333333215,42.1,ACTIVE,0.029280421000294155
2026-09-18T07:10:00.816+07:00,36.258689072999914,4.2_25rpm,25.0,25.0,0,2026-09-18T07:09:27.555+07:00,3.000079473998994,23.666666666666668,25.466666666666665,24.566666666666666,1.3333333333333321,-0.466666666666665,42.1,ACTIVE,0.026909207001153845
2026-09-18T07:10:00.846+07:00,36.28932792199885,4.2_25rpm,25.0,25.0,0,2026-09-18T07:09:27.555+07:00,3.000079473998994,23.666666666666668,26.066666666666666,24.866666666666667,1.3333333333333321,-1.0666666666666664,42.1,ACTIVE,0.0306388489989331
2026-09-18T07:10:00.888+07:00,36.33183807899877,4.2_25rpm,25.0,25.0,0,2026-09-18T07:09:27.555+07:00,3.000079473998994,23.666666666666668,26.133333333333333,24.9,1.3333333333333321,-1.1333333333333329,42.1,ACTIVE,0.04251015699992422
2026-09-18T07:10:00.914+07:00,36.35692900899994,4.2_25rpm,25.0,25.0,0,2026-09-18T07:09:27.555+07:00,3.000079473998994,23.666666666666668,26.8,25.233333333333334,1.3333333333333321,-1.8000000000000007,42.1,ACTIVE,0.02509093000116991
2026-09-18T07:10:00.949+07:00,36.38508896099847,4.2_25rpm,25.0,25.0,0,2026-09-18T07:09:27.555+07:00,3.000079473998994,23.666666666666668,26.733333333333334,25.200000000000003,1.3333333333333321,-1.7333333333333343,42.1,ACTIVE,0.02815995199853205
2026-09-18T07:10:00.983+07:00,36.42661013799989,4.2_25rpm,25.0,25.0,0,2026-09-18T07:09:27.555+07:00,3.000079473998994,23.666666666666668,26.866666666666667,25.266666666666666,1.3333333333333321,-1.8666666666666671,42.1,ACTIVE,0.04152117700141389
2026-09-18T07:10:01.015+07:00,36.458525779999036,4.2_25rpm,25.0,25.0,0,2026-09-18T07:09:27.555+07:00,3.000079473998994,23.666666666666668,25.733333333333334,24.700000000000003,1.3333333333333321,-0.7333333333333343,42.1,ACTIVE,0.03191564199914865
2026-09-18T07:10:01.045+07:00,36.48868308300007,4.2_25rpm,25.0,25.0,0,2026-09-18T07:09:27.555+07:00,3.000079473998994,0.0,24.266666666666666,12.133333333333333,25.0,0.7333333333333343,42.1,ACTIVE,0.030157303001033142
2026-09-18T07:10:01.076+07:00,36.51776724499905,4.2_25rpm,25.0,25.0,0,2026-09-18T07:09:27.555+07:00,3.000079473998994,0.0,23.466666666666665,11.733333333333333,25.0,1.533333333333335,42.1,ACTIVE,0.029084161998980562
2026-09-18T07:10:01.119+07:00,36.56215862299905,4.2_25rpm,25.0,25.0,0,2026-09-18T07:09:27.555+07:00,3.000079473998994,0.0,21.933333333333334,10.966666666666667,25.0,3.0666666666666664,42.1,ACTIVE,0.04439137800000026
2026-09-18T07:10:01.151+07:00,36.593197510999744,4.2_25rpm,25.0,25.0,0,2026-09-18T07:09:27.555+07:00,3.000079473998994,3.8,21.333333333333332,12.566666666666666,21.2,3.666666666666668,42.1,ACTIVE,0.031038888000693987
2026-09-18T07:10:01.173+07:00,36.61648306200004,4.2_25rpm,25.0,25.0,0,2026-09-18T07:09:27.555+07:00,3.000079473998994,3.8,21.933333333333334,12.866666666666667,21.2,3.0666666666666664,42.1,ACTIVE,0.023285551000299165
2026-09-18T07:10:01.211+07:00,36.64810986599878,4.2_25rpm,25.0,25.0,0,2026-09-18T07:09:27.555+07:00,3.000079473998994,3.8,21.933333333333334,12.866666666666667,21.2,3.0666666666666664,42.1,ACTIVE,0.03162680399873352
2026-09-18T07:10:01.241+07:00,36.67869850599891,4.2_25rpm,25.0,25.0,0,2026-09-18T07:09:27.555+07:00,3.000079473998994,3.8,22.066666666666666,12.933333333333334,21.2,2.9333333333333336,42.1,ACTIVE,0.030588640000132727
2026-09-18T07:10:01.260+07:00,36.703900862999944,4.2_25rpm,25.0,25.0,0,2026-09-18T07:09:27.555+07:00,3.000079473998994,3.8,22.133333333333333,12.966666666666667,21.2,2.866666666666667,42.1,ACTIVE,0.025202357001035125
2026-09-18T07:10:01.288+07:00,36.731663045999085,4.2_25rpm,25.0,25.0,0,2026-09-18T07:09:27.555+07:00,3.000079473998994,3.8,22.0,12.9,21.2,3.0,42.1,ACTIVE,0.02776218299914035
2026-09-18T07:10:01.316+07:00,36.75884099399991,4.2_25rpm,25.0,25.0,0,2026-09-18T07:09:27.555+07:00,3.000079473998994,3.8,22.733333333333334,13.266666666666667,21.2,2.2666666666666657,42.1,ACTIVE,0.02717794800082629
2026-09-18T07:10:01.347+07:00,36.79088575899914,4.2_25rpm,25.0,25.0,0,2026-09-18T07:09:27.555+07:00,3.000079473998994,3.0,26.266666666666666,14.633333333333333,22.0,-1.2666666666666657,42.1,ACTIVE,0.03204476499922748
2026-09-18T07:10:01.379+07:00,36.8225667079987,4.2_25rpm,25.0,25.0,0,2026-09-18T07:09:27.555+07:00,3.000079473998994,3.0,27.133333333333333,15.066666666666666,22.0,-2.133333333333333,42.1,ACTIVE,0.03168094899956486
2026-09-18T07:10:01.409+07:00,36.850720067999646,4.2_25rpm,25.0,25.0,0,2026-09-18T07:09:27.555+07:00,3.000079473998994,3.0,28.266666666666666,15.633333333333333,22.0,-3.2666666666666657,42.1,ACTIVE,0.028153360000942484
2026-09-18T07:10:01.436+07:00,36.87878337700022,4.2_25rpm,25.0,25.0,0,2026-09-18T07:09:27.555+07:00,3.000079473998994,2.8666666666666667,27.0,14.933333333333334,22.133333333333333,-2.0,42.1,ACTIVE,0.02806330900057219
2026-09-18T07:10:01.467+07:00,36.90953979599908,4.2_25rpm,25.0,25.0,0,2026-09-18T07:09:27.555+07:00,3.000079473998994,2.8666666666666667,25.733333333333334,14.3,22.133333333333333,-0.7333333333333343,42.1,ACTIVE,0.0307564189988625
2026-09-18T07:10:01.492+07:00,36.93538482199983,4.2_25rpm,25.0,25.0,0,2026-09-18T07:09:27.555+07:00,3.000079473998994,2.8,25.6,14.200000000000001,22.2,-0.6000000000000014,42.1,ACTIVE,0.025845026000752114
2026-09-18T07:10:01.524+07:00,36.96720004599956,4.2_25rpm,25.0,25.0,0,2026-09-18T07:09:27.555+07:00,3.000079473998994,6.866666666666666,23.333333333333332,15.1,18.133333333333333,1.6666666666666679,42.1,ACTIVE,0.031815223999728914
2026-09-18T07:10:01.558+07:00,37.000644261999696,4.2_25rpm,25.0,25.0,0,2026-09-18T07:09:27.555+07:00,3.000079473998994,16.133333333333333,22.533333333333335,19.333333333333336,8.866666666666667,2.466666666666665,42.1,ACTIVE,0.033444216000134475
2026-09-18T07:10:01.584+07:00,37.026834510999834,4.2_25rpm,25.0,25.0,0,2026-09-18T07:09:27.555+07:00,3.000079473998994,19.933333333333334,23.333333333333332,21.633333333333333,5.066666666666666,1.6666666666666679,42.1,ACTIVE,0.026190249000137555
2026-09-18T07:10:01.612+07:00,37.05406788399887,4.2_25rpm,25.0,25.0,0,2026-09-18T07:09:27.555+07:00,3.000079473998994,26.466666666666665,22.933333333333334,24.7,-1.466666666666665,2.0666666666666664,42.1,ACTIVE,0.027233372999035055
2026-09-18T07:10:01.636+07:00,37.07944659599889,4.2_25rpm,25.0,25.0,0,2026-09-18T07:09:27.555+07:00,3.000079473998994,26.466666666666665,24.0,25.233333333333334,-1.466666666666665,1.0,42.1,ACTIVE,0.025378712000019732
2026-09-18T07:10:01.664+07:00,37.106376890998945,4.2_25rpm,25.0,25.0,0,2026-09-18T07:09:27.555+07:00,3.000079473998994,20.733333333333334,25.866666666666667,23.3,4.266666666666666,-0.8666666666666671,42.1,ACTIVE,0.026930295000056503
2026-09-18T07:10:01.691+07:00,37.133514997998645,4.2_25rpm,25.0,25.0,0,2026-09-18T07:09:27.555+07:00,3.000079473998994,20.733333333333334,26.0,23.366666666666667,4.266666666666666,-1.0,42.1,ACTIVE,0.02713810699970054
2026-09-18T07:10:01.720+07:00,37.1633162299986,4.2_25rpm,25.0,25.0,0,2026-09-18T07:09:27.555+07:00,3.000079473998994,20.733333333333334,27.8,24.266666666666666,4.266666666666666,-2.8000000000000007,42.1,ACTIVE,0.029801231999954325
2026-09-18T07:10:01.746+07:00,37.18965512199975,4.2_25rpm,25.0,25.0,0,2026-09-18T07:09:27.555+07:00,3.000079473998994,20.733333333333334,27.333333333333332,24.03333333333333,4.266666666666666,-2.333333333333332,42.1,ACTIVE,0.02633889200114936
2026-09-18T07:10:01.789+07:00,37.231888472999344,4.2_25rpm,25.0,25.0,0,2026-09-18T07:09:27.555+07:00,3.000079473998994,20.733333333333334,27.533333333333335,24.133333333333333,4.266666666666666,-2.533333333333335,42.1,ACTIVE,0.04223335099959513
2026-09-18T07:10:01.817+07:00,37.25872170999901,4.2_25rpm,25.0,25.0,0,2026-09-18T07:09:27.555+07:00,3.000079473998994,20.733333333333334,27.533333333333335,24.133333333333333,4.266666666666666,-2.533333333333335,42.1,ACTIVE,0.026833236999664223
2026-09-18T07:10:01.846+07:00,37.28810453299957,4.2_25rpm,25.0,25.0,0,2026-09-18T07:09:27.555+07:00,3.000079473998994,20.733333333333334,26.533333333333335,23.633333333333333,4.266666666666666,-1.533333333333335,42.1,ACTIVE,0.029382823000560165
2026-09-18T07:10:01.874+07:00,37.31289036999988,4.2_25rpm,25.0,25.0,0,2026-09-18T07:09:27.555+07:00,3.000079473998994,20.733333333333334,25.733333333333334,23.233333333333334,4.266666666666666,-0.7333333333333343,42.1,ACTIVE,0.024785837000308675
2026-09-18T07:10:01.913+07:00,37.356289503999506,4.2_25rpm,25.0,25.0,0,2026-09-18T07:09:27.555+07:00,3.000079473998994,20.733333333333334,24.866666666666667,22.8,4.266666666666666,0.13333333333333286,42.1,ACTIVE,0.04339913399962825
2026-09-18T07:10:01.951+07:00,37.38149781299944,4.2_25rpm,25.0,25.0,0,2026-09-18T07:09:27.555+07:00,3.000079473998994,20.733333333333334,25.066666666666666,22.9,4.266666666666666,-0.06666666666666643,42.1,ACTIVE,0.02520830899993598
2026-09-18T07:10:01.987+07:00,37.429733522998504,4.2_25rpm,25.0,25.0,0,2026-09-18T07:09:27.555+07:00,3.000079473998994,20.733333333333334,26.333333333333332,23.53333333333333,4.266666666666666,-1.3333333333333321,42.1,ACTIVE,0.04823570999906224
2026-09-18T07:10:02.015+07:00,37.45471267599896,4.2_25rpm,25.0,25.0,0,2026-09-18T07:09:27.555+07:00,3.000079473998994,20.733333333333334,26.533333333333335,23.633333333333333,4.266666666666666,-1.533333333333335,42.1,ACTIVE,0.02497915300045861
2026-09-18T07:10:02.047+07:00,37.48588926299999,4.2_25rpm,25.0,25.0,0,2026-09-18T07:09:27.555+07:00,3.000079473998994,20.733333333333334,26.866666666666667,23.8,4.266666666666666,-1.8666666666666671,42.1,ACTIVE,0.031176587001027656
2026-09-18T07:10:02.080+07:00,37.521158826999454,4.2_25rpm,25.0,25.0,0,2026-09-18T07:09:27.555+07:00,3.000079473998994,20.733333333333334,25.466666666666665,23.1,4.266666666666666,-0.466666666666665,42.1,ACTIVE,0.03526956399946357
2026-09-18T07:10:02.119+07:00,37.56276419799906,4.2_25rpm,25.0,25.0,0,2026-09-18T07:09:27.555+07:00,3.000079473998994,20.733333333333334,26.0,23.366666666666667,4.266666666666666,-1.0,42.1,ACTIVE,0.04160537099960493
2026-09-18T07:10:02.156+07:00,37.5967787619993,4.2_25rpm,25.0,25.0,0,2026-09-18T07:09:27.555+07:00,3.000079473998994,20.733333333333334,25.666666666666668,23.200000000000003,4.266666666666666,-0.6666666666666679,42.1,ACTIVE,0.03401456400024472
2026-09-18T07:10:02.176+07:00,37.61941521100016,4.2_25rpm,25.0,25.0,0,2026-09-18T07:09:27.555+07:00,3.000079473998994,0.0,25.8,12.9,25.0,-0.8000000000000007,42.1,ACTIVE,0.022636449000856373
2026-09-18T07:10:02.203+07:00,37.64600505099952,4.2_25rpm,25.0,25.0,0,2026-09-18T07:09:27.555+07:00,3.000079473998994,0.0,26.0,13.0,25.0,-1.0,42.1,ACTIVE,0.026589839999360265
2026-09-18T07:10:02.230+07:00,37.6732682490001,4.2_25rpm,25.0,25.0,0,2026-09-18T07:09:27.555+07:00,3.000079473998994,0.0,25.466666666666665,12.733333333333333,25.0,-0.466666666666665,42.1,ACTIVE,0.027263198000582634
2026-09-18T07:10:02.259+07:00,37.70188692999909,4.2_25rpm,25.0,25.0,0,2026-09-18T07:09:27.555+07:00,3.000079473998994,3.8,25.933333333333334,14.866666666666667,21.2,-0.9333333333333336,42.1,ACTIVE,0.028618680998988566
2026-09-18T07:10:02.286+07:00,37.72908887799895,4.2_25rpm,25.0,25.0,0,2026-09-18T07:09:27.555+07:00,3.000079473998994,3.8,24.866666666666667,14.333333333333334,21.2,0.13333333333333286,42.1,ACTIVE,0.027201947999856202
2026-09-18T07:10:02.314+07:00,37.7561244869994,4.2_25rpm,25.0,25.0,0,2026-09-18T07:09:27.555+07:00,3.000079473998994,3.6666666666666665,24.6,14.133333333333335,21.333333333333332,0.3999999999999986,42.1,ACTIVE,0.027035609000449767
2026-09-18T07:10:02.343+07:00,37.785014564999074,4.2_25rpm,25.0,25.0,0,2026-09-18T07:09:27.555+07:00,3.000079473998994,3.6,25.2,14.4,21.4,-0.1999999999999993,42.1,ACTIVE,0.028890077999676578
2026-09-18T07:10:02.387+07:00,37.82838796999931,4.2_25rpm,25.0,25.0,0,2026-09-18T07:09:27.555+07:00,3.000079473998994,14.8,24.4,19.6,10.2,0.6000000000000014,42.1,ACTIVE,0.04337340500023856
2026-09-18T07:10:02.413+07:00,37.855411770999126,4.2_25rpm,25.0,25.0,0,2026-09-18T07:09:27.555+07:00,3.000079473998994,16.133333333333333,24.666666666666668,20.4,8.866666666666667,0.33333333333333215,42.1,ACTIVE,0.02702380099981383
2026-09-18T07:10:02.451+07:00,37.89277721799954,4.2_25rpm,25.0,25.0,0,2026-09-18T07:09:27.555+07:00,3.000079473998994,16.133333333333333,25.6,20.866666666666667,8.866666666666667,-0.6000000000000014,42.1,ACTIVE,0.03736544700041122
2026-09-18T07:10:02.482+07:00,37.92444194299969,4.2_25rpm,25.0,25.0,0,2026-09-18T07:09:27.555+07:00,3.000079473998994,29.666666666666668,25.2,27.433333333333334,-4.666666666666668,-0.1999999999999993,42.1,ACTIVE,0.03166472500015516
2026-09-18T07:10:02.512+07:00,37.95448257099997,4.2_25rpm,25.0,25.0,0,2026-09-18T07:09:27.555+07:00,3.000079473998994,41.93333333333333,24.933333333333334,33.43333333333333,-16.93333333333333,0.06666666666666643,42.1,ACTIVE,0.030040628000278957
2026-09-18T07:10:02.550+07:00,37.99253043099998,4.2_25rpm,25.0,25.0,0,2026-09-18T07:09:27.555+07:00,3.000079473998994,40.53333333333333,23.466666666666665,32.0,-15.533333333333331,1.533333333333335,42.1,ACTIVE,0.03804786000000604
2026-09-18T07:10:02.584+07:00,38.02674928699889,4.2_25rpm,25.0,25.0,0,2026-09-18T07:09:27.555+07:00,3.000079473998994,30.266666666666666,21.933333333333334,26.1,-5.266666666666666,3.0666666666666664,42.1,ACTIVE,0.03421885599891539
2026-09-18T07:10:02.612+07:00,38.05459201600024,4.2_25rpm,25.0,25.0,0,2026-09-18T07:09:27.555+07:00,3.000079473998994,30.266666666666666,22.533333333333335,26.4,-5.266666666666666,2.466666666666665,42.1,ACTIVE,0.027842729001349653
2026-09-18T07:10:02.649+07:00,38.084480353998515,4.2_25rpm,25.0,25.0,0,2026-09-18T07:09:27.555+07:00,3.000079473998994,30.266666666666666,22.6,26.433333333333334,-5.266666666666666,2.3999999999999986,42.1,ACTIVE,0.02988833799827262
2026-09-18T07:10:02.669+07:00,38.112108837998676,4.2_25rpm,25.0,25.0,0,2026-09-18T07:09:27.555+07:00,3.000079473998994,30.266666666666666,26.133333333333333,28.2,-5.266666666666666,-1.1333333333333329,42.1,ACTIVE,0.027628484000160825
2026-09-18T07:10:02.696+07:00,38.13766982599918,4.2_25rpm,25.0,25.0,0,2026-09-18T07:09:27.555+07:00,3.000079473998994,30.266666666666666,26.8,28.53333333333333,-5.266666666666666,-1.8000000000000007,42.1,ACTIVE,0.025560988000506768
2026-09-18T07:10:02.725+07:00,38.1682850899997,4.2_25rpm,25.0,25.0,0,2026-09-18T07:09:27.555+07:00,3.000079473998994,30.266666666666666,27.933333333333334,29.1,-5.266666666666666,-2.9333333333333336,42.1,ACTIVE,0.030615264000516618
2026-09-18T07:10:02.749+07:00,38.192888714998844,4.2_25rpm,25.0,25.0,0,2026-09-18T07:09:27.555+07:00,3.000079473998994,30.266666666666666,29.266666666666666,29.766666666666666,-5.266666666666666,-4.266666666666666,42.1,ACTIVE,0.024603624999144813
2026-09-18T07:10:02.781+07:00,38.22448265499952,4.2_25rpm,25.0,25.0,0,2026-09-18T07:09:27.555+07:00,3.000079473998994,30.266666666666666,28.733333333333334,29.5,-5.266666666666666,-3.7333333333333343,42.1,ACTIVE,0.0315939400006755
2026-09-18T07:10:02.809+07:00,38.25224250199972,4.2_25rpm,25.0,25.0,0,2026-09-18T07:09:27.555+07:00,3.000079473998994,30.266666666666666,27.066666666666666,28.666666666666664,-5.266666666666666,-2.0666666666666664,42.1,ACTIVE,0.027759847000197624
2026-09-18T07:10:02.835+07:00,38.27850932799993,4.2_25rpm,25.0,25.0,0,2026-09-18T07:09:27.555+07:00,3.000079473998994,30.266666666666666,27.066666666666666,28.666666666666664,-5.266666666666666,-2.0666666666666664,42.1,ACTIVE,0.02626682600021013
2026-09-18T07:10:02.863+07:00,38.30641391399877,4.2_25rpm,25.0,25.0,0,2026-09-18T07:09:27.555+07:00,3.000079473998994,30.266666666666666,25.133333333333333,27.7,-5.266666666666666,-0.13333333333333286,42.1,ACTIVE,0.027904585998840048
2026-09-18T07:10:02.894+07:00,38.33721890999914,4.2_25rpm,25.0,25.0,0,2026-09-18T07:09:27.555+07:00,3.000079473998994,30.266666666666666,23.2,26.733333333333334,-5.266666666666666,1.8000000000000007,42.1,ACTIVE,0.03080499600037001
2026-09-18T07:10:02.920+07:00,38.36299532599878,4.2_25rpm,25.0,25.0,0,2026-09-18T07:09:27.555+07:00,3.000079473998994,30.266666666666666,22.533333333333335,26.4,-5.266666666666666,2.466666666666665,42.1,ACTIVE,0.025776415999644087
2026-09-18T07:10:02.946+07:00,38.38967902399963,4.2_25rpm,25.0,25.0,0,2026-09-18T07:09:27.555+07:00,3.000079473998994,30.266666666666666,21.866666666666667,26.066666666666666,-5.266666666666666,3.133333333333333,42.1,ACTIVE,0.02668369800085202
2026-09-18T07:10:02.979+07:00,38.42123945899948,4.2_25rpm,25.0,25.0,0,2026-09-18T07:09:27.555+07:00,3.000079473998994,30.266666666666666,21.466666666666665,25.866666666666667,-5.266666666666666,3.533333333333335,42.1,ACTIVE,0.03156043499984662
2026-09-18T07:10:03.005+07:00,38.444107720999455,4.2_25rpm,25.0,25.0,0,2026-09-18T07:09:27.555+07:00,3.000079473998994,30.266666666666666,22.533333333333335,26.4,-5.266666666666666,2.466666666666665,42.1,ACTIVE,0.022868261999974493
2026-09-18T07:10:03.034+07:00,38.47625997599971,4.2_25rpm,25.0,25.0,0,2026-09-18T07:09:27.555+07:00,3.000079473998994,30.266666666666666,23.2,26.733333333333334,-5.266666666666666,1.8000000000000007,42.1,ACTIVE,0.032152255000255536
2026-09-18T07:10:03.062+07:00,38.50563345499904,4.2_25rpm,25.0,25.0,0,2026-09-18T07:09:27.555+07:00,3.000079473998994,30.266666666666666,26.733333333333334,28.5,-5.266666666666666,-1.7333333333333343,42.1,ACTIVE,0.029373478999332292
2026-09-18T07:10:03.099+07:00,38.539261803000045,4.2_25rpm,25.0,25.0,0,2026-09-18T07:09:27.555+07:00,3.000079473998994,0.0,27.8,13.9,25.0,-2.8000000000000007,42.1,ACTIVE,0.03362834800100245
2026-09-18T07:10:03.124+07:00,38.56763763100025,4.2_25rpm,25.0,25.0,0,2026-09-18T07:09:27.555+07:00,3.000079473998994,0.0,28.733333333333334,14.366666666666667,25.0,-3.7333333333333343,42.1,ACTIVE,0.028375828000207548
2026-09-18T07:10:03.155+07:00,38.59551536899926,4.2_25rpm,25.0,25.0,0,2026-09-18T07:09:27.555+07:00,3.000079473998994,4.066666666666666,29.333333333333332,16.7,20.933333333333334,-4.333333333333332,42.1,ACTIVE,0.027877737999006058
2026-09-18T07:10:03.179+07:00,38.622944008999184,4.2_25rpm,25.0,25.0,0,2026-09-18T07:09:27.555+07:00,3.000079473998994,4.066666666666666,28.333333333333332,16.2,20.933333333333334,-3.333333333333332,42.1,ACTIVE,0.027428639999925508
2026-09-18T07:10:03.206+07:00,38.64990467299867,4.2_25rpm,25.0,25.0,0,2026-09-18T07:09:27.555+07:00,3.000079473998994,4.066666666666666,26.933333333333334,15.5,20.933333333333334,-1.9333333333333336,42.1,ACTIVE,0.026960663999489043
2026-09-18T07:10:03.234+07:00,38.67729766499906,4.2_25rpm,25.0,25.0,0,2026-09-18T07:09:27.555+07:00,3.000079473998994,3.8,25.533333333333335,14.666666666666668,21.2,-0.533333333333335,42.1,ACTIVE,0.027392992000386585
2026-09-18T07:10:03.264+07:00,38.706573765999565,4.2_25rpm,25.0,25.0,0,2026-09-18T07:09:27.555+07:00,3.000079473998994,3.6666666666666665,22.933333333333334,13.3,21.333333333333332,2.0666666666666664,42.1,ACTIVE,0.02927610100050515
2026-09-18T07:10:03.290+07:00,38.733464348999405,4.2_25rpm,25.0,25.0,0,2026-09-18T07:09:27.555+07:00,3.000079473998994,3.6,22.933333333333334,13.266666666666667,21.4,2.0666666666666664,42.1,ACTIVE,0.026890582999840262
2026-09-18T07:10:03.318+07:00,38.76130755799932,4.2_25rpm,25.0,25.0,0,2026-09-18T07:09:27.555+07:00,3.000079473998994,13.066666666666666,19.333333333333332,16.2,11.933333333333334,5.666666666666668,42.1,ACTIVE,0.02784320899991144
2026-09-18T07:10:03.346+07:00,38.78910356599954,4.2_25rpm,25.0,25.0,0,2026-09-18T07:09:27.555+07:00,3.000079473998994,17.066666666666666,17.466666666666665,17.266666666666666,7.933333333333334,7.533333333333335,42.1,ACTIVE,0.027796008000223082
2026-09-18T07:10:03.374+07:00,38.814673417999074,4.2_25rpm,25.0,25.0,0,2026-09-18T07:09:27.555+07:00,3.000079473998994,20.0,16.733333333333334,18.366666666666667,5.0,8.266666666666666,42.1,ACTIVE,0.025569851999534876
2026-09-18T07:10:03.400+07:00,38.842398447999585,4.2_25rpm,25.0,25.0,0,2026-09-18T07:09:27.555+07:00,3.000079473998994,23.733333333333334,16.733333333333334,20.233333333333334,1.2666666666666657,8.266666666666666,42.1,ACTIVE,0.027725030000510742
2026-09-18T07:10:03.426+07:00,38.86903776100007,4.2_25rpm,25.0,25.0,0,2026-09-18T07:09:27.555+07:00,3.000079473998994,29.333333333333332,20.666666666666668,25.0,-4.333333333333332,4.333333333333332,42.1,ACTIVE,0.026639313000487164
2026-09-18T07:10:03.454+07:00,38.89783218899902,4.2_25rpm,25.0,25.0,0,2026-09-18T07:09:27.555+07:00,3.000079473998994,25.466666666666665,24.4,24.93333333333333,-0.466666666666665,0.6000000000000014,42.1,ACTIVE,0.02879442799894605
2026-09-18T07:10:03.498+07:00,38.941324669000096,4.2_25rpm,25.0,25.0,0,2026-09-18T07:09:27.555+07:00,3.000079473998994,25.466666666666665,31.4,28.43333333333333,-0.466666666666665,-6.399999999999999,42.1,ACTIVE,0.04349248000107764
2026-09-18T07:10:03.532+07:00,38.97006946399961,4.2_25rpm,25.0,25.0,0,2026-09-18T07:09:27.555+07:00,3.000079473998994,25.466666666666665,31.933333333333334,28.7,-0.466666666666665,-6.933333333333334,42.1,ACTIVE,0.028744794999511214
2026-09-18T07:10:03.555+07:00,38.99710702499942,4.2_25rpm,25.0,25.0,0,2026-09-18T07:09:27.555+07:00,3.000079473998994,25.466666666666665,32.666666666666664,29.066666666666663,-0.466666666666665,-7.666666666666664,42.1,ACTIVE,0.02703756099981547
2026-09-18T07:10:03.589+07:00,39.02361871999892,4.2_25rpm,25.0,25.0,0,2026-09-18T07:09:27.555+07:00,3.000079473998994,25.466666666666665,29.933333333333334,27.7,-0.466666666666665,-4.933333333333334,42.1,ACTIVE,0.026511694999499014
2026-09-18T07:10:03.611+07:00,39.05374187799862,4.2_25rpm,25.0,25.0,0,2026-09-18T07:09:27.555+07:00,3.000079473998994,11.066666666666666,25.866666666666667,18.46666666666667,13.933333333333334,-0.8666666666666671,42.1,ACTIVE,0.03012315799969656
2026-09-18T07:10:03.640+07:00,39.08199271099875,4.2_25rpm,25.0,25.0,0,2026-09-18T07:09:27.555+07:00,3.000079473998994,11.066666666666666,25.866666666666667,18.46666666666667,13.933333333333334,-0.8666666666666671,42.1,ACTIVE,0.028250833000129205
2026-09-18T07:10:03.685+07:00,39.12299230899953,4.2_25rpm,25.0,25.0,0,2026-09-18T07:09:27.555+07:00,3.000079473998994,11.066666666666666,21.4,16.233333333333334,13.933333333333334,3.6000000000000014,42.1,ACTIVE,0.04099959800078068
2026-09-18T07:10:03.707+07:00,39.14977098499912,4.2_25rpm,25.0,25.0,0,2026-09-18T07:09:27.555+07:00,3.000079473998994,8.866666666666667,18.666666666666668,13.766666666666667,16.133333333333333,6.333333333333332,42.1,ACTIVE,0.02677867599959427
2026-09-18T07:10:03.735+07:00,39.176508732,4.2_25rpm,25.0,25.0,0,2026-09-18T07:09:27.555+07:00,3.000079473998994,8.533333333333333,17.933333333333334,13.233333333333334,16.46666666666667,7.066666666666666,42.1,ACTIVE,0.026737747000879608
2026-09-18T07:10:03.762+07:00,39.20487684799991,4.2_25rpm,25.0,25.0,0,2026-09-18T07:09:27.555+07:00,3.000079473998994,8.4,19.266666666666666,13.833333333333332,16.6,5.733333333333334,42.1,ACTIVE,0.028368115999910515
2026-09-18T07:10:03.788+07:00,39.23142243099937,4.2_25rpm,25.0,25.0,0,2026-09-18T07:09:27.555+07:00,3.000079473998994,8.4,22.066666666666666,15.233333333333334,16.6,2.9333333333333336,42.1,ACTIVE,0.02654558299946075
2026-09-18T07:10:03.825+07:00,39.26084915899992,4.2_25rpm,25.0,25.0,0,2026-09-18T07:09:27.555+07:00,3.000079473998994,8.4,24.666666666666668,16.533333333333335,16.6,0.33333333333333215,42.1,ACTIVE,0.029426728000544244
2026-09-18T07:10:03.849+07:00,39.29078162599944,4.2_25rpm,25.0,25.0,0,2026-09-18T07:09:27.555+07:00,3.000079473998994,11.933333333333334,27.733333333333334,19.833333333333336,13.066666666666666,-2.7333333333333343,42.1,ACTIVE,0.029932466999525786
2026-09-18T07:10:03.875+07:00,39.318571425999835,4.2_25rpm,25.0,25.0,0,2026-09-18T07:09:27.555+07:00,3.000079473998994,13.733333333333333,28.466666666666665,21.099999999999998,11.266666666666667,-3.466666666666665,42.1,ACTIVE,0.02778980000039155
2026-09-18T07:10:03.909+07:00,39.346250695998606,4.2_25rpm,25.0,25.0,0,2026-09-18T07:09:27.555+07:00,3.000079473998994,13.733333333333333,30.2,21.966666666666665,11.266666666666667,-5.199999999999999,42.1,ACTIVE,0.027679269998770906
2026-09-18T07:10:03.943+07:00,39.37789650800005,4.2_25rpm,25.0,25.0,0,2026-09-18T07:09:27.555+07:00,3.000079473998994,12.866666666666667,29.333333333333332,21.1,12.133333333333333,-4.333333333333332,42.1,ACTIVE,0.03164581200144312
2026-09-18T07:10:03.969+07:00,39.40832600799877,4.2_25rpm,25.0,25.0,0,2026-09-18T07:09:27.555+07:00,3.000079473998994,12.666666666666666,28.733333333333334,20.7,12.333333333333334,-3.7333333333333343,42.1,ACTIVE,0.0304294999987178
2026-09-18T07:10:04.011+07:00,39.454258697000114,4.2_25rpm,25.0,25.0,0,2026-09-18T07:09:27.555+07:00,3.000079473998994,13.866666666666667,26.6,20.233333333333334,11.133333333333333,-1.6000000000000014,42.1,ACTIVE,0.04593268900134717
2026-09-18T07:10:04.040+07:00,39.48198331099957,4.2_25rpm,25.0,25.0,0,2026-09-18T07:09:27.555+07:00,3.000079473998994,13.866666666666667,25.333333333333332,19.6,11.133333333333333,-0.33333333333333215,42.1,ACTIVE,0.02772461399945314
2026-09-18T07:10:04.067+07:00,39.509111561999816,4.2_25rpm,25.0,25.0,0,2026-09-18T07:09:27.555+07:00,3.000079473998994,13.866666666666667,24.8,19.333333333333336,11.133333333333333,0.1999999999999993,42.1,ACTIVE,0.027128251000249293
2026-09-18T07:10:04.093+07:00,39.53642935300013,4.2_25rpm,25.0,25.0,0,2026-09-18T07:09:27.555+07:00,3.000079473998994,13.733333333333333,23.533333333333335,18.633333333333333,11.266666666666667,1.466666666666665,42.1,ACTIVE,0.027317791000314173
2026-09-18T07:10:04.119+07:00,39.56248631800008,4.2_25rpm,25.0,25.0,0,2026-09-18T07:09:27.555+07:00,3.000079473998994,13.733333333333333,23.533333333333335,18.633333333333333,11.266666666666667,1.466666666666665,42.1,ACTIVE,0.02605696499995247
2026-09-18T07:10:04.146+07:00,39.589743658998486,4.2_25rpm,25.0,25.0,0,2026-09-18T07:09:27.555+07:00,3.000079473998994,13.266666666666667,24.4,18.833333333333332,11.733333333333333,0.6000000000000014,42.1,ACTIVE,0.02725734099840338
2026-09-18T07:10:04.178+07:00,39.617161356,4.2_25rpm,25.0,25.0,0,2026-09-18T07:09:27.555+07:00,3.000079473998994,13.266666666666667,26.0,19.633333333333333,11.733333333333333,-1.0,42.1,ACTIVE,0.027417697001510533
2026-09-18T07:10:04.208+07:00,39.65121057599936,4.2_25rpm,25.0,25.0,0,2026-09-18T07:09:27.555+07:00,3.000079473998994,13.933333333333334,28.066666666666666,21.0,11.066666666666666,-3.0666666666666664,42.1,ACTIVE,0.0340492199993605
2026-09-18T07:10:04.235+07:00,39.67845655699966,4.2_25rpm,25.0,25.0,0,2026-09-18T07:09:27.555+07:00,3.000079473998994,16.333333333333332,28.533333333333335,22.433333333333334,8.666666666666668,-3.533333333333335,42.1,ACTIVE,0.02724598100030562
2026-09-18T07:10:04.281+07:00,39.72465766699861,4.2_25rpm,25.0,25.0,0,2026-09-18T07:09:27.555+07:00,3.000079473998994,20.266666666666666,28.266666666666666,24.266666666666666,4.733333333333334,-3.2666666666666657,42.1,ACTIVE,0.04620110999894678
2026-09-18T07:10:04.313+07:00,39.75661609300005,4.2_25rpm,25.0,25.0,0,2026-09-18T07:09:27.555+07:00,3.000079473998994,24.8,26.133333333333333,25.46666666666667,0.1999999999999993,-1.1333333333333329,42.1,ACTIVE,0.031958426001438056
2026-09-18T07:10:04.339+07:00,39.78206411899919,4.2_25rpm,25.0,25.0,0,2026-09-18T07:09:27.555+07:00,3.000079473998994,24.8,24.8,24.8,0.1999999999999993,0.1999999999999993,42.1,ACTIVE,0.025448025999139645
2026-09-18T07:10:04.365+07:00,39.80820019000021,4.2_25rpm,25.0,25.0,0,2026-09-18T07:09:27.555+07:00,3.000079473998994,24.8,24.866666666666667,24.833333333333336,0.1999999999999993,0.13333333333333286,42.1,ACTIVE,0.026136071001019445
2026-09-18T07:10:04.391+07:00,39.83374197699959,4.2_25rpm,25.0,25.0,0,2026-09-18T07:09:27.555+07:00,3.000079473998994,24.8,24.066666666666666,24.433333333333334,0.1999999999999993,0.9333333333333336,42.1,ACTIVE,0.025541786999383476
2026-09-18T07:10:04.420+07:00,39.8628662029987,4.2_25rpm,25.0,25.0,0,2026-09-18T07:09:27.555+07:00,3.000079473998994,24.8,24.0,24.4,0.1999999999999993,1.0,42.1,ACTIVE,0.02912422599911224
2026-09-18T07:10:04.452+07:00,39.89488104699922,4.2_25rpm,25.0,25.0,0,2026-09-18T07:09:27.555+07:00,3.000079473998994,24.8,24.2,24.5,0.1999999999999993,0.8000000000000007,42.1,ACTIVE,0.03201484400051413
2026-09-18T07:10:04.479+07:00,39.919894728000145,4.2_25rpm,25.0,25.0,0,2026-09-18T07:09:27.555+07:00,3.000079473998994,24.8,23.333333333333332,24.066666666666666,0.1999999999999993,1.6666666666666679,42.1,ACTIVE,0.025013681000928045
2026-09-18T07:10:04.509+07:00,39.94727341499856,4.2_25rpm,25.0,25.0,0,2026-09-18T07:09:27.555+07:00,3.000079473998994,24.8,23.0,23.9,0.1999999999999993,2.0,42.1,ACTIVE,0.027378686998417834
2026-09-18T07:10:04.549+07:00,39.991247088999444,4.2_25rpm,25.0,25.0,0,2026-09-18T07:09:27.555+07:00,3.000079473998994,24.8,23.8,24.3,0.1999999999999993,1.1999999999999993,42.1,ACTIVE,0.04397367400088115
2026-09-18T07:10:04.581+07:00,40.020073420999324,4.2_25rpm,25.0,25.0,0,2026-09-18T07:09:27.555+07:00,3.000079473998994,24.8,23.8,24.3,0.1999999999999993,1.1999999999999993,42.1,ACTIVE,0.028826331999880495
2026-09-18T07:10:04.609+07:00,40.04979599499893,4.2_25rpm,25.0,25.0,0,2026-09-18T07:09:27.555+07:00,3.000079473998994,24.8,25.0,24.9,0.1999999999999993,0.0,42.1,ACTIVE,0.02972257399960654
2026-09-18T07:10:04.640+07:00,40.08117367500017,4.2_25rpm,25.0,25.0,0,2026-09-18T07:09:27.555+07:00,3.000079473998994,24.8,24.8,24.8,0.1999999999999993,0.1999999999999993,42.1,ACTIVE,0.03137768000124197
2026-09-18T07:10:04.663+07:00,40.10636662300021,4.2_25rpm,25.0,25.0,0,2026-09-18T07:09:27.555+07:00,3.000079473998994,24.8,25.333333333333332,25.066666666666666,0.1999999999999993,-0.33333333333333215,42.1,ACTIVE,0.025192948000039905
2026-09-18T07:10:04.689+07:00,40.1330292319999,4.2_25rpm,25.0,25.0,0,2026-09-18T07:09:27.555+07:00,3.000079473998994,24.8,27.333333333333332,26.066666666666666,0.1999999999999993,-2.333333333333332,42.1,ACTIVE,0.0266626089996862
2026-09-18T07:10:04.736+07:00,40.174770509000155,4.2_25rpm,25.0,25.0,0,2026-09-18T07:09:27.555+07:00,3.000079473998994,24.8,27.666666666666668,26.233333333333334,0.1999999999999993,-2.666666666666668,42.1,ACTIVE,0.04174127700025565
2026-09-18T07:10:04.758+07:00,40.20154256099886,4.2_25rpm,25.0,25.0,0,2026-09-18T07:09:27.555+07:00,3.000079473998994,24.8,27.466666666666665,26.133333333333333,0.1999999999999993,-2.466666666666665,42.1,ACTIVE,0.026772051998705138
2026-09-18T07:10:04.786+07:00,40.22939533799945,4.2_25rpm,25.0,25.0,0,2026-09-18T07:09:27.555+07:00,3.000079473998994,24.8,25.8,25.3,0.1999999999999993,-0.8000000000000007,42.1,ACTIVE,0.027852777000589413
2026-09-18T07:10:04.812+07:00,40.25528852400021,4.2_25rpm,25.0,25.0,0,2026-09-18T07:09:27.555+07:00,3.000079473998994,0.0,25.266666666666666,12.633333333333333,25.0,-0.2666666666666657,42.1,ACTIVE,0.02589318600075785
2026-09-18T07:10:04.846+07:00,40.28877126899897,4.2_25rpm,25.0,25.0,0,2026-09-18T07:09:27.555+07:00,3.000079473998994,0.0,25.666666666666668,12.833333333333334,25.0,-0.6666666666666679,42.1,ACTIVE,0.03348274499876425
2026-09-18T07:10:04.869+07:00,40.31126669199875,4.2_25rpm,25.0,25.0,0,2026-09-18T07:09:27.555+07:00,3.000079473998994,0.0,25.466666666666665,12.733333333333333,25.0,-0.466666666666665,42.1,ACTIVE,0.022495422999782022
2026-09-18T07:10:04.894+07:00,40.33753482999964,4.2_25rpm,25.0,25.0,0,2026-09-18T07:09:27.555+07:00,3.000079473998994,4.066666666666666,24.8,14.433333333333334,20.933333333333334,0.1999999999999993,42.1,ACTIVE,0.02626813800088712
2026-09-18T07:10:04.925+07:00,40.36843825899996,4.2_25rpm,25.0,25.0,0,2026-09-18T07:09:27.555+07:00,3.000079473998994,4.0,24.066666666666666,14.033333333333333,21.0,0.9333333333333336,42.1,ACTIVE,0.030903429000318283
2026-09-18T07:10:04.976+07:00,40.414077374000044,4.2_25rpm,25.0,25.0,0,2026-09-18T07:09:27.555+07:00,3.000079473998994,3.8666666666666667,22.8,13.333333333333334,21.133333333333333,2.1999999999999993,42.1,ACTIVE,0.04563911500008544
2026-09-18T07:10:05.009+07:00,40.44600415199966,4.2_25rpm,25.0,25.0,0,2026-09-18T07:09:27.555+07:00,3.000079473998994,3.8,21.8,12.8,21.2,3.1999999999999993,42.1,ACTIVE,0.0319267779996153
2026-09-18T07:10:05.029+07:00,40.47000769999977,4.2_25rpm,25.0,25.0,0,2026-09-18T07:09:27.555+07:00,3.000079473998994,15.533333333333333,22.2,18.866666666666667,9.466666666666667,2.8000000000000007,42.1,ACTIVE,0.02400354800010973
2026-09-18T07:10:05.056+07:00,40.49873627099987,4.2_25rpm,25.0,25.0,0,2026-09-18T07:09:27.555+07:00,3.000079473998994,17.4,22.266666666666666,19.833333333333332,7.600000000000001,2.7333333333333343,42.1,ACTIVE,0.02872857100010151
2026-09-18T07:10:05.087+07:00,40.53006284499861,4.2_25rpm,25.0,25.0,0,2026-09-18T07:09:27.555+07:00,3.000079473998994,18.2,22.933333333333334,20.566666666666666,6.800000000000001,2.0666666666666664,42.1,ACTIVE,0.03132657399874006
2026-09-18T07:10:05.112+07:00,40.55510347000018,4.2_25rpm,25.0,25.0,0,2026-09-18T07:09:27.555+07:00,3.000079473998994,18.2,25.466666666666665,21.833333333333332,6.800000000000001,-0.466666666666665,42.1,ACTIVE,0.025040625001565786
2026-09-18T07:10:05.139+07:00,40.58097396799894,4.2_25rpm,25.0,25.0,0,2026-09-18T07:09:27.555+07:00,3.000079473998994,18.8,26.8,22.8,6.199999999999999,-1.8000000000000007,42.1,ACTIVE,0.02587049799876695
2026-09-18T07:10:05.184+07:00,40.62750522799979,4.2_25rpm,25.0,25.0,0,2026-09-18T07:09:27.555+07:00,3.000079473998994,19.666666666666668,28.066666666666666,23.866666666666667,5.333333333333332,-3.0666666666666664,42.1,ACTIVE,0.046531260000847396
2026-09-18T07:10:05.210+07:00,40.65289232400028,4.2_25rpm,25.0,25.0,0,2026-09-18T07:09:27.555+07:00,3.000079473998994,19.666666666666668,28.133333333333333,23.9,5.333333333333332,-3.133333333333333,42.1,ACTIVE,0.025387096000486054
2026-09-18T07:10:05.236+07:00,40.678237467000145,4.2_25rpm,25.0,25.0,0,2026-09-18T07:09:27.555+07:00,3.000079473998994,19.666666666666668,28.133333333333333,23.9,5.333333333333332,-3.133333333333333,42.1,ACTIVE,0.025345142999867676
2026-09-18T07:10:05.263+07:00,40.70590342399919,4.2_25rpm,25.0,25.0,0,2026-09-18T07:09:27.555+07:00,3.000079473998994,19.666666666666668,27.066666666666666,23.366666666666667,5.333333333333332,-2.0666666666666664,42.1,ACTIVE,0.027665956999044283
2026-09-18T07:10:05.293+07:00,40.73277813399909,4.2_25rpm,25.0,25.0,0,2026-09-18T07:09:27.555+07:00,3.000079473998994,19.666666666666668,26.133333333333333,22.9,5.333333333333332,-1.1333333333333329,42.1,ACTIVE,0.026874709999901825
2026-09-18T07:10:05.317+07:00,40.75998152200009,4.2_25rpm,25.0,25.0,0,2026-09-18T07:09:27.555+07:00,3.000079473998994,19.666666666666668,26.0,22.833333333333336,5.333333333333332,-1.0,42.1,ACTIVE,0.02720338800099853
2026-09-18T07:10:05.346+07:00,40.78865537099955,4.2_25rpm,25.0,25.0,0,2026-09-18T07:09:27.555+07:00,3.000079473998994,19.666666666666668,25.2,22.433333333333334,5.333333333333332,-0.1999999999999993,42.1,ACTIVE,0.02867384899946046
2026-09-18T07:10:05.376+07:00,40.819239242999174,4.2_25rpm,25.0,25.0,0,2026-09-18T07:09:27.555+07:00,3.000079473998994,19.666666666666668,23.866666666666667,21.766666666666666,5.333333333333332,1.1333333333333329,42.1,ACTIVE,0.030583871999624535
2026-09-18T07:10:05.405+07:00,40.84843281400026,4.2_25rpm,25.0,25.0,0,2026-09-18T07:09:27.555+07:00,3.000079473998994,19.666666666666668,23.266666666666666,21.46666666666667,5.333333333333332,1.7333333333333343,42.1,ACTIVE,0.029193571001087548
2026-09-18T07:10:05.451+07:00,40.89403755999956,4.2_25rpm,25.0,25.0,0,2026-09-18T07:09:27.555+07:00,3.000079473998994,19.666666666666668,22.4,21.03333333333333,5.333333333333332,2.6000000000000014,42.1,ACTIVE,0.04560474599929876
2026-09-18T07:10:05.478+07:00,40.92098551900017,4.2_25rpm,25.0,25.0,0,2026-09-18T07:09:27.555+07:00,3.000079473998994,19.666666666666668,22.066666666666666,20.866666666666667,5.333333333333332,2.9333333333333336,42.1,ACTIVE,0.026947959000608535
2026-09-18T07:10:05.513+07:00,40.95487227199919,4.2_25rpm,25.0,25.0,0,2026-09-18T07:09:27.555+07:00,3.000079473998994,19.666666666666668,23.266666666666666,21.46666666666667,5.333333333333332,1.7333333333333343,42.1,ACTIVE,0.033886752999023884
2026-09-18T07:10:05.534+07:00,40.97696026199992,4.2_25rpm,25.0,25.0,0,2026-09-18T07:09:27.555+07:00,3.000079473998994,19.666666666666668,25.066666666666666,22.366666666666667,5.333333333333332,-0.06666666666666643,42.1,ACTIVE,0.022087990000727586
2026-09-18T07:10:05.561+07:00,41.00402540799951,4.2_25rpm,25.0,25.0,0,2026-09-18T07:09:27.555+07:00,3.000079473998994,19.666666666666668,26.266666666666666,22.96666666666667,5.333333333333332,-1.2666666666666657,42.1,ACTIVE,0.027065145999586093
2026-09-18T07:10:05.590+07:00,41.032735705999585,4.2_25rpm,25.0,25.0,0,2026-09-18T07:09:27.555+07:00,3.000079473998994,19.666666666666668,26.266666666666666,22.96666666666667,5.333333333333332,-1.2666666666666657,42.1,ACTIVE,0.028710298000078183
2026-09-18T07:10:05.621+07:00,41.06378051399952,4.2_25rpm,25.0,25.0,0,2026-09-18T07:09:27.555+07:00,3.000079473998994,19.666666666666668,26.6,23.133333333333333,5.333333333333332,-1.6000000000000014,42.1,ACTIVE,0.031044807999933255
2026-09-18T07:10:05.650+07:00,41.09279152199997,4.2_25rpm,25.0,25.0,0,2026-09-18T07:09:27.555+07:00,3.000079473998994,19.666666666666668,26.933333333333334,23.3,5.333333333333332,-1.9333333333333336,42.1,ACTIVE,0.02901100800045242
2026-09-18T07:10:05.689+07:00,41.1307258429988,4.2_25rpm,25.0,25.0,0,2026-09-18T07:09:27.555+07:00,3.000079473998994,0.0,26.6,13.3,25.0,-1.6000000000000014,42.1,ACTIVE,0.03793432099882921
2026-09-18T07:10:05.709+07:00,41.15275415299948,4.2_25rpm,25.0,25.0,0,2026-09-18T07:09:27.555+07:00,3.000079473998994,4.0,26.133333333333333,15.066666666666666,21.0,-1.1333333333333329,42.1,ACTIVE,0.022028310000678175
2026-09-18T07:10:05.737+07:00,41.18062337799893,4.2_25rpm,25.0,25.0,0,2026-09-18T07:09:27.555+07:00,3.000079473998994,4.0,25.866666666666667,14.933333333333334,21.0,-0.8666666666666671,42.1,ACTIVE,0.027869224999449216
2026-09-18T07:10:05.779+07:00,41.21115067199935,4.2_25rpm,25.0,25.0,0,2026-09-18T07:09:27.555+07:00,3.000079473998994,4.0,25.066666666666666,14.533333333333333,21.0,-0.06666666666666643,42.1,ACTIVE,0.030527294000421534
2026-09-18T07:10:05.811+07:00,41.25437633099864,4.2_25rpm,25.0,25.0,0,2026-09-18T07:09:27.555+07:00,3.000079473998994,4.0,25.066666666666666,14.533333333333333,21.0,-0.06666666666666643,42.1,ACTIVE,0.04322565899929032
2026-09-18T07:10:05.837+07:00,41.2799719429986,4.2_25rpm,25.0,25.0,0,2026-09-18T07:09:27.555+07:00,3.000079473998994,4.0,24.4,14.2,21.0,0.6000000000000014,42.1,ACTIVE,0.025595611999960965
2026-09-18T07:10:05.865+07:00,41.30862697599878,4.2_25rpm,25.0,25.0,0,2026-09-18T07:09:27.555+07:00,3.000079473998994,4.0,24.133333333333333,14.066666666666666,21.0,0.8666666666666671,42.1,ACTIVE,0.028655033000177355
2026-09-18T07:10:05.892+07:00,41.33479575199999,4.2_25rpm,25.0,25.0,0,2026-09-18T07:09:27.555+07:00,3.000079473998994,4.0,24.8,14.4,21.0,0.1999999999999993,42.1,ACTIVE,0.0261687760012137
2026-09-18T07:10:05.933+07:00,41.3763519690001,4.2_25rpm,25.0,25.0,0,2026-09-18T07:09:27.555+07:00,3.000079473998994,4.0,25.133333333333333,14.566666666666666,21.0,-0.13333333333333286,42.1,ACTIVE,0.0415562170001067
2026-09-18T07:10:05.956+07:00,41.39933517699865,4.2_25rpm,25.0,25.0,0,2026-09-18T07:09:27.555+07:00,3.000079473998994,3.066666666666667,26.4,14.733333333333333,21.933333333333334,-1.3999999999999986,42.1,ACTIVE,0.022983207998549915
2026-09-18T07:10:05.984+07:00,41.427662938998765,4.2_25rpm,25.0,25.0,0,2026-09-18T07:09:27.555+07:00,3.000079473998994,3.066666666666667,25.733333333333334,14.4,21.933333333333334,-0.7333333333333343,42.1,ACTIVE,0.028327762000117218
2026-09-18T07:10:06.011+07:00,41.45328891999998,4.2_25rpm,25.0,25.0,0,2026-09-18T07:09:27.555+07:00,3.000079473998994,3.066666666666667,24.066666666666666,13.566666666666666,21.933333333333334,0.9333333333333336,42.1,ACTIVE,0.025625981001212494
2026-09-18T07:10:06.037+07:00,41.48016362999988,4.2_25rpm,25.0,25.0,0,2026-09-18T07:09:27.555+07:00,3.000079473998994,3.066666666666667,24.066666666666666,13.566666666666666,21.933333333333334,0.9333333333333336,42.1,ACTIVE,0.026874709999901825
2026-09-18T07:10:06.066+07:00,41.50900176999858,4.2_25rpm,25.0,25.0,0,2026-09-18T07:09:27.555+07:00,3.000079473998994,2.8666666666666667,22.733333333333334,12.8,22.133333333333333,2.2666666666666657,42.1,ACTIVE,0.028838139998697443
2026-09-18T07:10:06.094+07:00,41.537128600999495,4.2_25rpm,25.0,25.0,0,2026-09-18T07:09:27.555+07:00,3.000079473998994,2.8,20.933333333333334,11.866666666666667,22.2,4.066666666666666,42.1,ACTIVE,0.028126831000918173
2026-09-18T07:10:06.125+07:00,41.56739144199855,4.2_25rpm,25.0,25.0,0,2026-09-18T07:09:27.555+07:00,3.000079473998994,5.8,20.6,13.200000000000001,19.2,4.399999999999999,42.1,ACTIVE,0.030262840999057516
2026-09-18T07:10:06.170+07:00,41.61308665300021,4.2_25rpm,25.0,25.0,0,2026-09-18T07:09:27.555+07:00,3.000079473998994,15.933333333333334,23.333333333333332,19.633333333333333,9.066666666666666,1.6666666666666679,42.1,ACTIVE,0.0456952110016573
2026-09-18T07:10:06.195+07:00,41.63773139799923,4.2_25rpm,25.0,25.0,0,2026-09-18T07:09:27.555+07:00,3.000079473998994,28.533333333333335,24.0,26.266666666666666,-3.533333333333335,1.0,42.1,ACTIVE,0.024644744999022805
2026-09-18T07:10:06.223+07:00,41.665878676998545,4.2_25rpm,25.0,25.0,0,2026-09-18T07:09:27.555+07:00,3.000079473998994,30.466666666666665,24.8,27.633333333333333,-5.466666666666665,0.1999999999999993,42.1,ACTIVE,0.02814727899931313
2026-09-18T07:10:06.250+07:00,41.693141649999234,4.2_25rpm,25.0,25.0,0,2026-09-18T07:09:27.555+07:00,3.000079473998994,29.4,23.666666666666668,26.53333333333333,-4.399999999999999,1.3333333333333321,42.1,ACTIVE,0.027262973000688362
2026-09-18T07:10:06.283+07:00,41.72383496299881,4.2_25rpm,25.0,25.0,0,2026-09-18T07:09:27.555+07:00,3.000079473998994,27.866666666666667,23.066666666666666,25.46666666666667,-2.866666666666667,1.9333333333333336,42.1,ACTIVE,0.03069331299957412
2026-09-18T07:10:06.309+07:00,41.749910904998615,4.2_25rpm,25.0,25.0,0,2026-09-18T07:09:27.555+07:00,3.000079473998994,27.866666666666667,23.933333333333334,25.9,-2.866666666666667,1.0666666666666664,42.1,ACTIVE,0.026075941999806673
2026-09-18T07:10:06.345+07:00,41.787309247998564,4.2_25rpm,25.0,25.0,0,2026-09-18T07:09:27.555+07:00,3.000079473998994,21.666666666666668,23.533333333333335,22.6,3.333333333333332,1.466666666666665,42.1,ACTIVE,0.03739834299994982
2026-09-18T07:10:06.366+07:00,41.8075662579995,4.2_25rpm,25.0,25.0,0,2026-09-18T07:09:27.555+07:00,3.000079473998994,21.666666666666668,23.933333333333334,22.8,3.333333333333332,1.0666666666666664,42.1,ACTIVE,0.020257010000932496
2026-09-18T07:10:06.400+07:00,41.83860725799968,4.2_25rpm,25.0,25.0,0,2026-09-18T07:09:27.555+07:00,3.000079473998994,21.666666666666668,25.133333333333333,23.4,3.333333333333332,-0.13333333333333286,42.1,ACTIVE,0.031041000000186614
2026-09-18T07:10:06.423+07:00,41.866506403999665,4.2_25rpm,25.0,25.0,0,2026-09-18T07:09:27.555+07:00,3.000079473998994,21.666666666666668,24.8,23.233333333333334,3.333333333333332,0.1999999999999993,42.1,ACTIVE,0.027899145999981556
2026-09-18T07:10:06.470+07:00,41.913450439998996,4.2_25rpm,25.0,25.0,0,2026-09-18T07:09:27.555+07:00,3.000079473998994,21.666666666666668,25.133333333333333,23.4,3.333333333333332,-0.13333333333333286,42.1,ACTIVE,0.04694403599933139
2026-09-18T07:10:06.502+07:00,41.94456564999928,4.2_25rpm,25.0,25.0,0,2026-09-18T07:09:27.555+07:00,3.000079473998994,21.666666666666668,24.466666666666665,23.066666666666666,3.333333333333332,0.533333333333335,42.1,ACTIVE,0.031115210000280058
2026-09-18T07:10:06.525+07:00,41.96894514199994,4.2_25rpm,25.0,25.0,0,2026-09-18T07:09:27.555+07:00,3.000079473998994,21.666666666666668,23.8,22.733333333333334,3.333333333333332,1.1999999999999993,42.1,ACTIVE,0.02437949200066214
2026-09-18T07:10:06.553+07:00,41.996934368999064,4.2_25rpm,25.0,25.0,0,2026-09-18T07:09:27.555+07:00,3.000079473998994,21.666666666666668,23.933333333333334,22.8,3.333333333333332,1.0666666666666664,42.1,ACTIVE,0.027989226999125094
2026-09-18T07:10:06.586+07:00,42.02718661799918,4.2_25rpm,25.0,25.0,0,2026-09-18T07:09:27.555+07:00,3.000079473998994,21.666666666666668,22.933333333333334,22.3,3.333333333333332,2.0666666666666664,42.1,ACTIVE,0.030252249000113807
2026-09-18T07:10:06.611+07:00,42.05363690299964,4.2_25rpm,25.0,25.0,0,2026-09-18T07:09:27.555+07:00,3.000079473998994,21.666666666666668,22.933333333333334,22.3,3.333333333333332,2.0666666666666664,42.1,ACTIVE,0.026450285000464646
2026-09-18T07:10:06.637+07:00,42.07949466399987,4.2_25rpm,25.0,25.0,0,2026-09-18T07:09:27.555+07:00,3.000079473998994,21.666666666666668,21.866666666666667,21.766666666666666,3.333333333333332,3.133333333333333,42.1,ACTIVE,0.025857761000224855
2026-09-18T07:10:06.680+07:00,42.122880965998775,4.2_25rpm,25.0,25.0,0,2026-09-18T07:09:27.555+07:00,3.000079473998994,21.666666666666668,22.533333333333335,22.1,3.333333333333332,2.466666666666665,42.1,ACTIVE,0.043386301998907584
2026-09-18T07:10:06.711+07:00,42.15213223399951,4.2_25rpm,25.0,25.0,0,2026-09-18T07:09:27.555+07:00,3.000079473998994,21.666666666666668,22.733333333333334,22.200000000000003,3.333333333333332,2.2666666666666657,42.1,ACTIVE,0.029251268000734854
2026-09-18T07:10:06.742+07:00,42.181182794998676,4.2_25rpm,25.0,25.0,0,2026-09-18T07:09:27.555+07:00,3.000079473998994,21.666666666666668,24.4,23.03333333333333,3.333333333333332,0.6000000000000014,42.1,ACTIVE,0.02905056099916692
2026-09-18T07:10:06.767+07:00,42.21064309199937,4.2_25rpm,25.0,25.0,0,2026-09-18T07:09:27.555+07:00,3.000079473998994,21.666666666666668,24.466666666666665,23.066666666666666,3.333333333333332,0.533333333333335,42.1,ACTIVE,0.0294602970006963
2026-09-18T07:10:06.792+07:00,42.23503784799868,4.2_25rpm,25.0,25.0,0,2026-09-18T07:09:27.555+07:00,3.000079473998994,21.666666666666668,24.933333333333334,23.3,3.333333333333332,0.06666666666666643,42.1,ACTIVE,0.02439475599931029
2026-09-18T07:10:06.842+07:00,42.278482486999565,4.2_25rpm,25.0,25.0,0,2026-09-18T07:09:27.555+07:00,3.000079473998994,0.0,26.066666666666666,13.033333333333333,25.0,-1.0666666666666664,42.1,ACTIVE,0.04344463900088158
2026-09-18T07:10:06.861+07:00,42.303923343999486,4.2_25rpm,25.0,25.0,0,2026-09-18T07:09:27.555+07:00,3.000079473998994,0.0,25.666666666666668,12.833333333333334,25.0,-0.6666666666666679,42.1,ACTIVE,0.02544085699992138
2026-09-18T07:10:06.891+07:00,42.33355461999963,4.2_25rpm,25.0,25.0,0,2026-09-18T07:09:27.555+07:00,3.000079473998994,0.0,25.533333333333335,12.766666666666667,25.0,-0.533333333333335,42.1,ACTIVE,0.02963127600014559
2026-09-18T07:10:06.918+07:00,42.36130627499915,4.2_25rpm,25.0,25.0,0,2026-09-18T07:09:27.555+07:00,3.000079473998994,0.0,24.2,12.1,25.0,0.8000000000000007,42.1,ACTIVE,0.027751654999519815
2026-09-18T07:10:06.947+07:00,42.390564968000035,4.2_25rpm,25.0,25.0,0,2026-09-18T07:09:27.555+07:00,3.000079473998994,0.0,22.6,11.3,25.0,2.3999999999999986,42.1,ACTIVE,0.029258693000883795
2026-09-18T07:10:06.975+07:00,42.417494911000176,4.2_25rpm,25.0,25.0,0,2026-09-18T07:09:27.555+07:00,3.000079473998994,3.6,22.0,12.8,21.4,3.0,42.1,ACTIVE,0.026929943000141066
2026-09-18T07:10:07.006+07:00,42.44572814299863,4.2_25rpm,25.0,25.0,0,2026-09-18T07:09:27.555+07:00,3.000079473998994,3.6,22.0,12.8,21.4,3.0,42.1,ACTIVE,0.028233231998456176
2026-09-18T07:10:07.041+07:00,42.47093328399933,4.2_25rpm,25.0,25.0,0,2026-09-18T07:09:27.555+07:00,3.000079473998994,3.466666666666667,20.933333333333334,12.2,21.53333333333333,4.066666666666666,42.1,ACTIVE,0.02520514100069704
2026-09-18T07:10:07.076+07:00,42.51926531499885,4.2_25rpm,25.0,25.0,0,2026-09-18T07:09:27.555+07:00,3.000079473998994,3.4,21.0,12.2,21.6,4.0,42.1,ACTIVE,0.04833203099951788
2026-09-18T07:10:07.106+07:00,42.54769391099944,4.2_25rpm,25.0,25.0,0,2026-09-18T07:09:27.555+07:00,3.000079473998994,13.666666666666666,21.333333333333332,17.5,11.333333333333334,3.666666666666668,42.1,ACTIVE,0.028428596000594553
2026-09-18T07:10:07.129+07:00,42.57120938600019,4.2_25rpm,25.0,25.0,0,2026-09-18T07:09:27.555+07:00,3.000079473998994,15.6,21.466666666666665,18.53333333333333,9.4,3.533333333333335,42.1,ACTIVE,0.023515475000749575
2026-09-18T07:10:07.157+07:00,42.599517147998995,4.2_25rpm,25.0,25.0,0,2026-09-18T07:09:27.555+07:00,3.000079473998994,17.866666666666667,23.066666666666666,20.46666666666667,7.133333333333333,1.9333333333333336,42.1,ACTIVE,0.02830776199880347
2026-09-18T07:10:07.186+07:00,42.62856588499926,4.2_25rpm,25.0,25.0,0,2026-09-18T07:09:27.555+07:00,3.000079473998994,20.933333333333334,23.333333333333332,22.133333333333333,4.066666666666666,1.6666666666666679,42.1,ACTIVE,0.029048737000266556
2026-09-18T07:10:07.209+07:00,42.652860831,4.2_25rpm,25.0,25.0,0,2026-09-18T07:09:27.555+07:00,3.000079473998994,24.066666666666666,24.066666666666666,24.066666666666666,0.9333333333333336,0.9333333333333336,42.1,ACTIVE,0.024294946000736672
2026-09-18T07:10:07.244+07:00,42.68595524800003,4.2_25rpm,25.0,25.0,0,2026-09-18T07:09:27.555+07:00,3.000079473998994,21.066666666666666,26.333333333333332,23.7,3.9333333333333336,-1.3333333333333321,42.1,ACTIVE,0.03309441700002935
2026-09-18T07:10:07.275+07:00,42.71751721799956,4.2_25rpm,25.0,25.0,0,2026-09-18T07:09:27.555+07:00,3.000079473998994,21.066666666666666,26.6,23.833333333333336,3.9333333333333336,-1.6000000000000014,42.1,ACTIVE,0.03156196999952954
2026-09-18T07:10:07.301+07:00,42.744532634998905,4.2_25rpm,25.0,25.0,0,2026-09-18T07:09:27.555+07:00,3.000079473998994,17.533333333333335,26.466666666666665,22.0,7.466666666666665,-1.466666666666665,42.1,ACTIVE,0.027015416999347508
2026-09-18T07:10:07.343+07:00,42.770799107998755,4.2_25rpm,25.0,25.0,0,2026-09-18T07:09:27.555+07:00,3.000079473998994,17.533333333333335,26.533333333333335,22.033333333333335,7.466666666666665,-1.533333333333335,42.1,ACTIVE,0.02626647299985052
2026-09-18T07:10:07.376+07:00,42.819306919000155,4.2_25rpm,25.0,25.0,0,2026-09-18T07:09:27.555+07:00,3.000079473998994,13.133333333333333,24.8,18.96666666666667,11.866666666666667,0.1999999999999993,42.1,ACTIVE,0.048507811001400114
2026-09-18T07:10:07.404+07:00,42.8471947679991,4.2_25rpm,25.0,25.0,0,2026-09-18T07:09:27.555+07:00,3.000079473998994,13.133333333333333,25.466666666666665,19.299999999999997,11.866666666666667,-0.466666666666665,42.1,ACTIVE,0.02788784899894381
2026-09-18T07:10:07.437+07:00,42.87286410999877,4.2_25rpm,25.0,25.0,0,2026-09-18T07:09:27.555+07:00,3.000079473998994,13.133333333333333,25.2,19.166666666666664,11.866666666666667,-0.1999999999999993,42.1,ACTIVE,0.025669341999673634
2026-09-18T07:10:07.481+07:00,42.91949562799891,4.2_25rpm,25.0,25.0,0,2026-09-18T07:09:27.555+07:00,3.000079473998994,13.133333333333333,24.066666666666666,18.6,11.866666666666667,0.9333333333333336,42.1,ACTIVE,0.046631518000140204
2026-09-18T07:10:07.510+07:00,42.953430828998535,4.2_25rpm,25.0,25.0,0,2026-09-18T07:09:27.555+07:00,3.000079473998994,13.133333333333333,22.933333333333334,18.03333333333333,11.866666666666667,2.0666666666666664,42.1,ACTIVE,0.033935200999621884
2026-09-18T07:10:07.532+07:00,42.97381980999853,4.2_25rpm,25.0,25.0,0,2026-09-18T07:09:27.555+07:00,3.000079473998994,13.133333333333333,22.266666666666666,17.7,11.866666666666667,2.7333333333333343,42.1,ACTIVE,0.02038898099999642
2026-09-18T07:10:07.557+07:00,42.99964822699985,4.2_25rpm,25.0,25.0,0,2026-09-18T07:09:27.555+07:00,3.000079473998994,13.133333333333333,23.466666666666665,18.299999999999997,11.866666666666667,1.533333333333335,42.1,ACTIVE,0.025828417001321213
2026-09-18T07:10:07.586+07:00,43.02832815599868,4.2_25rpm,25.0,25.0,0,2026-09-18T07:09:27.555+07:00,3.000079473998994,13.133333333333333,23.533333333333335,18.333333333333336,11.866666666666667,1.466666666666665,42.1,ACTIVE,0.028679928998826654
2026-09-18T07:10:07.611+07:00,43.0541274520001,4.2_25rpm,25.0,25.0,0,2026-09-18T07:09:27.555+07:00,3.000079473998994,13.133333333333333,23.533333333333335,18.333333333333336,11.866666666666667,1.466666666666665,42.1,ACTIVE,0.0257992960014235
2026-09-18T07:10:07.638+07:00,43.08081857399884,4.2_25rpm,25.0,25.0,0,2026-09-18T07:09:27.555+07:00,3.000079473998994,13.133333333333333,25.0,19.066666666666666,11.866666666666667,0.0,42.1,ACTIVE,0.0266911219987378
2026-09-18T07:10:07.667+07:00,43.10668465500021,4.2_25rpm,25.0,25.0,0,2026-09-18T07:09:27.555+07:00,3.000079473998994,13.133333333333333,24.8,18.96666666666667,11.866666666666667,0.1999999999999993,42.1,ACTIVE,0.025866081001368002
2026-09-18T07:10:07.692+07:00,43.13427192299969,4.2_25rpm,25.0,25.0,0,2026-09-18T07:09:27.555+07:00,3.000079473998994,13.133333333333333,25.066666666666666,19.1,11.866666666666667,-0.06666666666666643,42.1,ACTIVE,0.02758726799947908
2026-09-18T07:10:07.717+07:00,43.16045413899883,4.2_25rpm,25.0,25.0,0,2026-09-18T07:09:27.555+07:00,3.000079473998994,13.133333333333333,26.0,19.566666666666666,11.866666666666667,-1.0,42.1,ACTIVE,0.0261822159991425
2026-09-18T07:10:07.746+07:00,43.18860365799992,4.2_25rpm,25.0,25.0,0,2026-09-18T07:09:27.555+07:00,3.000079473998994,13.133333333333333,25.733333333333334,19.433333333333334,11.866666666666667,-0.7333333333333343,42.1,ACTIVE,0.028149519001090084
2026-09-18T07:10:07.775+07:00,43.21791806299916,4.2_25rpm,25.0,25.0,0,2026-09-18T07:09:27.555+07:00,3.000079473998994,13.133333333333333,25.4,19.266666666666666,11.866666666666667,-0.3999999999999986,42.1,ACTIVE,0.02931440499924065
2026-09-18T07:10:07.803+07:00,43.24574549599856,4.2_25rpm,25.0,25.0,0,2026-09-18T07:09:27.555+07:00,3.000079473998994,13.133333333333333,25.8,19.46666666666667,11.866666666666667,-0.8000000000000007,42.1,ACTIVE,0.027827432999401935
2026-09-18T07:10:07.833+07:00,43.276687325998864,4.2_25rpm,25.0,25.0,0,2026-09-18T07:09:27.555+07:00,3.000079473998994,13.133333333333333,25.466666666666665,19.299999999999997,11.866666666666667,-0.466666666666665,42.1,ACTIVE,0.030941830000301707
2026-09-18T07:10:07.882+07:00,43.32435668799917,4.2_25rpm,25.0,25.0,0,2026-09-18T07:09:27.555+07:00,3.000079473998994,0.0,26.333333333333332,13.166666666666666,25.0,-1.3333333333333321,42.1,ACTIVE,0.04766936200030614
2026-09-18T07:10:07.911+07:00,43.35339105699859,4.2_25rpm,25.0,25.0,0,2026-09-18T07:09:27.555+07:00,3.000079473998994,0.0,26.133333333333333,13.066666666666666,25.0,-1.1333333333333329,42.1,ACTIVE,0.029034368999418803
2026-09-18T07:10:07.941+07:00,43.381156823999845,4.2_25rpm,25.0,25.0,0,2026-09-18T07:09:27.555+07:00,3.000079473998994,0.0,25.533333333333335,12.766666666666667,25.0,-0.533333333333335,42.1,ACTIVE,0.02776576700125588
2026-09-18T07:10:07.967+07:00,43.41076285099916,4.2_25rpm,25.0,25.0,0,2026-09-18T07:09:27.555+07:00,3.000079473998994,0.0,25.6,12.8,25.0,-0.6000000000000014,42.1,ACTIVE,0.02960602699931769
2026-09-18T07:10:07.992+07:00,43.43520692099992,4.2_25rpm,25.0,25.0,0,2026-09-18T07:09:27.555+07:00,3.000079473998994,3.4,24.8,14.1,21.6,0.1999999999999993,42.1,ACTIVE,0.024444070000754436
2026-09-18T07:10:08.019+07:00,43.46215884799858,4.2_25rpm,25.0,25.0,0,2026-09-18T07:09:27.555+07:00,3.000079473998994,3.4,24.4,13.899999999999999,21.6,0.6000000000000014,42.1,ACTIVE,0.02695192699866311
2026-09-18T07:10:08.047+07:00,43.489977768000244,4.2_25rpm,25.0,25.0,0,2026-09-18T07:09:27.555+07:00,3.000079473998994,3.4,25.066666666666666,14.233333333333333,21.6,-0.06666666666666643,42.1,ACTIVE,0.027818920001664083
2026-09-18T07:10:08.076+07:00,43.51793262699903,4.2_25rpm,25.0,25.0,0,2026-09-18T07:09:27.555+07:00,3.000079473998994,3.4,25.133333333333333,14.266666666666666,21.6,-0.13333333333333286,42.1,ACTIVE,0.027954858998782584
2026-09-18T07:10:08.118+07:00,43.56104032999974,4.2_25rpm,25.0,25.0,0,2026-09-18T07:09:27.555+07:00,3.000079473998994,13.866666666666667,25.466666666666665,19.666666666666664,11.133333333333333,-0.466666666666665,42.1,ACTIVE,0.04310770300071454
2026-09-18T07:10:08.145+07:00,43.587629785999525,4.2_25rpm,25.0,25.0,0,2026-09-18T07:09:27.555+07:00,3.000079473998994,15.866666666666667,25.133333333333333,20.5,9.133333333333333,-0.13333333333333286,42.1,ACTIVE,0.02658945599978324
2026-09-18T07:10:08.188+07:00,43.630924052999035,4.2_25rpm,25.0,25.0,0,2026-09-18T07:09:27.555+07:00,3.000079473998994,22.066666666666666,25.666666666666668,23.866666666666667,2.9333333333333336,-0.6666666666666679,42.1,ACTIVE,0.04329426699951
2026-09-18T07:10:08.213+07:00,43.65643348699996,4.2_25rpm,25.0,25.0,0,2026-09-18T07:09:27.555+07:00,3.000079473998994,25.666666666666668,25.666666666666668,25.666666666666668,-0.6666666666666679,-0.6666666666666679,42.1,ACTIVE,0.025509434000923648
2026-09-18T07:10:08.241+07:00,43.683970033998776,4.2_25rpm,25.0,25.0,0,2026-09-18T07:09:27.555+07:00,3.000079473998994,25.666666666666668,25.666666666666668,25.666666666666668,-0.6666666666666679,-0.6666666666666679,42.1,ACTIVE,0.027536546998817357
2026-09-18T07:10:08.266+07:00,43.70972651299962,4.2_25rpm,25.0,25.0,0,2026-09-18T07:09:27.555+07:00,3.000079473998994,22.4,25.0,23.7,2.6000000000000014,0.0,42.1,ACTIVE,0.02575647900084732
2026-09-18T07:10:08.294+07:00,43.73753884100006,4.2_25rpm,25.0,25.0,0,2026-09-18T07:09:27.555+07:00,3.000079473998994,22.4,24.466666666666665,23.43333333333333,2.6000000000000014,0.533333333333335,42.1,ACTIVE,0.027812328000436537
2026-09-18T07:10:08.322+07:00,43.76559744599945,4.2_25rpm,25.0,25.0,0,2026-09-18T07:09:27.555+07:00,3.000079473998994,17.866666666666667,23.0,20.433333333333334,7.133333333333333,2.0,42.1,ACTIVE,0.02805860499938717
2026-09-18T07:10:08.350+07:00,43.79400754599919,4.2_25rpm,25.0,25.0,0,2026-09-18T07:09:27.555+07:00,3.000079473998994,17.866666666666667,22.2,20.03333333333333,7.133333333333333,2.8000000000000007,42.1,ACTIVE,0.028410099999746308
2026-09-18T07:10:08.388+07:00,43.81967960699876,4.2_25rpm,25.0,25.0,0,2026-09-18T07:09:27.555+07:00,3.000079473998994,17.866666666666667,22.866666666666667,20.366666666666667,7.133333333333333,2.133333333333333,42.1,ACTIVE,0.025672060999568203
2026-09-18T07:10:08.423+07:00,43.866044368000075,4.2_25rpm,25.0,25.0,0,2026-09-18T07:09:27.555+07:00,3.000079473998994,17.866666666666667,23.4,20.633333333333333,7.133333333333333,1.6000000000000014,42.1,ACTIVE,0.04636476100131404
2026-09-18T07:10:08.453+07:00,43.896107204000145,4.2_25rpm,25.0,25.0,0,2026-09-18T07:09:27.555+07:00,3.000079473998994,17.866666666666667,24.266666666666666,21.066666666666666,7.133333333333333,0.7333333333333343,42.1,ACTIVE,0.030062836000070092
2026-09-18T07:10:08.482+07:00,43.92075697399923,4.2_25rpm,25.0,25.0,0,2026-09-18T07:09:27.555+07:00,3.000079473998994,17.866666666666667,23.8,20.833333333333336,7.133333333333333,1.1999999999999993,42.1,ACTIVE,0.024649769999086857
2026-09-18T07:10:08.508+07:00,43.94762349099983,4.2_25rpm,25.0,25.0,0,2026-09-18T07:09:27.555+07:00,3.000079473998994,17.866666666666667,24.0,20.933333333333334,7.133333333333333,1.0,42.1,ACTIVE,0.026866517000598833
2026-09-18T07:10:08.532+07:00,43.975551724999605,4.2_25rpm,25.0,25.0,0,2026-09-18T07:09:27.555+07:00,3.000079473998994,17.866666666666667,24.933333333333334,21.4,7.133333333333333,0.06666666666666643,42.1,ACTIVE,0.02792823399977351
2026-09-18T07:10:08.561+07:00,44.004040386998895,4.2_25rpm,25.0,25.0,0,2026-09-18T07:09:27.555+07:00,3.000079473998994,17.866666666666667,24.8,21.333333333333336,7.133333333333333,0.1999999999999993,42.1,ACTIVE,0.028488661999290343
2026-09-18T07:10:08.588+07:00,44.03124985499926,4.2_25rpm,25.0,25.0,0,2026-09-18T07:09:27.555+07:00,3.000079473998994,17.866666666666667,24.8,21.333333333333336,7.133333333333333,0.1999999999999993,42.1,ACTIVE,0.027209468000364723
2026-09-18T07:10:08.615+07:00,44.058096019000004,4.2_25rpm,25.0,25.0,0,2026-09-18T07:09:27.555+07:00,3.000079473998994,17.866666666666667,25.333333333333332,21.6,7.133333333333333,-0.33333333333333215,42.1,ACTIVE,0.026846164000744466
2026-09-18T07:10:08.659+07:00,44.10234092999963,4.2_25rpm,25.0,25.0,0,2026-09-18T07:09:27.555+07:00,3.000079473998994,17.866666666666667,24.266666666666666,21.066666666666666,7.133333333333333,0.7333333333333343,42.1,ACTIVE,0.044244910999623244
2026-09-18T07:10:08.686+07:00,44.129564189999655,4.2_25rpm,25.0,25.0,0,2026-09-18T07:09:27.555+07:00,3.000079473998994,17.866666666666667,25.4,21.633333333333333,7.133333333333333,-0.3999999999999986,42.1,ACTIVE,0.02722326000002795
2026-09-18T07:10:08.714+07:00,44.15706518399929,4.2_25rpm,25.0,25.0,0,2026-09-18T07:09:27.555+07:00,3.000079473998994,17.866666666666667,25.0,21.433333333333334,7.133333333333333,0.0,42.1,ACTIVE,0.027500993999638013
2026-09-18T07:10:08.748+07:00,44.19153988399921,4.2_25rpm,25.0,25.0,0,2026-09-18T07:09:27.555+07:00,3.000079473998994,17.866666666666667,25.2,21.53333333333333,7.133333333333333,-0.1999999999999993,42.1,ACTIVE,0.03447469999991881
2026-09-18T07:10:08.782+07:00,44.222631444999934,4.2_25rpm,25.0,25.0,0,2026-09-18T07:09:27.555+07:00,3.000079473998994,17.866666666666667,26.066666666666666,21.96666666666667,7.133333333333333,-1.0666666666666664,42.1,ACTIVE,0.031091561000721413
2026-09-18T07:10:08.809+07:00,44.2522184319987,4.2_25rpm,25.0,25.0,0,2026-09-18T07:09:27.555+07:00,3.000079473998994,0.0,25.133333333333333,12.566666666666666,25.0,-0.13333333333333286,42.1,ACTIVE,0.029586986998765497
2026-09-18T07:10:08.845+07:00,44.28648701599923,4.2_25rpm,25.0,25.0,0,2026-09-18T07:09:27.555+07:00,3.000079473998994,0.0,25.2,12.6,25.0,-0.1999999999999993,42.1,ACTIVE,0.03426858400052879
2026-09-18T07:10:08.869+07:00,44.30629448199943,4.2_25rpm,25.0,25.0,0,2026-09-18T07:09:27.555+07:00,3.000079473998994,0.0,26.133333333333333,13.066666666666666,25.0,-1.1333333333333329,42.1,ACTIVE,0.019807466000202112
2026-09-18T07:10:08.893+07:00,44.335712856998725,4.2_25rpm,25.0,25.0,0,2026-09-18T07:09:27.555+07:00,3.000079473998994,0.0,25.466666666666665,12.733333333333333,25.0,-0.466666666666665,42.1,ACTIVE,0.029418374999295338
2026-09-18T07:10:08.920+07:00,44.362763537999854,4.2_25rpm,25.0,25.0,0,2026-09-18T07:09:27.555+07:00,3.000079473998994,0.0,24.866666666666667,12.433333333333334,25.0,0.13333333333333286,42.1,ACTIVE,0.027050681001128396
2026-09-18T07:10:08.969+07:00,44.408559038998646,4.2_25rpm,25.0,25.0,0,2026-09-18T07:09:27.555+07:00,3.000079473998994,3.466666666666667,22.733333333333334,13.100000000000001,21.53333333333333,2.2666666666666657,42.1,ACTIVE,0.045795500998792704
2026-09-18T07:10:08.992+07:00,44.43501229999856,4.2_25rpm,25.0,25.0,0,2026-09-18T07:09:27.555+07:00,3.000079473998994,3.4,21.866666666666667,12.633333333333333,21.6,3.133333333333333,42.1,ACTIVE,0.026453260999915074
2026-09-18T07:10:09.019+07:00,44.46214234299987,4.2_25rpm,25.0,25.0,0,2026-09-18T07:09:27.555+07:00,3.000079473998994,3.3333333333333335,22.266666666666666,12.799999999999999,21.666666666666668,2.7333333333333343,42.1,ACTIVE,0.027130043001307058
2026-09-18T07:10:09.047+07:00,44.48903337199954,4.2_25rpm,25.0,25.0,0,2026-09-18T07:09:27.555+07:00,3.000079473998994,3.3333333333333335,22.533333333333335,12.933333333333334,21.666666666666668,2.466666666666665,42.1,ACTIVE,0.026891028999671107
2026-09-18T07:10:09.074+07:00,44.51527197299947,4.2_25rpm,25.0,25.0,0,2026-09-18T07:09:27.555+07:00,3.000079473998994,13.4,22.533333333333335,17.96666666666667,11.6,2.466666666666665,42.1,ACTIVE,0.026238600999931805
2026-09-18T07:10:09.098+07:00,44.54178187499929,4.2_25rpm,25.0,25.0,0,2026-09-18T07:09:27.555+07:00,3.000079473998994,16.0,22.4,19.2,9.0,2.6000000000000014,42.1,ACTIVE,0.026509901999816066
2026-09-18T07:10:09.127+07:00,44.5701601339988,4.2_25rpm,25.0,25.0,0,2026-09-18T07:09:27.555+07:00,3.000079473998994,19.266666666666666,23.333333333333332,21.299999999999997,5.733333333333334,1.6666666666666679,42.1,ACTIVE,0.028378258999509853
2026-09-18T07:10:09.153+07:00,44.5963711179993,4.2_25rpm,25.0,25.0,0,2026-09-18T07:09:27.555+07:00,3.000079473998994,23.8,23.333333333333332,23.566666666666666,1.1999999999999993,1.6666666666666679,42.1,ACTIVE,0.026210984000499593
2026-09-18T07:10:09.186+07:00,44.62947564699971,4.2_25rpm,25.0,25.0,0,2026-09-18T07:09:27.555+07:00,3.000079473998994,29.533333333333335,25.2,27.366666666666667,-4.533333333333335,-0.1999999999999993,42.1,ACTIVE,0.033104529000411276
2026-09-18T07:10:09.214+07:00,44.65726890299993,4.2_25rpm,25.0,25.0,0,2026-09-18T07:09:27.555+07:00,3.000079473998994,26.8,25.733333333333334,26.266666666666666,-1.8000000000000007,-0.7333333333333343,42.1,ACTIVE,0.027793256000222755
2026-09-18T07:10:09.261+07:00,44.704104200000074,4.2_25rpm,25.0,25.0,0,2026-09-18T07:09:27.555+07:00,3.000079473998994,26.8,28.066666666666666,27.433333333333334,-1.8000000000000007,-3.0666666666666664,42.1,ACTIVE,0.04683529700014333
2026-09-18T07:10:09.291+07:00,44.73354199999994,4.2_25rpm,25.0,25.0,0,2026-09-18T07:09:27.555+07:00,3.000079473998994,21.6,28.133333333333333,24.866666666666667,3.3999999999999986,-3.133333333333333,42.1,ACTIVE,0.02943779999986873
2026-09-18T07:10:09.318+07:00,44.76098283299871,4.2_25rpm,25.0,25.0,0,2026-09-18T07:09:27.555+07:00,3.000079473998994,21.6,28.466666666666665,25.03333333333333,3.3999999999999986,-3.466666666666665,42.1,ACTIVE,0.027440832998763653
2026-09-18T07:10:09.344+07:00,44.78721231399868,4.2_25rpm,25.0,25.0,0,2026-09-18T07:09:27.555+07:00,3.000079473998994,21.6,28.666666666666668,25.133333333333333,3.3999999999999986,-3.666666666666668,42.1,ACTIVE,0.02622948099997302
2026-09-18T07:10:09.373+07:00,44.816345115999866,4.2_25rpm,25.0,25.0,0,2026-09-18T07:09:27.555+07:00,3.000079473998994,21.6,27.4,24.5,3.3999999999999986,-2.3999999999999986,42.1,ACTIVE,0.029132802001186064
2026-09-18T07:10:09.398+07:00,44.84152971099866,4.2_25rpm,25.0,25.0,0,2026-09-18T07:09:27.555+07:00,3.000079473998994,21.6,25.733333333333334,23.666666666666668,3.3999999999999986,-0.7333333333333343,42.1,ACTIVE,0.025184594998791
2026-09-18T07:10:09.426+07:00,44.869878882000194,4.2_25rpm,25.0,25.0,0,2026-09-18T07:09:27.555+07:00,3.000079473998994,21.6,24.4,23.0,3.3999999999999986,0.6000000000000014,42.1,ACTIVE,0.028349171001536888
2026-09-18T07:10:09.453+07:00,44.89612311499877,4.2_25rpm,25.0,25.0,0,2026-09-18T07:09:27.555+07:00,3.000079473998994,21.6,22.8,22.200000000000003,3.3999999999999986,2.1999999999999993,42.1,ACTIVE,0.02624423299857881
2026-09-18T07:10:09.486+07:00,44.929798790999484,4.2_25rpm,25.0,25.0,0,2026-09-18T07:09:27.555+07:00,3.000079473998994,21.6,22.066666666666666,21.833333333333336,3.3999999999999986,2.9333333333333336,42.1,ACTIVE,0.033675676000711974
2026-09-18T07:10:09.515+07:00,44.95855894600027,4.2_25rpm,25.0,25.0,0,2026-09-18T07:09:27.555+07:00,3.000079473998994,21.6,22.866666666666667,22.233333333333334,3.3999999999999986,2.133333333333333,42.1,ACTIVE,0.028760155000782106
2026-09-18T07:10:09.553+07:00,44.99605012199936,4.2_25rpm,25.0,25.0,0,2026-09-18T07:09:27.555+07:00,3.000079473998994,21.6,23.466666666666665,22.53333333333333,3.3999999999999986,1.533333333333335,42.1,ACTIVE,0.037491175999093684
2026-09-18T07:10:09.575+07:00,45.01863728999888,4.2_25rpm,25.0,25.0,0,2026-09-18T07:09:27.555+07:00,3.000079473998994,21.6,24.2,22.9,3.3999999999999986,0.8000000000000007,42.1,ACTIVE,0.022587167999517987
2026-09-18T07:10:09.619+07:00,45.062336461000086,4.2_25rpm,25.0,25.0,0,2026-09-18T07:09:27.555+07:00,3.000079473998994,21.6,25.266666666666666,23.433333333333334,3.3999999999999986,-0.2666666666666657,42.1,ACTIVE,0.043699171001208015
2026-09-18T07:10:09.647+07:00,45.090110260000074,4.2_25rpm,25.0,25.0,0,2026-09-18T07:09:27.555+07:00,3.000079473998994,21.6,25.066666666666666,23.333333333333336,3.3999999999999986,-0.06666666666666643,42.1,ACTIVE,0.027773798999987775
2026-09-18T07:10:09.679+07:00,45.12214648000008,4.2_25rpm,25.0,25.0,0,2026-09-18T07:09:27.555+07:00,3.000079473998994,21.6,25.666666666666668,23.633333333333333,3.3999999999999986,-0.6666666666666679,42.1,ACTIVE,0.03203622000000905
2026-09-18T07:10:09.721+07:00,45.16387818799922,4.2_25rpm,25.0,25.0,0,2026-09-18T07:09:27.555+07:00,3.000079473998994,21.6,24.733333333333334,23.166666666666668,3.3999999999999986,0.2666666666666657,42.1,ACTIVE,0.041731707999133505
2026-09-18T07:10:09.748+07:00,45.191097831999286,4.2_25rpm,25.0,25.0,0,2026-09-18T07:09:27.555+07:00,3.000079473998994,21.6,24.933333333333334,23.266666666666666,3.3999999999999986,0.06666666666666643,42.1,ACTIVE,0.02721964400006982
2026-09-18T07:10:09.775+07:00,45.21880126199903,4.2_25rpm,25.0,25.0,0,2026-09-18T07:09:27.555+07:00,3.000079473998994,0.0,24.133333333333333,12.066666666666666,25.0,0.8666666666666671,42.1,ACTIVE,0.02770342999974673
2026-09-18T07:10:09.808+07:00,45.250930700000026,4.2_25rpm,25.0,25.0,0,2026-09-18T07:09:27.555+07:00,3.000079473998994,0.0,23.6,11.8,25.0,1.3999999999999986,42.1,ACTIVE,0.032129438000993105
2026-09-18T07:10:09.839+07:00,45.27991194700007,4.2_25rpm,25.0,25.0,0,2026-09-18T07:09:27.555+07:00,3.000079473998994,0.0,24.066666666666666,12.033333333333333,25.0,0.9333333333333336,42.1,ACTIVE,0.028981247000047006
2026-09-18T07:10:09.865+07:00,45.30737322799905,4.2_25rpm,25.0,25.0,0,2026-09-18T07:09:27.555+07:00,3.000079473998994,3.8666666666666667,24.0,13.933333333333334,21.133333333333333,1.0,42.1,ACTIVE,0.0274612809989776
2026-09-18T07:10:09.892+07:00,45.33435574699979,4.2_25rpm,25.0,25.0,0,2026-09-18T07:09:27.555+07:00,3.000079473998994,3.7333333333333334,24.666666666666668,14.200000000000001,21.266666666666666,0.33333333333333215,42.1,ACTIVE,0.026982519000739558
2026-09-18T07:10:09.916+07:00,45.359692153999276,4.2_25rpm,25.0,25.0,0,2026-09-18T07:09:27.555+07:00,3.000079473998994,3.7333333333333334,26.666666666666668,15.200000000000001,21.266666666666666,-1.6666666666666679,42.1,ACTIVE,0.025336406999485916
2026-09-18T07:10:09.946+07:00,45.38905900899954,4.2_25rpm,25.0,25.0,0,2026-09-18T07:09:27.555+07:00,3.000079473998994,3.6666666666666665,26.866666666666667,15.266666666666667,21.333333333333332,-1.8666666666666671,42.1,ACTIVE,0.02936685500026215
2026-09-18T07:10:09.972+07:00,45.414595611999175,4.2_25rpm,25.0,25.0,0,2026-09-18T07:09:27.555+07:00,3.000079473998994,3.6666666666666665,27.466666666666665,15.566666666666666,21.333333333333332,-2.466666666666665,42.1,ACTIVE,0.02553660299963667
2026-09-18T07:10:10.016+07:00,45.45799525700022,4.2_25rpm,25.0,25.0,0,2026-09-18T07:09:27.555+07:00,3.000079473998994,16.933333333333334,26.466666666666665,21.7,8.066666666666666,-1.466666666666665,42.1,ACTIVE,0.04339964500104543
2026-09-18T07:10:10.042+07:00,45.48567625400028,4.2_25rpm,25.0,25.0,0,2026-09-18T07:09:27.555+07:00,3.000079473998994,19.2,25.733333333333334,22.46666666666667,5.800000000000001,-0.7333333333333343,42.1,ACTIVE,0.027680997000061325
2026-09-18T07:10:10.068+07:00,45.511044757999116,4.2_25rpm,25.0,25.0,0,2026-09-18T07:09:27.555+07:00,3.000079473998994,21.666666666666668,25.866666666666667,23.766666666666666,3.333333333333332,-0.8666666666666671,42.1,ACTIVE,0.025368503998834058
2026-09-18T07:10:10.094+07:00,45.537779815998874,4.2_25rpm,25.0,25.0,0,2026-09-18T07:09:27.555+07:00,3.000079473998994,24.0,24.666666666666668,24.333333333333336,1.0,0.33333333333333215,42.1,ACTIVE,0.026735057999758283
2026-09-18T07:10:10.126+07:00,45.56714967900007,4.2_25rpm,25.0,25.0,0,2026-09-18T07:09:27.555+07:00,3.000079473998994,24.0,24.066666666666666,24.03333333333333,1.0,0.9333333333333336,42.1,ACTIVE,0.029369863001193153
2026-09-18T07:10:10.150+07:00,45.59375574299884,4.2_25rpm,25.0,25.0,0,2026-09-18T07:09:27.555+07:00,3.000079473998994,21.0,24.266666666666666,22.633333333333333,4.0,0.7333333333333343,42.1,ACTIVE,0.02660606399876997
2026-09-18T07:10:10.178+07:00,45.62061665999863,4.2_25rpm,25.0,25.0,0,2026-09-18T07:09:27.555+07:00,3.000079473998994,21.0,24.133333333333333,22.566666666666666,4.0,0.8666666666666671,42.1,ACTIVE,0.026860916999794426
2026-09-18T07:10:10.207+07:00,45.648220150998895,4.2_25rpm,25.0,25.0,0,2026-09-18T07:09:27.555+07:00,3.000079473998994,16.6,24.133333333333333,20.366666666666667,8.399999999999999,0.8666666666666671,42.1,ACTIVE,0.027603491000263602
2026-09-18T07:10:10.250+07:00,45.69370207799875,4.2_25rpm,25.0,25.0,0,2026-09-18T07:09:27.555+07:00,3.000079473998994,16.6,24.666666666666668,20.633333333333333,8.399999999999999,0.33333333333333215,42.1,ACTIVE,0.045481926999855204
2026-09-18T07:10:10.279+07:00,45.718687276999844,4.2_25rpm,25.0,25.0,0,2026-09-18T07:09:27.555+07:00,3.000079473998994,16.6,24.4,20.5,8.399999999999999,0.6000000000000014,42.1,ACTIVE,0.02498519900109386
2026-09-18T07:10:10.303+07:00,45.7455690909992,4.2_25rpm,25.0,25.0,0,2026-09-18T07:09:27.555+07:00,3.000079473998994,16.6,24.933333333333334,20.766666666666666,8.399999999999999,0.06666666666666643,42.1,ACTIVE,0.026881813999352744
2026-09-18T07:10:10.331+07:00,45.77486685599979,4.2_25rpm,25.0,25.0,0,2026-09-18T07:09:27.555+07:00,3.000079473998994,9.933333333333334,24.933333333333334,17.433333333333334,15.066666666666666,0.06666666666666643,42.1,ACTIVE,0.029297765000592335
2026-09-18T07:10:10.356+07:00,45.79969000500023,4.2_25rpm,25.0,25.0,0,2026-09-18T07:09:27.555+07:00,3.000079473998994,9.933333333333334,24.533333333333335,17.233333333333334,15.066666666666666,0.466666666666665,42.1,ACTIVE,0.024823149000440026
2026-09-18T07:10:10.384+07:00,45.827268567998544,4.2_25rpm,25.0,25.0,0,2026-09-18T07:09:27.555+07:00,3.000079473998994,9.933333333333334,24.866666666666667,17.4,15.066666666666666,0.13333333333333286,42.1,ACTIVE,0.027578562998314737
2026-09-18T07:10:10.413+07:00,45.856730560999495,4.2_25rpm,25.0,25.0,0,2026-09-18T07:09:27.555+07:00,3.000079473998994,9.933333333333334,24.6,17.266666666666666,15.066666666666666,0.3999999999999986,42.1,ACTIVE,0.029461993000950315
2026-09-18T07:10:10.463+07:00,45.90658847799932,4.2_25rpm,25.0,25.0,0,2026-09-18T07:09:27.555+07:00,3.000079473998994,9.933333333333334,26.133333333333333,18.03333333333333,15.066666666666666,-1.1333333333333329,42.1,ACTIVE,0.04985791699982656
2026-09-18T07:10:10.490+07:00,45.933906172000206,4.2_25rpm,25.0,25.0,0,2026-09-18T07:09:27.555+07:00,3.000079473998994,9.933333333333334,26.666666666666668,18.3,15.066666666666666,-1.6666666666666679,42.1,ACTIVE,0.02731769400088524
2026-09-18T07:10:10.522+07:00,45.96468246199947,4.2_25rpm,25.0,25.0,0,2026-09-18T07:09:27.555+07:00,3.000079473998994,9.933333333333334,27.0,18.46666666666667,15.066666666666666,-2.0,42.1,ACTIVE,0.030776289999266737
2026-09-18T07:10:10.559+07:00,46.00235485799931,4.2_25rpm,25.0,25.0,0,2026-09-18T07:09:27.555+07:00,3.000079473998994,9.933333333333334,26.466666666666665,18.2,15.066666666666666,-1.466666666666665,42.1,ACTIVE,0.03767239599983441
2026-09-18T07:10:10.580+07:00,46.02357236699936,4.2_25rpm,25.0,25.0,0,2026-09-18T07:09:27.555+07:00,3.000079473998994,9.933333333333334,24.866666666666667,17.4,15.066666666666666,0.13333333333333286,42.1,ACTIVE,0.021217509000052814
2026-09-18T07:10:10.608+07:00,46.05135992599935,4.2_25rpm,25.0,25.0,0,2026-09-18T07:09:27.555+07:00,3.000079473998994,9.933333333333334,23.666666666666668,16.8,15.066666666666666,1.3333333333333321,42.1,ACTIVE,0.027787558999989415
2026-09-18T07:10:10.640+07:00,46.08136464999916,4.2_25rpm,25.0,25.0,0,2026-09-18T07:09:27.555+07:00,3.000079473998994,9.933333333333334,23.533333333333335,16.733333333333334,15.066666666666666,1.466666666666665,42.1,ACTIVE,0.030004723999809357
2026-09-18T07:10:10.665+07:00,46.10809820400027,4.2_25rpm,25.0,25.0,0,2026-09-18T07:09:27.555+07:00,3.000079473998994,9.933333333333334,23.133333333333333,16.53333333333333,15.066666666666666,1.8666666666666671,42.1,ACTIVE,0.02673355400111177
2026-09-18T07:10:10.692+07:00,46.133983485999124,4.2_25rpm,25.0,25.0,0,2026-09-18T07:09:27.555+07:00,3.000079473998994,9.933333333333334,23.066666666666666,16.5,15.066666666666666,1.9333333333333336,42.1,ACTIVE,0.025885281998853316
2026-09-18T07:10:10.720+07:00,46.16151756799991,4.2_25rpm,25.0,25.0,0,2026-09-18T07:09:27.555+07:00,3.000079473998994,9.933333333333334,23.733333333333334,16.833333333333336,15.066666666666666,1.2666666666666657,42.1,ACTIVE,0.02753408200078411
2026-09-18T07:10:10.756+07:00,46.18835192400002,4.2_25rpm,25.0,25.0,0,2026-09-18T07:09:27.555+07:00,3.000079473998994,9.933333333333334,23.6,16.766666666666666,15.066666666666666,1.3999999999999986,42.1,ACTIVE,0.026834356000108528
2026-09-18T07:10:10.793+07:00,46.23420412999985,4.2_25rpm,25.0,25.0,0,2026-09-18T07:09:27.555+07:00,3.000079473998994,9.933333333333334,26.466666666666665,18.2,15.066666666666666,-1.466666666666665,42.1,ACTIVE,0.04585220599983586
2026-09-18T07:10:10.818+07:00,46.26127058699967,4.2_25rpm,25.0,25.0,0,2026-09-18T07:09:27.555+07:00,3.000079473998994,9.933333333333334,26.8,18.366666666666667,15.066666666666666,-1.8000000000000007,42.1,ACTIVE,0.02706645699981891
2026-09-18T07:10:10.851+07:00,46.2876944719992,4.2_25rpm,25.0,25.0,0,2026-09-18T07:09:27.555+07:00,3.000079473998994,0.0,26.866666666666667,13.433333333333334,25.0,-1.8666666666666671,42.1,ACTIVE,0.026423884999530856
2026-09-18T07:10:10.880+07:00,46.32289043399942,4.2_25rpm,25.0,25.0,0,2026-09-18T07:09:27.555+07:00,3.000079473998994,0.0,26.2,13.1,25.0,-1.1999999999999993,42.1,ACTIVE,0.03519596200021624
2026-09-18T07:10:10.904+07:00,46.34669765800027,4.2_25rpm,25.0,25.0,0,2026-09-18T07:09:27.555+07:00,3.000079473998994,3.3333333333333335,23.666666666666668,13.5,21.666666666666668,1.3333333333333321,42.1,ACTIVE,0.023807224000847782
2026-09-18T07:10:10.931+07:00,46.373755859000084,4.2_25rpm,25.0,25.0,0,2026-09-18T07:09:27.555+07:00,3.000079473998994,3.3333333333333335,21.6,12.466666666666667,21.666666666666668,3.3999999999999986,42.1,ACTIVE,0.027058200999817927
2026-09-18T07:10:10.958+07:00,46.40187308900022,4.2_25rpm,25.0,25.0,0,2026-09-18T07:09:27.555+07:00,3.000079473998994,3.3333333333333335,20.866666666666667,12.1,21.666666666666668,4.133333333333333,42.1,ACTIVE,0.02811723000013444
2026-09-18T07:10:10.986+07:00,46.427916998,4.2_25rpm,25.0,25.0,0,2026-09-18T07:09:27.555+07:00,3.000079473998994,3.1333333333333333,20.866666666666667,12.0,21.866666666666667,4.133333333333333,42.1,ACTIVE,0.026043908999781706
2026-09-18T07:10:11.013+07:00,46.45659014299963,4.2_25rpm,25.0,25.0,0,2026-09-18T07:09:27.555+07:00,3.000079473998994,3.2,20.133333333333333,11.666666666666666,21.8,4.866666666666667,42.1,ACTIVE,0.028673144999629585
2026-09-18T07:10:11.060+07:00,46.50351337800021,4.2_25rpm,25.0,25.0,0,2026-09-18T07:09:27.555+07:00,3.000079473998994,3.533333333333333,25.333333333333332,14.433333333333334,21.46666666666667,-0.33333333333333215,42.1,ACTIVE,0.046923235000576824
2026-09-18T07:10:11.087+07:00,46.53001662299903,4.2_25rpm,25.0,25.0,0,2026-09-18T07:09:27.555+07:00,3.000079473998994,11.2,27.866666666666667,19.53333333333333,13.8,-2.866666666666667,42.1,ACTIVE,0.026503244998821174
2026-09-18T07:10:11.115+07:00,46.55815170999995,4.2_25rpm,25.0,25.0,0,2026-09-18T07:09:27.555+07:00,3.000079473998994,15.133333333333333,31.066666666666666,23.1,9.866666666666667,-6.066666666666666,42.1,ACTIVE,0.028135087000919157
2026-09-18T07:10:11.143+07:00,46.58605847099898,4.2_25rpm,25.0,25.0,0,2026-09-18T07:09:27.555+07:00,3.000079473998994,17.866666666666667,31.266666666666666,24.566666666666666,7.133333333333333,-6.266666666666666,42.1,ACTIVE,0.027906760999030666
2026-09-18T07:10:11.175+07:00,46.61863825399996,4.2_25rpm,25.0,25.0,0,2026-09-18T07:09:27.555+07:00,3.000079473998994,20.933333333333334,31.8,26.366666666666667,4.066666666666666,-6.800000000000001,42.1,ACTIVE,0.0325797830009833
2026-09-18T07:10:11.201+07:00,46.64456215999962,4.2_25rpm,25.0,25.0,0,2026-09-18T07:09:27.555+07:00,3.000079473998994,22.266666666666666,29.266666666666666,25.766666666666666,2.7333333333333343,-4.266666666666666,42.1,ACTIVE,0.025923905999661656
2026-09-18T07:10:11.230+07:00,46.673651985000106,4.2_25rpm,25.0,25.0,0,2026-09-18T07:09:27.555+07:00,3.000079473998994,22.266666666666666,27.066666666666666,24.666666666666664,2.7333333333333343,-2.0666666666666664,42.1,ACTIVE,0.02908982500048296
2026-09-18T07:10:11.256+07:00,46.699280908998844,4.2_25rpm,25.0,25.0,0,2026-09-18T07:09:27.555+07:00,3.000079473998994,22.266666666666666,25.333333333333332,23.799999999999997,2.7333333333333343,-0.33333333333333215,42.1,ACTIVE,0.025628923998738173
2026-09-18T07:10:11.283+07:00,46.72625974899893,4.2_25rpm,25.0,25.0,0,2026-09-18T07:09:27.555+07:00,3.000079473998994,22.266666666666666,25.333333333333332,23.799999999999997,2.7333333333333343,-0.33333333333333215,42.1,ACTIVE,0.026978840000083437
2026-09-18T07:10:11.316+07:00,46.75910667199969,4.2_25rpm,25.0,25.0,0,2026-09-18T07:09:27.555+07:00,3.000079473998994,22.266666666666666,22.6,22.433333333333334,2.7333333333333343,2.3999999999999986,42.1,ACTIVE,0.03284692300076131
2026-09-18T07:10:11.360+07:00,46.802246792000005,4.2_25rpm,25.0,25.0,0,2026-09-18T07:09:27.555+07:00,3.000079473998994,22.266666666666666,21.2,21.733333333333334,2.7333333333333343,3.8000000000000007,42.1,ACTIVE,0.04314012000031653
2026-09-18T07:10:11.388+07:00,46.83145271600006,4.2_25rpm,25.0,25.0,0,2026-09-18T07:09:27.555+07:00,3.000079473998994,22.266666666666666,21.466666666666665,21.866666666666667,2.7333333333333343,3.533333333333335,42.1,ACTIVE,0.02920592400005262
2026-09-18T07:10:11.416+07:00,46.85828377599864,4.2_25rpm,25.0,25.0,0,2026-09-18T07:09:27.555+07:00,3.000079473998994,22.266666666666666,22.4,22.333333333333332,2.7333333333333343,2.6000000000000014,42.1,ACTIVE,0.02683105999858526
2026-09-18T07:10:11.442+07:00,46.88516699699903,4.2_25rpm,25.0,25.0,0,2026-09-18T07:09:27.555+07:00,3.000079473998994,22.266666666666666,24.466666666666665,23.366666666666667,2.7333333333333343,0.533333333333335,42.1,ACTIVE,0.026883221000389312
2026-09-18T07:10:11.470+07:00,46.91339715699905,4.2_25rpm,25.0,25.0,0,2026-09-18T07:09:27.555+07:00,3.000079473998994,22.266666666666666,25.066666666666666,23.666666666666664,2.7333333333333343,-0.06666666666666643,42.1,ACTIVE,0.028230160000020987
2026-09-18T07:10:11.513+07:00,46.95590776099925,4.2_25rpm,25.0,25.0,0,2026-09-18T07:09:27.555+07:00,3.000079473998994,22.266666666666666,27.466666666666665,24.866666666666667,2.7333333333333343,-2.466666666666665,42.1,ACTIVE,0.04251060400019924
2026-09-18T07:10:11.539+07:00,46.98194395700011,4.2_25rpm,25.0,25.0,0,2026-09-18T07:09:27.555+07:00,3.000079473998994,22.266666666666666,27.733333333333334,25.0,2.7333333333333343,-2.7333333333333343,42.1,ACTIVE,0.02603619600085949
2026-09-18T07:10:11.570+07:00,47.01401560100021,4.2_25rpm,25.0,25.0,0,2026-09-18T07:09:27.555+07:00,3.000079473998994,22.266666666666666,27.866666666666667,25.066666666666666,2.7333333333333343,-2.866666666666667,42.1,ACTIVE,0.032071644000097876
2026-09-18T07:10:11.595+07:00,47.0380894230002,4.2_25rpm,25.0,25.0,0,2026-09-18T07:09:27.555+07:00,3.000079473998994,22.266666666666666,28.533333333333335,25.4,2.7333333333333343,-3.533333333333335,42.1,ACTIVE,0.024073821999991196
2026-09-18T07:10:11.620+07:00,47.063513254999634,4.2_25rpm,25.0,25.0,0,2026-09-18T07:09:27.555+07:00,3.000079473998994,22.266666666666666,27.266666666666666,24.766666666666666,2.7333333333333343,-2.2666666666666657,42.1,ACTIVE,0.025423831999432878
2026-09-18T07:10:11.651+07:00,47.09326574999977,4.2_25rpm,25.0,25.0,0,2026-09-18T07:09:27.555+07:00,3.000079473998994,22.266666666666666,26.4,24.333333333333332,2.7333333333333343,-1.3999999999999986,42.1,ACTIVE,0.02975249500013888
2026-09-18T07:10:11.694+07:00,47.136966328998824,4.2_25rpm,25.0,25.0,0,2026-09-18T07:09:27.555+07:00,3.000079473998994,22.266666666666666,25.266666666666666,23.766666666666666,2.7333333333333343,-0.2666666666666657,42.1,ACTIVE,0.043700578999050776
2026-09-18T07:10:11.726+07:00,47.1691265190002,4.2_25rpm,25.0,25.0,0,2026-09-18T07:09:27.555+07:00,3.000079473998994,0.0,24.533333333333335,12.266666666666667,25.0,0.466666666666665,42.1,ACTIVE,0.03216019000137749
2026-09-18T07:10:11.750+07:00,47.1925500870002,4.2_25rpm,25.0,25.0,0,2026-09-18T07:09:27.555+07:00,3.000079473998994,0.0,24.4,12.2,25.0,0.6000000000000014,42.1,ACTIVE,0.02342356799999834
2026-09-18T07:10:11.777+07:00,47.220381711998925,4.2_25rpm,25.0,25.0,0,2026-09-18T07:09:27.555+07:00,3.000079473998994,4.0,23.333333333333332,13.666666666666666,21.0,1.6666666666666679,42.1,ACTIVE,0.0278316249987256
2026-09-18T07:10:11.803+07:00,47.24655199100016,4.2_25rpm,25.0,25.0,0,2026-09-18T07:09:27.555+07:00,3.000079473998994,4.0,22.0,13.0,21.0,3.0,42.1,ACTIVE,0.02617027900123503
2026-09-18T07:10:11.830+07:00,47.272373238998625,4.2_25rpm,25.0,25.0,0,2026-09-18T07:09:27.555+07:00,3.000079473998994,3.8666666666666667,22.0,12.933333333333334,21.133333333333333,3.0,42.1,ACTIVE,0.02582124799846497
2026-09-18T07:10:11.856+07:00,47.298662720999346,4.2_25rpm,25.0,25.0,0,2026-09-18T07:09:27.555+07:00,3.000079473998994,3.7333333333333334,21.4,12.566666666666666,21.266666666666666,3.6000000000000014,42.1,ACTIVE,0.026289482000720454
2026-09-18T07:10:11.886+07:00,47.32930748800027,4.2_25rpm,25.0,25.0,0,2026-09-18T07:09:27.555+07:00,3.000079473998994,3.7333333333333334,20.666666666666668,12.200000000000001,21.266666666666666,4.333333333333332,42.1,ACTIVE,0.030644767000922002
2026-09-18T07:10:11.930+07:00,47.37277311899925,4.2_25rpm,25.0,25.0,0,2026-09-18T07:09:27.555+07:00,3.000079473998994,14.333333333333334,22.733333333333334,18.533333333333335,10.666666666666666,2.2666666666666657,42.1,ACTIVE,0.04346563099898049
2026-09-18T07:10:11.956+07:00,47.39947700899938,4.2_25rpm,25.0,25.0,0,2026-09-18T07:09:27.555+07:00,3.000079473998994,20.066666666666666,24.4,22.233333333333334,4.933333333333334,0.6000000000000014,42.1,ACTIVE,0.02670389000013529
2026-09-18T07:10:11.984+07:00,47.42453715400006,4.2_25rpm,25.0,25.0,0,2026-09-18T07:09:27.555+07:00,3.000079473998994,24.066666666666666,26.266666666666666,25.166666666666664,0.9333333333333336,-1.2666666666666657,42.1,ACTIVE,0.025060145000679768
2026-09-18T07:10:12.010+07:00,47.453813606998665,4.2_25rpm,25.0,25.0,0,2026-09-18T07:09:27.555+07:00,3.000079473998994,29.666666666666668,28.666666666666668,29.166666666666668,-4.666666666666668,-3.666666666666668,42.1,ACTIVE,0.0292764529986016
2026-09-18T07:10:12.040+07:00,47.48128839199853,4.2_25rpm,25.0,25.0,0,2026-09-18T07:09:27.555+07:00,3.000079473998994,27.8,28.933333333333334,28.366666666666667,-2.8000000000000007,-3.9333333333333336,42.1,ACTIVE,0.027474784999867552
2026-09-18T07:10:12.066+07:00,47.5089466999998,4.2_25rpm,25.0,25.0,0,2026-09-18T07:09:27.555+07:00,3.000079473998994,27.8,29.666666666666668,28.733333333333334,-2.8000000000000007,-4.666666666666668,42.1,ACTIVE,0.02765830800126423
2026-09-18T07:10:12.094+07:00,47.53616963999957,4.2_25rpm,25.0,25.0,0,2026-09-18T07:09:27.555+07:00,3.000079473998994,21.666666666666668,28.4,25.03333333333333,3.333333333333332,-3.3999999999999986,42.1,ACTIVE,0.0272229399997741
2026-09-18T07:10:12.126+07:00,47.569256951999705,4.2_25rpm,25.0,25.0,0,2026-09-18T07:09:27.555+07:00,3.000079473998994,21.666666666666668,26.533333333333335,24.1,3.333333333333332,-1.533333333333335,42.1,ACTIVE,0.03308731200013426
2026-09-18T07:10:12.160+07:00,47.59707724799955,4.2_25rpm,25.0,25.0,0,2026-09-18T07:09:27.555+07:00,3.000079473998994,21.666666666666668,24.6,23.133333333333333,3.333333333333332,0.3999999999999986,42.1,ACTIVE,0.027820295999845257
2026-09-18T07:10:12.200+07:00,47.64333694999914,4.2_25rpm,25.0,25.0,0,2026-09-18T07:09:27.555+07:00,3.000079473998994,21.666666666666668,21.866666666666667,21.766666666666666,3.333333333333332,3.133333333333333,42.1,ACTIVE,0.04625970199958829
2026-09-18T07:10:12.233+07:00,47.67604073499933,4.2_25rpm,25.0,25.0,0,2026-09-18T07:09:27.555+07:00,3.000079473998994,21.666666666666668,20.066666666666666,20.866666666666667,3.333333333333332,4.933333333333334,42.1,ACTIVE,0.03270378500019433
2026-09-18T07:10:12.260+07:00,47.70058016499934,4.2_25rpm,25.0,25.0,0,2026-09-18T07:09:27.555+07:00,3.000079473998994,21.666666666666668,20.0,20.833333333333336,3.333333333333332,5.0,42.1,ACTIVE,0.02453943000000436
2026-09-18T07:10:12.285+07:00,47.7280529339987,4.2_25rpm,25.0,25.0,0,2026-09-18T07:09:27.555+07:00,3.000079473998994,21.666666666666668,20.2,20.933333333333334,3.333333333333332,4.800000000000001,42.1,ACTIVE,0.027472768999359687
2026-09-18T07:10:12.313+07:00,47.75503654199929,4.2_25rpm,25.0,25.0,0,2026-09-18T07:09:27.555+07:00,3.000079473998994,21.666666666666668,21.466666666666665,21.566666666666666,3.333333333333332,3.533333333333335,42.1,ACTIVE,0.02698360800059163
2026-09-18T07:10:12.340+07:00,47.783089769998696,4.2_25rpm,25.0,25.0,0,2026-09-18T07:09:27.555+07:00,3.000079473998994,21.666666666666668,24.066666666666666,22.866666666666667,3.333333333333332,0.9333333333333336,42.1,ACTIVE,0.02805322799940768
2026-09-18T07:10:12.367+07:00,47.80979266800023,4.2_25rpm,25.0,25.0,0,2026-09-18T07:09:27.555+07:00,3.000079473998994,21.666666666666668,25.8,23.733333333333334,3.333333333333332,-0.8000000000000007,42.1,ACTIVE,0.02670289800153114
2026-09-18T07:10:12.396+07:00,47.838686744998995,4.2_25rpm,25.0,25.0,0,2026-09-18T07:09:27.555+07:00,3.000079473998994,21.666666666666668,28.066666666666666,24.866666666666667,3.333333333333332,-3.0666666666666664,42.1,ACTIVE,0.02889407699876756
2026-09-18T07:10:12.429+07:00,47.86987990799935,4.2_25rpm,25.0,25.0,0,2026-09-18T07:09:27.555+07:00,3.000079473998994,21.666666666666668,27.0,24.333333333333336,3.333333333333332,-2.0,42.1,ACTIVE,0.031193163000352797
2026-09-18T07:10:12.469+07:00,47.912095432999195,4.2_25rpm,25.0,25.0,0,2026-09-18T07:09:27.555+07:00,3.000079473998994,21.666666666666668,26.2,23.933333333333334,3.333333333333332,-1.1999999999999993,42.1,ACTIVE,0.04221552499984682
2026-09-18T07:10:12.502+07:00,47.94497522100028,4.2_25rpm,25.0,25.0,0,2026-09-18T07:09:27.555+07:00,3.000079473998994,21.666666666666668,25.266666666666666,23.46666666666667,3.333333333333332,-0.2666666666666657,42.1,ACTIVE,0.03287978800108249
2026-09-18T07:10:12.531+07:00,47.97415784799887,4.2_25rpm,25.0,25.0,0,2026-09-18T07:09:27.555+07:00,3.000079473998994,21.666666666666668,25.333333333333332,23.5,3.333333333333332,-0.33333333333333215,42.1,ACTIVE,0.029182626998590422
2026-09-18T07:10:12.557+07:00,47.999559824000244,4.2_25rpm,25.0,25.0,0,2026-09-18T07:09:27.555+07:00,3.000079473998994,21.666666666666668,26.133333333333333,23.9,3.333333333333332,-1.1333333333333329,42.1,ACTIVE,0.02540197600137617
2026-09-18T07:10:12.592+07:00,48.03318634700008,4.2_25rpm,25.0,25.0,0,2026-09-18T07:09:27.555+07:00,3.000079473998994,0.0,26.0,13.0,25.0,-1.0,42.1,ACTIVE,0.033626522999838926
2026-09-18T07:10:12.614+07:00,48.05729296899881,4.2_25rpm,25.0,25.0,0,2026-09-18T07:09:27.555+07:00,3.000079473998994,0.0,26.133333333333333,13.066666666666666,25.0,-1.1333333333333329,42.1,ACTIVE,0.02410662199872604
2026-09-18T07:10:12.645+07:00,48.087570657999095,4.2_25rpm,25.0,25.0,0,2026-09-18T07:09:27.555+07:00,3.000079473998994,4.066666666666666,26.466666666666665,15.266666666666666,20.933333333333334,-1.466666666666665,42.1,ACTIVE,0.030277689000286045
2026-09-18T07:10:12.673+07:00,48.11599647000003,4.2_25rpm,25.0,25.0,0,2026-09-18T07:09:27.555+07:00,3.000079473998994,4.066666666666666,26.133333333333333,15.1,20.933333333333334,-1.1333333333333329,42.1,ACTIVE,0.028425812000932638
2026-09-18T07:10:12.702+07:00,48.145300314999986,4.2_25rpm,25.0,25.0,0,2026-09-18T07:09:27.555+07:00,3.000079473998994,3.8666666666666667,25.933333333333334,14.9,21.133333333333333,-0.9333333333333336,42.1,ACTIVE,0.029303844999958528
2026-09-18T07:10:12.730+07:00,48.17307910599993,4.2_25rpm,25.0,25.0,0,2026-09-18T07:09:27.555+07:00,3.000079473998994,3.8,25.733333333333334,14.766666666666667,21.2,-0.7333333333333343,42.1,ACTIVE,0.027778790999946068
2026-09-18T07:10:12.760+07:00,48.20032002999869,4.2_25rpm,25.0,25.0,0,2026-09-18T07:09:27.555+07:00,3.000079473998994,3.8,24.333333333333332,14.066666666666666,21.2,0.6666666666666679,42.1,ACTIVE,0.02724092399876099
2026-09-18T07:10:12.783+07:00,48.226469220999206,4.2_25rpm,25.0,25.0,0,2026-09-18T07:09:27.555+07:00,3.000079473998994,14.466666666666667,22.266666666666666,18.366666666666667,10.533333333333333,2.7333333333333343,42.1,ACTIVE,0.026149191000513383
2026-09-18T07:10:12.829+07:00,48.270349483000246,4.2_25rpm,25.0,25.0,0,2026-09-18T07:09:27.555+07:00,3.000079473998994,16.933333333333334,21.066666666666666,19.0,8.066666666666666,3.9333333333333336,42.1,ACTIVE,0.04388026200103923
2026-09-18T07:10:12.860+07:00,48.29974452999886,4.2_25rpm,25.0,25.0,0,2026-09-18T07:09:27.555+07:00,3.000079473998994,19.266666666666666,20.0,19.633333333333333,5.733333333333334,5.0,42.1,ACTIVE,0.029395046998615726
2026-09-18T07:10:12.888+07:00,48.32737714299947,4.2_25rpm,25.0,25.0,0,2026-09-18T07:09:27.555+07:00,3.000079473998994,21.533333333333335,19.6,20.56666666666667,3.466666666666665,5.399999999999999,42.1,ACTIVE,0.027632613000605488
2026-09-18T07:10:12.910+07:00,48.35330741699909,4.2_25rpm,25.0,25.0,0,2026-09-18T07:09:27.555+07:00,3.000079473998994,24.0,20.8,22.4,1.0,4.199999999999999,42.1,ACTIVE,0.025930273999620113
2026-09-18T07:10:12.940+07:00,48.38368728400019,4.2_25rpm,25.0,25.0,0,2026-09-18T07:09:27.555+07:00,3.000079473998994,22.266666666666666,22.0,22.133333333333333,2.7333333333333343,3.0,42.1,ACTIVE,0.030379867001101957
2026-09-18T07:10:12.971+07:00,48.41453064699999,4.2_25rpm,25.0,25.0,0,2026-09-18T07:09:27.555+07:00,3.000079473998994,22.266666666666666,23.266666666666666,22.766666666666666,2.7333333333333343,1.7333333333333343,42.1,ACTIVE,0.030843362999803503
2026-09-18T07:10:13.000+07:00,48.443106157999864,4.2_25rpm,25.0,25.0,0,2026-09-18T07:09:27.555+07:00,3.000079473998994,22.266666666666666,24.933333333333334,23.6,2.7333333333333343,0.06666666666666643,42.1,ACTIVE,0.028575510999871767
2026-09-18T07:10:13.034+07:00,48.473125569998956,4.2_25rpm,25.0,25.0,0,2026-09-18T07:09:27.555+07:00,3.000079473998994,22.266666666666666,25.466666666666665,23.866666666666667,2.7333333333333343,-0.466666666666665,42.1,ACTIVE,0.03001941199909197
2026-09-18T07:10:13.059+07:00,48.502813869999954,4.2_25rpm,25.0,25.0,0,2026-09-18T07:09:27.555+07:00,3.000079473998994,22.266666666666666,26.466666666666665,24.366666666666667,2.7333333333333343,-1.466666666666665,42.1,ACTIVE,0.029688300000998424
2026-09-18T07:10:13.093+07:00,48.52920120999988,4.2_25rpm,25.0,25.0,0,2026-09-18T07:09:27.555+07:00,3.000079473998994,22.266666666666666,26.533333333333335,24.4,2.7333333333333343,-1.533333333333335,42.1,ACTIVE,0.026387339999928372
2026-09-18T07:10:13.132+07:00,48.574587293998775,4.2_25rpm,25.0,25.0,0,2026-09-18T07:09:27.555+07:00,3.000079473998994,22.266666666666666,26.2,24.233333333333334,2.7333333333333343,-1.1999999999999993,42.1,ACTIVE,0.04538608399889199
2026-09-18T07:10:13.155+07:00,48.59894889699899,4.2_25rpm,25.0,25.0,0,2026-09-18T07:09:27.555+07:00,3.000079473998994,22.266666666666666,26.2,24.233333333333334,2.7333333333333343,-1.1999999999999993,42.1,ACTIVE,0.024361603000215837
2026-09-18T07:10:13.189+07:00,48.63008426699889,4.2_25rpm,25.0,25.0,0,2026-09-18T07:09:27.555+07:00,3.000079473998994,22.266666666666666,25.0,23.633333333333333,2.7333333333333343,0.0,42.1,ACTIVE,0.03113536999990174
2026-09-18T07:10:13.212+07:00,48.65411408699947,4.2_25rpm,25.0,25.0,0,2026-09-18T07:09:27.555+07:00,3.000079473998994,22.266666666666666,23.933333333333334,23.1,2.7333333333333343,1.0666666666666664,42.1,ACTIVE,0.024029820000578184
2026-09-18T07:10:13.239+07:00,48.681489253998734,4.2_25rpm,25.0,25.0,0,2026-09-18T07:09:27.555+07:00,3.000079473998994,22.266666666666666,24.066666666666666,23.166666666666664,2.7333333333333343,0.9333333333333336,42.1,ACTIVE,0.027375166999263456
2026-09-18T07:10:13.267+07:00,48.70953003399882,4.2_25rpm,25.0,25.0,0,2026-09-18T07:09:27.555+07:00,3.000079473998994,22.266666666666666,23.533333333333335,22.9,2.7333333333333343,1.466666666666665,42.1,ACTIVE,0.028040780000083032
2026-09-18T07:10:13.298+07:00,48.73729580100007,4.2_25rpm,25.0,25.0,0,2026-09-18T07:09:27.555+07:00,3.000079473998994,22.266666666666666,26.333333333333332,24.299999999999997,2.7333333333333343,-1.3333333333333321,42.1,ACTIVE,0.02776576700125588
2026-09-18T07:10:13.341+07:00,48.78145277299882,4.2_25rpm,25.0,25.0,0,2026-09-18T07:09:27.555+07:00,3.000079473998994,22.266666666666666,27.2,24.733333333333334,2.7333333333333343,-2.1999999999999993,42.1,ACTIVE,0.044156971998745576
2026-09-18T07:10:13.365+07:00,48.80833247400005,4.2_25rpm,25.0,25.0,0,2026-09-18T07:09:27.555+07:00,3.000079473998994,22.266666666666666,29.266666666666666,25.766666666666666,2.7333333333333343,-4.266666666666666,42.1,ACTIVE,0.026879701001234935
2026-09-18T07:10:13.394+07:00,48.837137652999445,4.2_25rpm,25.0,25.0,0,2026-09-18T07:09:27.555+07:00,3.000079473998994,22.266666666666666,28.266666666666666,25.266666666666666,2.7333333333333343,-3.2666666666666657,42.1,ACTIVE,0.0288051789993915
2026-09-18T07:10:13.420+07:00,48.86301986199942,4.2_25rpm,25.0,25.0,0,2026-09-18T07:09:27.555+07:00,3.000079473998994,22.266666666666666,27.333333333333332,24.799999999999997,2.7333333333333343,-2.333333333333332,42.1,ACTIVE,0.025882208999973955
2026-09-18T07:10:13.457+07:00,48.895987299998524,4.2_25rpm,25.0,25.0,0,2026-09-18T07:09:27.555+07:00,3.000079473998994,0.0,27.0,13.5,25.0,-2.0,42.1,ACTIVE,0.03296743799910473
2026-09-18T07:10:13.477+07:00,48.92000140900018,4.2_25rpm,25.0,25.0,0,2026-09-18T07:09:27.555+07:00,3.000079473998994,0.0,25.133333333333333,12.566666666666666,25.0,-0.13333333333333286,42.1,ACTIVE,0.024014109001655015
2026-09-18T07:10:13.504+07:00,48.94701256799999,4.2_25rpm,25.0,25.0,0,2026-09-18T07:09:27.555+07:00,3.000079473998994,3.933333333333333,24.066666666666666,14.0,21.066666666666666,0.9333333333333336,42.1,ACTIVE,0.027011158999812324
2026-09-18T07:10:13.559+07:00,49.00248730099884,4.2_25rpm,25.0,25.0,0,2026-09-18T07:09:27.555+07:00,3.000079473998994,3.933333333333333,24.2,14.066666666666666,21.066666666666666,0.8000000000000007,42.1,ACTIVE,0.055474732998845866
2026-09-18T07:10:13.579+07:00,49.0202438769993,4.2_25rpm,25.0,25.0,0,2026-09-18T07:09:27.555+07:00,3.000079473998994,3.7333333333333334,22.933333333333334,13.333333333333334,21.266666666666666,2.0666666666666664,42.1,ACTIVE,0.01775657600046543
2026-09-18T07:10:13.605+07:00,49.047708132999105,4.2_25rpm,25.0,25.0,0,2026-09-18T07:09:27.555+07:00,3.000079473998994,3.7333333333333334,21.933333333333334,12.833333333333334,21.266666666666666,3.0666666666666664,42.1,ACTIVE,0.027464255999802845
2026-09-18T07:10:13.633+07:00,49.07555738999872,4.2_25rpm,25.0,25.0,0,2026-09-18T07:09:27.555+07:00,3.000079473998994,3.6666666666666665,22.2,12.933333333333334,21.333333333333332,2.8000000000000007,42.1,ACTIVE,0.027849256999616046
2026-09-18T07:10:13.660+07:00,49.10278532200027,4.2_25rpm,25.0,25.0,0,2026-09-18T07:09:27.555+07:00,3.000079473998994,3.6,21.333333333333332,12.466666666666667,21.4,3.666666666666668,42.1,ACTIVE,0.02722793200155138
2026-09-18T07:10:13.701+07:00,49.14455846999954,4.2_25rpm,25.0,25.0,0,2026-09-18T07:09:27.555+07:00,3.000079473998994,13.133333333333333,23.866666666666667,18.5,11.866666666666667,1.1333333333333329,42.1,ACTIVE,0.04177314799926535
2026-09-18T07:10:13.732+07:00,49.17488268799934,4.2_25rpm,25.0,25.0,0,2026-09-18T07:09:27.555+07:00,3.000079473998994,18.533333333333335,24.8,21.666666666666668,6.466666666666665,0.1999999999999993,42.1,ACTIVE,0.030324217999805114
2026-09-18T07:10:13.758+07:00,49.200992165999196,4.2_25rpm,25.0,25.0,0,2026-09-18T07:09:27.555+07:00,3.000079473998994,20.0,26.533333333333335,23.266666666666666,5.0,-1.533333333333335,42.1,ACTIVE,0.02610947799985297
2026-09-18T07:10:13.784+07:00,49.22611477600003,4.2_25rpm,25.0,25.0,0,2026-09-18T07:09:27.555+07:00,3.000079473998994,20.0,28.866666666666667,24.433333333333334,5.0,-3.866666666666667,42.1,ACTIVE,0.025122610000835266
2026-09-18T07:10:13.809+07:00,49.25236566399872,4.2_25rpm,25.0,25.0,0,2026-09-18T07:09:27.555+07:00,3.000079473998994,20.2,28.533333333333335,24.366666666666667,4.800000000000001,-3.533333333333335,42.1,ACTIVE,0.026250887998685357
2026-09-18T07:10:13.837+07:00,49.27968598199914,4.2_25rpm,25.0,25.0,0,2026-09-18T07:09:27.555+07:00,3.000079473998994,20.2,27.866666666666667,24.03333333333333,4.800000000000001,-2.866666666666667,42.1,ACTIVE,0.02732031800042023
2026-09-18T07:10:13.887+07:00,49.32625944999927,4.2_25rpm,25.0,25.0,0,2026-09-18T07:09:27.555+07:00,3.000079473998994,20.2,25.333333333333332,22.766666666666666,4.800000000000001,-0.33333333333333215,42.1,ACTIVE,0.04657346800013329
2026-09-18T07:10:13.908+07:00,49.35174891599854,4.2_25rpm,25.0,25.0,0,2026-09-18T07:09:27.555+07:00,3.000079473998994,20.2,23.666666666666668,21.933333333333334,4.800000000000001,1.3333333333333321,42.1,ACTIVE,0.025489465999271488
2026-09-18T07:10:13.936+07:00,49.37960268399911,4.2_25rpm,25.0,25.0,0,2026-09-18T07:09:27.555+07:00,3.000079473998994,20.2,23.8,22.0,4.800000000000001,1.1999999999999993,42.1,ACTIVE,0.02785376800056838
2026-09-18T07:10:13.963+07:00,49.40651803399851,4.2_25rpm,25.0,25.0,0,2026-09-18T07:09:27.555+07:00,3.000079473998994,20.2,23.466666666666665,21.833333333333332,4.800000000000001,1.533333333333335,42.1,ACTIVE,0.02691534999939904
2026-09-18T07:10:13.995+07:00,49.43647603599857,4.2_25rpm,25.0,25.0,0,2026-09-18T07:09:27.555+07:00,3.000079473998994,20.2,23.866666666666667,22.03333333333333,4.800000000000001,1.1333333333333329,42.1,ACTIVE,0.029958002000057604
2026-09-18T07:10:14.020+07:00,49.463190773998576,4.2_25rpm,25.0,25.0,0,2026-09-18T07:09:27.555+07:00,3.000079473998994,20.2,25.533333333333335,22.866666666666667,4.800000000000001,-0.533333333333335,42.1,ACTIVE,0.026714738000009675
2026-09-18T07:10:14.051+07:00,49.490778137000234,4.2_25rpm,25.0,25.0,0,2026-09-18T07:09:27.555+07:00,3.000079473998994,20.2,25.733333333333334,22.96666666666667,4.800000000000001,-0.7333333333333343,42.1,ACTIVE,0.02758736300165765
2026-09-18T07:10:14.073+07:00,49.516785980998975,4.2_25rpm,25.0,25.0,0,2026-09-18T07:09:27.555+07:00,3.000079473998994,20.2,26.866666666666667,23.53333333333333,4.800000000000001,-1.8666666666666671,42.1,ACTIVE,0.02600784399874101
2026-09-18T07:10:14.105+07:00,49.54875195800014,4.2_25rpm,25.0,25.0,0,2026-09-18T07:09:27.555+07:00,3.000079473998994,20.2,28.933333333333334,24.566666666666666,4.800000000000001,-3.9333333333333336,42.1,ACTIVE,0.03196597700116399
2026-09-18T07:10:14.135+07:00,49.57828815999892,4.2_25rpm,25.0,25.0,0,2026-09-18T07:09:27.555+07:00,3.000079473998994,20.2,29.6,24.9,4.800000000000001,-4.600000000000001,42.1,ACTIVE,0.029536201998780598
2026-09-18T07:10:14.180+07:00,49.623648707998655,4.2_25rpm,25.0,25.0,0,2026-09-18T07:09:27.555+07:00,3.000079473998994,20.2,28.2,24.2,4.800000000000001,-3.1999999999999993,42.1,ACTIVE,0.04536054799973499
2026-09-18T07:10:14.206+07:00,49.648845654999604,4.2_25rpm,25.0,25.0,0,2026-09-18T07:09:27.555+07:00,3.000079473998994,20.2,27.0,23.6,4.800000000000001,-2.0,42.1,ACTIVE,0.025196947000949876
2026-09-18T07:10:14.238+07:00,49.6812099130002,4.2_25rpm,25.0,25.0,0,2026-09-18T07:09:27.555+07:00,3.000079473998994,20.2,26.6,23.4,4.800000000000001,-1.6000000000000014,42.1,ACTIVE,0.032364258000598056
2026-09-18T07:10:14.265+07:00,49.70822593699995,4.2_25rpm,25.0,25.0,0,2026-09-18T07:09:27.555+07:00,3.000079473998994,20.2,25.333333333333332,22.766666666666666,4.800000000000001,-0.33333333333333215,42.1,ACTIVE,0.02701602399974945
2026-09-18T07:10:14.291+07:00,49.735037988999466,4.2_25rpm,25.0,25.0,0,2026-09-18T07:09:27.555+07:00,3.000079473998994,20.2,24.866666666666667,22.53333333333333,4.800000000000001,0.13333333333333286,42.1,ACTIVE,0.026812051999513642
2026-09-18T07:10:14.327+07:00,49.770709735999844,4.2_25rpm,25.0,25.0,0,2026-09-18T07:09:27.555+07:00,3.000079473998994,0.0,25.466666666666665,12.733333333333333,25.0,-0.466666666666665,42.1,ACTIVE,0.03567174700037867
2026-09-18T07:10:14.352+07:00,49.79512593199979,4.2_25rpm,25.0,25.0,0,2026-09-18T07:09:27.555+07:00,3.000079473998994,0.0,25.0,12.5,25.0,0.0,42.1,ACTIVE,0.024416195999947377
2026-09-18T07:10:14.384+07:00,49.821614136999415,4.2_25rpm,25.0,25.0,0,2026-09-18T07:09:27.555+07:00,3.000079473998994,3.933333333333333,24.666666666666668,14.3,21.066666666666666,0.33333333333333215,42.1,ACTIVE,0.02648820499962312
2026-09-18T07:10:14.422+07:00,49.86486798700025,4.2_25rpm,25.0,25.0,0,2026-09-18T07:09:27.555+07:00,3.000079473998994,3.933333333333333,25.066666666666666,14.5,21.066666666666666,-0.06666666666666643,42.1,ACTIVE,0.0432538500008377
2026-09-18T07:10:14.450+07:00,49.89307155399911,4.2_25rpm,25.0,25.0,0,2026-09-18T07:09:27.555+07:00,3.000079473998994,3.7333333333333334,25.333333333333332,14.533333333333333,21.266666666666666,-0.33333333333333215,42.1,ACTIVE,0.028203566998854512
2026-09-18T07:10:14.477+07:00,49.91961537699899,4.2_25rpm,25.0,25.0,0,2026-09-18T07:09:27.555+07:00,3.000079473998994,3.8,26.8,15.3,21.2,-1.8000000000000007,42.1,ACTIVE,0.02654382299988356
2026-09-18T07:10:14.503+07:00,49.946122333998574,4.2_25rpm,25.0,25.0,0,2026-09-18T07:09:27.555+07:00,3.000079473998994,14.866666666666667,26.2,20.53333333333333,10.133333333333333,-1.1999999999999993,42.1,ACTIVE,0.026506956999583053
2026-09-18T07:10:14.530+07:00,49.973012372000085,4.2_25rpm,25.0,25.0,0,2026-09-18T07:09:27.555+07:00,3.000079473998994,17.466666666666665,25.333333333333332,21.4,7.533333333333335,-0.33333333333333215,42.1,ACTIVE,0.02689003800151113
2026-09-18T07:10:14.558+07:00,50.00149488900024,4.2_25rpm,25.0,25.0,0,2026-09-18T07:09:27.555+07:00,3.000079473998994,20.4,24.866666666666667,22.633333333333333,4.600000000000001,0.13333333333333286,42.1,ACTIVE,0.028482517000156804
2026-09-18T07:10:14.594+07:00,50.026690715998484,4.2_25rpm,25.0,25.0,0,2026-09-18T07:09:27.555+07:00,3.000079473998994,24.6,23.266666666666666,23.933333333333334,0.3999999999999986,1.7333333333333343,42.1,ACTIVE,0.02519582699824241
2026-09-18T07:10:14.633+07:00,50.07599483000013,4.2_25rpm,25.0,25.0,0,2026-09-18T07:09:27.555+07:00,3.000079473998994,29.6,22.666666666666668,26.133333333333333,-4.600000000000001,2.333333333333332,42.1,ACTIVE,0.04930411400164303
2026-09-18T07:10:14.687+07:00,50.12557994099916,4.2_25rpm,25.0,25.0,0,2026-09-18T07:09:27.555+07:00,3.000079473998994,25.6,23.333333333333332,24.46666666666667,-0.6000000000000014,1.6666666666666679,42.1,ACTIVE,0.04958511099903262
2026-09-18T07:10:14.718+07:00,50.161022627999046,4.2_25rpm,25.0,25.0,0,2026-09-18T07:09:27.555+07:00,3.000079473998994,25.6,26.133333333333333,25.866666666666667,-0.6000000000000014,-1.1333333333333329,42.1,ACTIVE,0.035442686999886064
2026-09-18T07:10:14.744+07:00,50.187226508000094,4.2_25rpm,25.0,25.0,0,2026-09-18T07:09:27.555+07:00,3.000079473998994,25.6,26.533333333333335,26.06666666666667,-0.6000000000000014,-1.533333333333335,42.1,ACTIVE,0.026203880001048674
2026-09-18T07:10:14.775+07:00,50.21765923899875,4.2_25rpm,25.0,25.0,0,2026-09-18T07:09:27.555+07:00,3.000079473998994,25.6,26.666666666666668,26.133333333333333,-0.6000000000000014,-1.6666666666666679,42.1,ACTIVE,0.030432730998654733
2026-09-18T07:10:14.799+07:00,50.24278399299874,4.2_25rpm,25.0,25.0,0,2026-09-18T07:09:27.555+07:00,3.000079473998994,25.6,27.2,26.4,-0.6000000000000014,-2.1999999999999993,42.1,ACTIVE,0.02512475399998948
2026-09-18T07:10:14.828+07:00,50.2710852909986,4.2_25rpm,25.0,25.0,0,2026-09-18T07:09:27.555+07:00,3.000079473998994,25.6,26.066666666666666,25.833333333333336,-0.6000000000000014,-1.0666666666666664,42.1,ACTIVE,0.028301297999860253
2026-09-18T07:10:14.855+07:00,50.29857156399885,4.2_25rpm,25.0,25.0,0,2026-09-18T07:09:27.555+07:00,3.000079473998994,25.6,26.133333333333333,25.866666666666667,-0.6000000000000014,-1.1333333333333329,42.1,ACTIVE,0.02748627300024964
2026-09-18T07:10:14.887+07:00,50.326383282999814,4.2_25rpm,25.0,25.0,0,2026-09-18T07:09:27.555+07:00,3.000079473998994,25.6,27.6,26.6,-0.6000000000000014,-2.6000000000000014,42.1,ACTIVE,0.02781171900096524
2026-09-18T07:10:14.911+07:00,50.353892309,4.2_25rpm,25.0,25.0,0,2026-09-18T07:09:27.555+07:00,3.000079473998994,25.6,28.4,27.0,-0.6000000000000014,-3.3999999999999986,42.1,ACTIVE,0.027509026000188896
2026-09-18T07:10:14.937+07:00,50.38035708999996,4.2_25rpm,25.0,25.0,0,2026-09-18T07:09:27.555+07:00,3.000079473998994,25.6,29.0,27.3,-0.6000000000000014,-4.0,42.1,ACTIVE,0.026464780999958748
2026-09-18T07:10:14.964+07:00,50.40701230599916,4.2_25rpm,25.0,25.0,0,2026-09-18T07:09:27.555+07:00,3.000079473998994,25.6,28.266666666666666,26.933333333333334,-0.6000000000000014,-3.2666666666666657,42.1,ACTIVE,0.026655215999198845
2026-09-18T07:10:14.991+07:00,50.43467928700011,4.2_25rpm,25.0,25.0,0,2026-09-18T07:09:27.555+07:00,3.000079473998994,25.6,27.066666666666666,26.333333333333336,-0.6000000000000014,-2.0666666666666664,42.1,ACTIVE,0.027666981000948
2026-09-18T07:10:15.020+07:00,50.46276864399988,4.2_25rpm,25.0,25.0,0,2026-09-18T07:09:27.555+07:00,3.000079473998994,25.6,26.2,25.9,-0.6000000000000014,-1.1999999999999993,42.1,ACTIVE,0.028089356999771553
2026-09-18T07:10:15.062+07:00,50.49518234199968,4.2_25rpm,25.0,25.0,0,2026-09-18T07:09:27.555+07:00,3.000079473998994,25.6,24.866666666666667,25.233333333333334,-0.6000000000000014,0.13333333333333286,42.1,ACTIVE,0.032413697999800206
2026-09-18T07:10:15.100+07:00,50.5421299289992,4.2_25rpm,25.0,25.0,0,2026-09-18T07:09:27.555+07:00,3.000079473998994,25.6,24.066666666666666,24.833333333333336,-0.6000000000000014,0.9333333333333336,42.1,ACTIVE,0.04694758699952217
2026-09-18T07:10:15.128+07:00,50.56953668099959,4.2_25rpm,25.0,25.0,0,2026-09-18T07:09:27.555+07:00,3.000079473998994,25.6,23.866666666666667,24.733333333333334,-0.6000000000000014,1.1333333333333329,42.1,ACTIVE,0.027406752000388224
2026-09-18T07:10:15.156+07:00,50.599443737999536,4.2_25rpm,25.0,25.0,0,2026-09-18T07:09:27.555+07:00,3.000079473998994,0.0,23.8,11.9,25.0,1.1999999999999993,42.1,ACTIVE,0.02990705699994578
2026-09-18T07:10:15.187+07:00,50.62826178099931,4.2_25rpm,25.0,25.0,0,2026-09-18T07:09:27.555+07:00,3.000079473998994,0.0,24.4,12.2,25.0,0.6000000000000014,42.1,ACTIVE,0.028818042999773752
2026-09-18T07:10:15.216+07:00,50.65578930299853,4.2_25rpm,25.0,25.0,0,2026-09-18T07:09:27.555+07:00,3.000079473998994,0.0,24.333333333333332,12.166666666666666,25.0,0.6666666666666679,42.1,ACTIVE,0.027527521999218152
2026-09-18T07:10:15.239+07:00,50.68167349599935,4.2_25rpm,25.0,25.0,0,2026-09-18T07:09:27.555+07:00,3.000079473998994,4.0,24.6,14.3,21.0,0.3999999999999986,42.1,ACTIVE,0.025884193000820233
2026-09-18T07:10:15.272+07:00,50.71483028199873,4.2_25rpm,25.0,25.0,0,2026-09-18T07:09:27.555+07:00,3.000079473998994,4.0,25.533333333333335,14.766666666666667,21.0,-0.533333333333335,42.1,ACTIVE,0.0331567859993811
2026-09-18T07:10:15.292+07:00,50.73557693299881,4.2_25rpm,25.0,25.0,0,2026-09-18T07:09:27.555+07:00,3.000079473998994,4.0,25.866666666666667,14.933333333333334,21.0,-0.8666666666666671,42.1,ACTIVE,0.02074665100008133
2026-09-18T07:10:15.318+07:00,50.761602280999796,4.2_25rpm,25.0,25.0,0,2026-09-18T07:09:27.555+07:00,3.000079473998994,3.7333333333333334,26.6,15.166666666666668,21.266666666666666,-1.6000000000000014,42.1,ACTIVE,0.026025348000985105
2026-09-18T07:10:15.345+07:00,50.78898311199919,4.2_25rpm,25.0,25.0,0,2026-09-18T07:09:27.555+07:00,3.000079473998994,3.6666666666666665,27.533333333333335,15.600000000000001,21.333333333333332,-2.533333333333335,42.1,ACTIVE,0.027380830999391037
2026-09-18T07:10:15.372+07:00,50.81527848099904,4.2_25rpm,25.0,25.0,0,2026-09-18T07:09:27.555+07:00,3.000079473998994,3.6,27.733333333333334,15.666666666666668,21.4,-2.7333333333333343,42.1,ACTIVE,0.026295368999853963
2026-09-18T07:10:15.407+07:00,50.849559544998556,4.2_25rpm,25.0,25.0,0,2026-09-18T07:09:27.555+07:00,3.000079473998994,13.066666666666666,27.866666666666667,20.46666666666667,11.933333333333334,-2.866666666666667,42.1,ACTIVE,0.03428106399951503
2026-09-18T07:10:15.427+07:00,50.87084537499868,4.2_25rpm,25.0,25.0,0,2026-09-18T07:09:27.555+07:00,3.000079473998994,19.733333333333334,26.733333333333334,23.233333333333334,5.266666666666666,-1.7333333333333343,42.1,ACTIVE,0.021285830000124406
2026-09-18T07:10:15.456+07:00,50.89884343399899,4.2_25rpm,25.0,25.0,0,2026-09-18T07:09:27.555+07:00,3.000079473998994,23.8,25.533333333333335,24.666666666666668,1.1999999999999993,-0.533333333333335,42.1,ACTIVE,0.027998059000310604
2026-09-18T07:10:15.499+07:00,50.94172050799898,4.2_25rpm,25.0,25.0,0,2026-09-18T07:09:27.555+07:00,3.000079473998994,29.266666666666666,25.266666666666666,27.266666666666666,-4.266666666666666,-0.2666666666666657,42.1,ACTIVE,0.04287707399998908
2026-09-18T07:10:15.525+07:00,50.96833511600016,4.2_25rpm,25.0,25.0,0,2026-09-18T07:09:27.555+07:00,3.000079473998994,29.266666666666666,23.933333333333334,26.6,-4.266666666666666,1.0666666666666664,42.1,ACTIVE,0.026614608001182205
2026-09-18T07:10:15.554+07:00,50.996329591000176,4.2_25rpm,25.0,25.0,0,2026-09-18T07:09:27.555+07:00,3.000079473998994,24.933333333333334,23.333333333333332,24.133333333333333,0.06666666666666643,1.6666666666666679,42.1,ACTIVE,0.027994475000014063
2026-09-18T07:10:15.579+07:00,51.0228543409994,4.2_25rpm,25.0,25.0,0,2026-09-18T07:09:27.555+07:00,3.000079473998994,24.933333333333334,24.066666666666666,24.5,0.06666666666666643,0.9333333333333336,42.1,ACTIVE,0.026524749999225605
2026-09-18T07:10:15.621+07:00,51.06437583600018,4.2_25rpm,25.0,25.0,0,2026-09-18T07:09:27.555+07:00,3.000079473998994,24.933333333333334,23.8,24.366666666666667,0.06666666666666643,1.1999999999999993,42.1,ACTIVE,0.041521495000779396
2026-09-18T07:10:15.647+07:00,51.0900800899999,4.2_25rpm,25.0,25.0,0,2026-09-18T07:09:27.555+07:00,3.000079473998994,24.933333333333334,24.933333333333334,24.933333333333334,0.06666666666666643,0.06666666666666643,42.1,ACTIVE,0.025704253999720095
2026-09-18T07:10:15.674+07:00,51.116327073999855,4.2_25rpm,25.0,25.0,0,2026-09-18T07:09:27.555+07:00,3.000079473998994,24.933333333333334,24.6,24.766666666666666,0.06666666666666643,0.3999999999999986,42.1,ACTIVE,0.026246983999953954
2026-09-18T07:10:15.699+07:00,51.14269409299959,4.2_25rpm,25.0,25.0,0,2026-09-18T07:09:27.555+07:00,3.000079473998994,24.933333333333334,24.733333333333334,24.833333333333336,0.06666666666666643,0.2666666666666657,42.1,ACTIVE,0.026367018999735592
2026-09-18T07:10:15.726+07:00,51.16929926099874,4.2_25rpm,25.0,25.0,0,2026-09-18T07:09:27.555+07:00,3.000079473998994,24.933333333333334,25.2,25.066666666666666,0.06666666666666643,-0.1999999999999993,42.1,ACTIVE,0.02660516799915058
2026-09-18T07:10:15.757+07:00,51.199731063999934,4.2_25rpm,25.0,25.0,0,2026-09-18T07:09:27.555+07:00,3.000079473998994,24.933333333333334,24.0,24.46666666666667,0.06666666666666643,1.0,42.1,ACTIVE,0.030431803001192748
2026-09-18T07:10:15.799+07:00,51.24237808599901,4.2_25rpm,25.0,25.0,0,2026-09-18T07:09:27.555+07:00,3.000079473998994,24.933333333333334,22.0,23.46666666666667,0.06666666666666643,3.0,42.1,ACTIVE,0.04264702199907333
2026-09-18T07:10:15.828+07:00,51.27043790599964,4.2_25rpm,25.0,25.0,0,2026-09-18T07:09:27.555+07:00,3.000079473998994,24.933333333333334,21.6,23.266666666666666,0.06666666666666643,3.3999999999999986,42.1,ACTIVE,0.028059820000635227
2026-09-18T07:10:15.856+07:00,51.29955153899937,4.2_25rpm,25.0,25.0,0,2026-09-18T07:09:27.555+07:00,3.000079473998994,24.933333333333334,20.733333333333334,22.833333333333336,0.06666666666666643,4.266666666666666,42.1,ACTIVE,0.02911363299972436
2026-09-18T07:10:15.881+07:00,51.322751806999804,4.2_25rpm,25.0,25.0,0,2026-09-18T07:09:27.555+07:00,3.000079473998994,24.933333333333334,20.733333333333334,22.833333333333336,0.06666666666666643,4.266666666666666,42.1,ACTIVE,0.023200268000437063
2026-09-18T07:10:15.909+07:00,51.350076957000056,4.2_25rpm,25.0,25.0,0,2026-09-18T07:09:27.555+07:00,3.000079473998994,24.933333333333334,20.4,22.666666666666664,0.06666666666666643,4.600000000000001,42.1,ACTIVE,0.027325150000251597
2026-09-18T07:10:15.940+07:00,51.38319841399971,4.2_25rpm,25.0,25.0,0,2026-09-18T07:09:27.555+07:00,3.000079473998994,24.933333333333334,22.266666666666666,23.6,0.06666666666666643,2.7333333333333343,42.1,ACTIVE,0.033121456999651855
2026-09-18T07:10:15.967+07:00,51.409228177999466,4.2_25rpm,25.0,25.0,0,2026-09-18T07:09:27.555+07:00,3.000079473998994,24.933333333333334,22.533333333333335,23.733333333333334,0.06666666666666643,2.466666666666665,42.1,ACTIVE,0.02602976399975887
2026-09-18T07:10:15.994+07:00,51.437703525998586,4.2_25rpm,25.0,25.0,0,2026-09-18T07:09:27.555+07:00,3.000079473998994,24.933333333333334,24.533333333333335,24.733333333333334,0.06666666666666643,0.466666666666665,42.1,ACTIVE,0.02847534799911955
2026-09-18T07:10:16.024+07:00,51.46750734899979,4.2_25rpm,25.0,25.0,0,2026-09-18T07:09:27.555+07:00,3.000079473998994,24.933333333333334,24.466666666666665,24.7,0.06666666666666643,0.533333333333335,42.1,ACTIVE,0.029803823001202545
2026-09-18T07:10:16.070+07:00,51.512922489999255,4.2_25rpm,25.0,25.0,0,2026-09-18T07:09:27.555+07:00,3.000079473998994,0.0,26.8,13.4,25.0,-1.8000000000000007,42.1,ACTIVE,0.04541514099946653
2026-09-18T07:10:16.098+07:00,51.54115696899862,4.2_25rpm,25.0,25.0,0,2026-09-18T07:09:27.555+07:00,3.000079473998994,0.0,26.266666666666666,13.133333333333333,25.0,-1.2666666666666657,42.1,ACTIVE,0.02823447899936582
2026-09-18T07:10:16.130+07:00,51.56762888599951,4.2_25rpm,25.0,25.0,0,2026-09-18T07:09:27.555+07:00,3.000079473998994,0.0,25.8,12.9,25.0,-0.8000000000000007,42.1,ACTIVE,0.026471917000890244
2026-09-18T07:10:16.162+07:00,51.60213382599977,4.2_25rpm,25.0,25.0,0,2026-09-18T07:09:27.555+07:00,3.000079473998994,3.8,25.933333333333334,14.866666666666667,21.2,-0.9333333333333336,42.1,ACTIVE,0.03450494000026083
2026-09-18T07:10:16.180+07:00,51.623265092999645,4.2_25rpm,25.0,25.0,0,2026-09-18T07:09:27.555+07:00,3.000079473998994,3.8,25.0,14.4,21.2,0.0,42.1,ACTIVE,0.021131266999873333
2026-09-18T07:10:16.208+07:00,51.65056051399915,4.2_25rpm,25.0,25.0,0,2026-09-18T07:09:27.555+07:00,3.000079473998994,3.6666666666666665,25.133333333333333,14.4,21.333333333333332,-0.13333333333333286,42.1,ACTIVE,0.02729542099950777
2026-09-18T07:10:16.233+07:00,51.676920140998845,4.2_25rpm,25.0,25.0,0,2026-09-18T07:09:27.555+07:00,3.000079473998994,3.6,26.933333333333334,15.266666666666667,21.4,-1.9333333333333336,42.1,ACTIVE,0.02635962699969241
2026-09-18T07:10:16.263+07:00,51.70588641099857,4.2_25rpm,25.0,25.0,0,2026-09-18T07:09:27.555+07:00,3.000079473998994,3.533333333333333,27.6,15.566666666666666,21.46666666666667,-2.6000000000000014,42.1,ACTIVE,0.028966269999727956
2026-09-18T07:10:16.310+07:00,51.7518206019995,4.2_25rpm,25.0,25.0,0,2026-09-18T07:09:27.555+07:00,3.000079473998994,16.133333333333333,29.733333333333334,22.933333333333334,8.866666666666667,-4.733333333333334,42.1,ACTIVE,0.04593419100092433
2026-09-18T07:10:16.337+07:00,51.77865540599851,4.2_25rpm,25.0,25.0,0,2026-09-18T07:09:27.555+07:00,3.000079473998994,17.6,28.933333333333334,23.266666666666666,7.399999999999999,-3.9333333333333336,42.1,ACTIVE,0.026834803999008727
2026-09-18T07:10:16.363+07:00,51.80602381999961,4.2_25rpm,25.0,25.0,0,2026-09-18T07:09:27.555+07:00,3.000079473998994,17.6,28.4,23.0,7.399999999999999,-3.3999999999999986,42.1,ACTIVE,0.027368414001102792
2026-09-18T07:10:16.390+07:00,51.83337863499946,4.2_25rpm,25.0,25.0,0,2026-09-18T07:09:27.555+07:00,3.000079473998994,18.8,26.866666666666667,22.833333333333336,6.199999999999999,-1.8666666666666671,42.1,ACTIVE,0.02735481499985326
2026-09-18T07:10:16.418+07:00,51.86120097799903,4.2_25rpm,25.0,25.0,0,2026-09-18T07:09:27.555+07:00,3.000079473998994,19.4,26.866666666666667,23.133333333333333,5.600000000000001,-1.8666666666666671,42.1,ACTIVE,0.027822342999570537
2026-09-18T07:10:16.444+07:00,51.88740556199991,4.2_25rpm,25.0,25.0,0,2026-09-18T07:09:27.555+07:00,3.000079473998994,19.4,25.0,22.2,5.600000000000001,0.0,42.1,ACTIVE,0.02620458400087955
2026-09-18T07:10:16.489+07:00,51.93075538099947,4.2_25rpm,25.0,25.0,0,2026-09-18T07:09:27.555+07:00,3.000079473998994,15.266666666666667,22.933333333333334,19.1,9.733333333333333,2.0666666666666664,42.1,ACTIVE,0.04334981899955892
2026-09-18T07:10:16.517+07:00,51.96001442499983,4.2_25rpm,25.0,25.0,0,2026-09-18T07:09:27.555+07:00,3.000079473998994,15.266666666666667,22.933333333333334,19.1,9.733333333333333,2.0666666666666664,42.1,ACTIVE,0.02925904400035506
2026-09-18T07:10:16.542+07:00,51.98503658499976,4.2_25rpm,25.0,25.0,0,2026-09-18T07:09:27.555+07:00,3.000079473998994,15.266666666666667,24.466666666666665,19.866666666666667,9.733333333333333,0.533333333333335,42.1,ACTIVE,0.025022159999934956
2026-09-18T07:10:16.568+07:00,52.01151112600019,4.2_25rpm,25.0,25.0,0,2026-09-18T07:09:27.555+07:00,3.000079473998994,15.266666666666667,25.133333333333333,20.2,9.733333333333333,-0.13333333333333286,42.1,ACTIVE,0.026474541000425234
2026-09-18T07:10:16.596+07:00,52.03907355999945,4.2_25rpm,25.0,25.0,0,2026-09-18T07:09:27.555+07:00,3.000079473998994,11.0,25.533333333333335,18.266666666666666,14.0,-0.533333333333335,42.1,ACTIVE,0.027562433999264613
2026-09-18T07:10:16.628+07:00,52.06936568099991,4.2_25rpm,25.0,25.0,0,2026-09-18T07:09:27.555+07:00,3.000079473998994,11.0,25.866666666666667,18.433333333333334,14.0,-0.8666666666666671,42.1,ACTIVE,0.030292121000456973
2026-09-18T07:10:16.668+07:00,52.11091613699864,4.2_25rpm,25.0,25.0,0,2026-09-18T07:09:27.555+07:00,3.000079473998994,9.466666666666667,24.0,16.733333333333334,15.533333333333333,1.0,42.1,ACTIVE,0.041550455998731195
2026-09-18T07:10:16.697+07:00,52.139559552999344,4.2_25rpm,25.0,25.0,0,2026-09-18T07:09:27.555+07:00,3.000079473998994,9.466666666666667,24.066666666666666,16.766666666666666,15.533333333333333,0.9333333333333336,42.1,ACTIVE,0.028643416000704747
2026-09-18T07:10:16.723+07:00,52.16536015999918,4.2_25rpm,25.0,25.0,0,2026-09-18T07:09:27.555+07:00,3.000079473998994,9.466666666666667,23.333333333333332,16.4,15.533333333333333,1.6666666666666679,42.1,ACTIVE,0.025800606999837328
2026-09-18T07:10:16.751+07:00,52.19321760799903,4.2_25rpm,25.0,25.0,0,2026-09-18T07:09:27.555+07:00,3.000079473998994,8.2,23.333333333333332,15.766666666666666,16.8,1.6666666666666679,42.1,ACTIVE,0.027857447999849683
2026-09-18T07:10:16.778+07:00,52.21965368400015,4.2_25rpm,25.0,25.0,0,2026-09-18T07:09:27.555+07:00,3.000079473998994,8.2,22.733333333333334,15.466666666666667,16.8,2.2666666666666657,42.1,ACTIVE,0.026436076001118636
2026-09-18T07:10:16.808+07:00,52.24712027699934,4.2_25rpm,25.0,25.0,0,2026-09-18T07:09:27.555+07:00,3.000079473998994,8.2,23.533333333333335,15.866666666666667,16.8,1.466666666666665,42.1,ACTIVE,0.027466592999189743
2026-09-18T07:10:16.852+07:00,52.29393573299967,4.2_25rpm,25.0,25.0,0,2026-09-18T07:09:27.555+07:00,3.000079473998994,8.2,23.0,15.6,16.8,2.0,42.1,ACTIVE,0.046815456000331324
2026-09-18T07:10:16.884+07:00,52.32678118399963,4.2_25rpm,25.0,25.0,0,2026-09-18T07:09:27.555+07:00,3.000079473998994,8.2,23.933333333333334,16.066666666666666,16.8,1.0666666666666664,42.1,ACTIVE,0.03284545099995739
2026-09-18T07:10:16.908+07:00,52.35194245099956,4.2_25rpm,25.0,25.0,0,2026-09-18T07:09:27.555+07:00,3.000079473998994,6.2,23.4,14.799999999999999,18.8,1.6000000000000014,42.1,ACTIVE,0.025161266999930376
2026-09-18T07:10:16.949+07:00,52.38313298899993,4.2_25rpm,25.0,25.0,0,2026-09-18T07:09:27.555+07:00,3.000079473998994,6.2,23.6,14.9,18.8,1.3999999999999986,42.1,ACTIVE,0.031190538000373635
2026-09-18T07:10:16.983+07:00,52.42553398999917,4.2_25rpm,25.0,25.0,0,2026-09-18T07:09:27.555+07:00,3.000079473998994,6.6,24.933333333333334,15.766666666666666,18.4,0.06666666666666643,42.1,ACTIVE,0.042401000999234384
2026-09-18T07:10:17.010+07:00,52.45269907299917,4.2_25rpm,25.0,25.0,0,2026-09-18T07:09:27.555+07:00,3.000079473998994,6.6,25.666666666666668,16.133333333333333,18.4,-0.6666666666666679,42.1,ACTIVE,0.027165082999999868
2026-09-18T07:10:17.040+07:00,52.48390580299929,4.2_25rpm,25.0,25.0,0,2026-09-18T07:09:27.555+07:00,3.000079473998994,7.266666666666667,27.133333333333333,17.2,17.733333333333334,-2.133333333333333,42.1,ACTIVE,0.031206730000121752
2026-09-18T07:10:17.066+07:00,52.50957719199869,4.2_25rpm,25.0,25.0,0,2026-09-18T07:09:27.555+07:00,3.000079473998994,17.2,27.066666666666666,22.133333333333333,7.800000000000001,-2.0666666666666664,42.1,ACTIVE,0.025671388999398914
2026-09-18T07:10:17.094+07:00,52.5370822169989,4.2_25rpm,25.0,25.0,0,2026-09-18T07:09:27.555+07:00,3.000079473998994,25.6,26.0,25.8,-0.6000000000000014,-1.0,42.1,ACTIVE,0.02750502500020957
2026-09-18T07:10:17.121+07:00,52.56367615199997,4.2_25rpm,25.0,25.0,0,2026-09-18T07:09:27.555+07:00,3.000079473998994,30.0,25.2,27.6,-5.0,-0.1999999999999993,42.1,ACTIVE,0.026593935001073987
2026-09-18T07:10:17.150+07:00,52.59044593099861,4.2_25rpm,25.0,25.0,0,2026-09-18T07:09:27.555+07:00,3.000079473998994,29.6,23.266666666666666,26.433333333333334,-4.600000000000001,1.7333333333333343,42.1,ACTIVE,0.026769778998641414
2026-09-18T07:10:17.184+07:00,52.61830789099986,4.2_25rpm,25.0,25.0,0,2026-09-18T07:09:27.555+07:00,3.000079473998994,27.533333333333335,22.333333333333332,24.933333333333334,-2.533333333333335,2.666666666666668,42.1,ACTIVE,0.02786196000124619
2026-09-18T07:10:17.207+07:00,52.646748391000074,4.2_25rpm,25.0,25.0,0,2026-09-18T07:09:27.555+07:00,3.000079473998994,27.533333333333335,23.133333333333333,25.333333333333336,-2.533333333333335,1.8666666666666671,42.1,ACTIVE,0.028440500000215252
2026-09-18T07:10:17.233+07:00,52.67586666399984,4.2_25rpm,25.0,25.0,0,2026-09-18T07:09:27.555+07:00,3.000079473998994,21.333333333333332,23.333333333333332,22.333333333333332,3.666666666666668,1.6666666666666679,42.1,ACTIVE,0.029118272999767214
2026-09-18T07:10:17.261+07:00,52.702350740999464,4.2_25rpm,25.0,25.0,0,2026-09-18T07:09:27.555+07:00,3.000079473998994,21.333333333333332,24.2,22.766666666666666,3.666666666666668,0.8000000000000007,42.1,ACTIVE,0.02648407699962263
2026-09-18T07:10:17.288+07:00,52.730456993998814,4.2_25rpm,25.0,25.0,0,2026-09-18T07:09:27.555+07:00,3.000079473998994,21.333333333333332,25.333333333333332,23.333333333333332,3.666666666666668,-0.33333333333333215,42.1,ACTIVE,0.028106252999350545
2026-09-18T07:10:17.318+07:00,52.758627313000034,4.2_25rpm,25.0,25.0,0,2026-09-18T07:09:27.555+07:00,3.000079473998994,21.333333333333332,25.4,23.366666666666667,3.666666666666668,-0.3999999999999986,42.1,ACTIVE,0.028170319001219468
2026-09-18T07:10:17.360+07:00,52.80289190199983,4.2_25rpm,25.0,25.0,0,2026-09-18T07:09:27.555+07:00,3.000079473998994,21.333333333333332,26.6,23.96666666666667,3.666666666666668,-1.6000000000000014,42.1,ACTIVE,0.044264588999794796
2026-09-18T07:10:17.388+07:00,52.831470228999024,4.2_25rpm,25.0,25.0,0,2026-09-18T07:09:27.555+07:00,3.000079473998994,21.333333333333332,26.4,23.866666666666667,3.666666666666668,-1.3999999999999986,42.1,ACTIVE,0.02857832699919527
2026-09-18T07:10:17.417+07:00,52.85863950299972,4.2_25rpm,25.0,25.0,0,2026-09-18T07:09:27.555+07:00,3.000079473998994,21.333333333333332,26.533333333333335,23.933333333333334,3.666666666666668,-1.533333333333335,42.1,ACTIVE,0.02716927400069835
2026-09-18T07:10:17.444+07:00,52.88761988599981,4.2_25rpm,25.0,25.0,0,2026-09-18T07:09:27.555+07:00,3.000079473998994,21.333333333333332,28.266666666666666,24.799999999999997,3.666666666666668,-3.2666666666666657,42.1,ACTIVE,0.028980383000089205
2026-09-18T07:10:17.475+07:00,52.91415029899872,4.2_25rpm,25.0,25.0,0,2026-09-18T07:09:27.555+07:00,3.000079473998994,21.333333333333332,29.0,25.166666666666664,3.666666666666668,-4.0,42.1,ACTIVE,0.026530412998909014
2026-09-18T07:10:17.513+07:00,52.956342207999114,4.2_25rpm,25.0,25.0,0,2026-09-18T07:09:27.555+07:00,3.000079473998994,21.333333333333332,29.2,25.266666666666666,3.666666666666668,-4.199999999999999,42.1,ACTIVE,0.042191909000393935
2026-09-18T07:10:17.542+07:00,52.98440951599878,4.2_25rpm,25.0,25.0,0,2026-09-18T07:09:27.555+07:00,3.000079473998994,21.333333333333332,27.933333333333334,24.633333333333333,3.666666666666668,-2.9333333333333336,42.1,ACTIVE,0.02806730799966317
2026-09-18T07:10:17.568+07:00,53.01108146899969,4.2_25rpm,25.0,25.0,0,2026-09-18T07:09:27.555+07:00,3.000079473998994,21.333333333333332,27.4,24.366666666666667,3.666666666666668,-2.3999999999999986,42.1,ACTIVE,0.026671953000914073
2026-09-18T07:10:17.596+07:00,53.039789270000256,4.2_25rpm,25.0,25.0,0,2026-09-18T07:09:27.555+07:00,3.000079473998994,21.333333333333332,25.666666666666668,23.5,3.666666666666668,-0.6666666666666679,42.1,ACTIVE,0.02870780100056436
2026-09-18T07:10:17.622+07:00,53.06551281999964,4.2_25rpm,25.0,25.0,0,2026-09-18T07:09:27.555+07:00,3.000079473998994,21.333333333333332,24.4,22.866666666666667,3.666666666666668,0.6000000000000014,42.1,ACTIVE,0.025723549999383977
2026-09-18T07:10:17.654+07:00,53.09494501900008,4.2_25rpm,25.0,25.0,0,2026-09-18T07:09:27.555+07:00,3.000079473998994,21.333333333333332,23.666666666666668,22.5,3.666666666666668,1.3333333333333321,42.1,ACTIVE,0.02943219900043914
2026-09-18T07:10:17.680+07:00,53.12306557699958,4.2_25rpm,25.0,25.0,0,2026-09-18T07:09:27.555+07:00,3.000079473998994,21.333333333333332,22.6,21.96666666666667,3.666666666666668,2.3999999999999986,42.1,ACTIVE,0.028120557999500306
2026-09-18T07:10:17.710+07:00,53.15230602799966,4.2_25rpm,25.0,25.0,0,2026-09-18T07:09:27.555+07:00,3.000079473998994,21.333333333333332,22.6,21.96666666666667,3.666666666666668,2.3999999999999986,42.1,ACTIVE,0.029240451000077883
2026-09-18T07:10:17.735+07:00,53.178445585999725,4.2_25rpm,25.0,25.0,0,2026-09-18T07:09:27.555+07:00,3.000079473998994,0.0,22.933333333333334,11.466666666666667,25.0,2.0666666666666664,42.1,ACTIVE,0.026139558000068064
2026-09-18T07:10:17.765+07:00,53.20838432399978,4.2_25rpm,25.0,25.0,0,2026-09-18T07:09:27.555+07:00,3.000079473998994,0.0,23.666666666666668,11.833333333333334,25.0,1.3333333333333321,42.1,ACTIVE,0.02993873800005531
2026-09-18T07:10:17.796+07:00,53.239323976999,4.2_25rpm,25.0,25.0,0,2026-09-18T07:09:27.555+07:00,3.000079473998994,0.0,24.933333333333334,12.466666666666667,25.0,0.06666666666666643,42.1,ACTIVE,0.030939652999222744
2026-09-18T07:10:17.840+07:00,53.28287616799935,4.2_25rpm,25.0,25.0,0,2026-09-18T07:09:27.555+07:00,3.000079473998994,3.6666666666666665,27.733333333333334,15.700000000000001,21.333333333333332,-2.7333333333333343,42.1,ACTIVE,0.043552191000344465
2026-09-18T07:10:17.866+07:00,53.30891057199915,4.2_25rpm,25.0,25.0,0,2026-09-18T07:09:27.555+07:00,3.000079473998994,3.6666666666666665,28.4,16.03333333333333,21.333333333333332,-3.3999999999999986,42.1,ACTIVE,0.026034403999801725
2026-09-18T07:10:17.892+07:00,53.3338846989991,4.2_25rpm,25.0,25.0,0,2026-09-18T07:09:27.555+07:00,3.000079473998994,3.533333333333333,29.0,16.266666666666666,21.46666666666667,-4.0,42.1,ACTIVE,0.024974126999950386
2026-09-18T07:10:17.923+07:00,53.365561614999024,4.2_25rpm,25.0,25.0,0,2026-09-18T07:09:27.555+07:00,3.000079473998994,3.466666666666667,27.733333333333334,15.600000000000001,21.53333333333333,-2.7333333333333343,42.1,ACTIVE,0.03167691599992395
2026-09-18T07:10:17.949+07:00,53.39012539800024,4.2_25rpm,25.0,25.0,0,2026-09-18T07:09:27.555+07:00,3.000079473998994,3.466666666666667,26.0,14.733333333333334,21.53333333333333,-1.0,42.1,ACTIVE,0.02456378300121287
2026-09-18T07:10:17.976+07:00,53.41902424299951,4.2_25rpm,25.0,25.0,0,2026-09-18T07:09:27.555+07:00,3.000079473998994,3.466666666666667,24.533333333333335,14.0,21.53333333333333,0.466666666666665,42.1,ACTIVE,0.028898844999275752
2026-09-18T07:10:18.012+07:00,53.44875190399944,4.2_25rpm,25.0,25.0,0,2026-09-18T07:09:27.555+07:00,3.000079473998994,14.066666666666666,22.2,18.133333333333333,10.933333333333334,2.8000000000000007,42.1,ACTIVE,0.02972766099992441
2026-09-18T07:10:18.050+07:00,53.49331874000018,4.2_25rpm,25.0,25.0,0,2026-09-18T07:09:27.555+07:00,3.000079473998994,15.666666666666666,21.4,18.53333333333333,9.333333333333334,3.6000000000000014,42.1,ACTIVE,0.044566836000740295
2026-09-18T07:10:18.085+07:00,53.520407915999385,4.2_25rpm,25.0,25.0,0,2026-09-18T07:09:27.555+07:00,3.000079473998994,18.066666666666666,22.266666666666666,20.166666666666664,6.933333333333334,2.7333333333333343,42.1,ACTIVE,0.027089175999208237
2026-09-18T07:10:18.104+07:00,53.54698220299906,4.2_25rpm,25.0,25.0,0,2026-09-18T07:09:27.555+07:00,3.000079473998994,21.4,24.466666666666665,22.93333333333333,3.6000000000000014,0.533333333333335,42.1,ACTIVE,0.026574286999675678
2026-09-18T07:10:18.132+07:00,53.574751872998604,4.2_25rpm,25.0,25.0,0,2026-09-18T07:09:27.555+07:00,3.000079473998994,25.533333333333335,26.266666666666666,25.9,-0.533333333333335,-1.2666666666666657,42.1,ACTIVE,0.027769669999543112
2026-09-18T07:10:18.158+07:00,53.60115748499993,4.2_25rpm,25.0,25.0,0,2026-09-18T07:09:27.555+07:00,3.000079473998994,23.6,26.266666666666666,24.933333333333334,1.3999999999999986,-1.2666666666666657,42.1,ACTIVE,0.026405612001326517
2026-09-18T07:10:18.186+07:00,53.6292472899986,4.2_25rpm,25.0,25.0,0,2026-09-18T07:09:27.555+07:00,3.000079473998994,23.6,26.6,25.1,1.3999999999999986,-1.6000000000000014,42.1,ACTIVE,0.028089804998671752
2026-09-18T07:10:18.215+07:00,53.658013075999406,4.2_25rpm,25.0,25.0,0,2026-09-18T07:09:27.555+07:00,3.000079473998994,18.0,27.6,22.8,7.0,-2.6000000000000014,42.1,ACTIVE,0.028765786000803928
2026-09-18T07:10:18.243+07:00,53.68679668599907,4.2_25rpm,25.0,25.0,0,2026-09-18T07:09:27.555+07:00,3.000079473998994,18.0,27.133333333333333,22.566666666666666,7.0,-2.133333333333333,42.1,ACTIVE,0.028783609999663895
2026-09-18T07:10:18.273+07:00,53.716475769999306,4.2_25rpm,25.0,25.0,0,2026-09-18T07:09:27.555+07:00,3.000079473998994,18.0,26.133333333333333,22.066666666666666,7.0,-1.1333333333333329,42.1,ACTIVE,0.02967908400023589
2026-09-18T07:10:18.302+07:00,53.745896320999236,4.2_25rpm,25.0,25.0,0,2026-09-18T07:09:27.555+07:00,3.000079473998994,18.0,25.6,21.8,7.0,-0.6000000000000014,42.1,ACTIVE,0.02942055099993013
2026-09-18T07:10:18.348+07:00,53.79159677899952,4.2_25rpm,25.0,25.0,0,2026-09-18T07:09:27.555+07:00,3.000079473998994,18.0,23.266666666666666,20.633333333333333,7.0,1.7333333333333343,42.1,ACTIVE,0.045700458000283106
2026-09-18T07:10:18.374+07:00,53.817189637999036,4.2_25rpm,25.0,25.0,0,2026-09-18T07:09:27.555+07:00,3.000079473998994,9.4,21.266666666666666,15.333333333333332,15.6,3.7333333333333343,42.1,ACTIVE,0.025592858999516466
2026-09-18T07:10:18.398+07:00,53.84206363500016,4.2_25rpm,25.0,25.0,0,2026-09-18T07:09:27.555+07:00,3.000079473998994,9.4,21.2,15.3,15.6,3.8000000000000007,42.1,ACTIVE,0.024873997001122916
2026-09-18T07:10:18.425+07:00,53.868793188999916,4.2_25rpm,25.0,25.0,0,2026-09-18T07:09:27.555+07:00,3.000079473998994,9.4,20.933333333333334,15.166666666666668,15.6,4.066666666666666,42.1,ACTIVE,0.026729553999757627
2026-09-18T07:10:18.456+07:00,53.89923187199929,4.2_25rpm,25.0,25.0,0,2026-09-18T07:09:27.555+07:00,3.000079473998994,9.4,22.0,15.7,15.6,3.0,42.1,ACTIVE,0.030438682999374578
2026-09-18T07:10:18.499+07:00,53.94238904799931,4.2_25rpm,25.0,25.0,0,2026-09-18T07:09:27.555+07:00,3.000079473998994,7.066666666666666,25.8,16.433333333333334,17.933333333333334,-0.8000000000000007,42.1,ACTIVE,0.043157176000022446
2026-09-18T07:10:18.523+07:00,53.96626769700015,4.2_25rpm,25.0,25.0,0,2026-09-18T07:09:27.555+07:00,3.000079473998994,7.066666666666666,27.133333333333333,17.1,17.933333333333334,-2.133333333333333,42.1,ACTIVE,0.02387864900083514
2026-09-18T07:10:18.550+07:00,53.993731120999655,4.2_25rpm,25.0,25.0,0,2026-09-18T07:09:27.555+07:00,3.000079473998994,7.066666666666666,28.666666666666668,17.866666666666667,17.933333333333334,-3.666666666666668,42.1,ACTIVE,0.02746342399950663
2026-09-18T07:10:18.577+07:00,54.02064362300007,4.2_25rpm,25.0,25.0,0,2026-09-18T07:09:27.555+07:00,3.000079473998994,7.066666666666666,28.266666666666666,17.666666666666664,17.933333333333334,-3.2666666666666657,42.1,ACTIVE,0.02691250200041395
2026-09-18T07:10:18.605+07:00,54.04835226799878,4.2_25rpm,25.0,25.0,0,2026-09-18T07:09:27.555+07:00,3.000079473998994,7.066666666666666,28.266666666666666,17.666666666666664,17.933333333333334,-3.2666666666666657,42.1,ACTIVE,0.027708644998710952
2026-09-18T07:10:18.633+07:00,54.07669385400004,4.2_25rpm,25.0,25.0,0,2026-09-18T07:09:27.555+07:00,3.000079473998994,7.066666666666666,27.133333333333333,17.1,17.933333333333334,-2.133333333333333,42.1,ACTIVE,0.02834158600126102
2026-09-18T07:10:18.665+07:00,54.107931656999426,4.2_25rpm,25.0,25.0,0,2026-09-18T07:09:27.555+07:00,3.000079473998994,7.066666666666666,25.666666666666668,16.366666666666667,17.933333333333334,-0.6666666666666679,42.1,ACTIVE,0.031237802999385167
2026-09-18T07:10:18.707+07:00,54.15057192599852,4.2_25rpm,25.0,25.0,0,2026-09-18T07:09:27.555+07:00,3.000079473998994,4.933333333333334,25.266666666666666,15.1,20.066666666666666,-0.2666666666666657,42.1,ACTIVE,0.04264026899909368
2026-09-18T07:10:18.734+07:00,54.17716262899921,4.2_25rpm,25.0,25.0,0,2026-09-18T07:09:27.555+07:00,3.000079473998994,4.933333333333334,23.133333333333333,14.033333333333333,20.066666666666666,1.8666666666666671,42.1,ACTIVE,0.026590703000692884
2026-09-18T07:10:18.761+07:00,54.204445601999396,4.2_25rpm,25.0,25.0,0,2026-09-18T07:09:27.555+07:00,3.000079473998994,4.933333333333334,21.0,12.966666666666667,20.066666666666666,4.0,42.1,ACTIVE,0.02728297300018312
2026-09-18T07:10:18.789+07:00,54.23224109599869,4.2_25rpm,25.0,25.0,0,2026-09-18T07:09:27.555+07:00,3.000079473998994,4.933333333333334,20.666666666666668,12.8,20.066666666666666,4.333333333333332,42.1,ACTIVE,0.027795493999292376
2026-09-18T07:10:18.818+07:00,54.26078575799875,4.2_25rpm,25.0,25.0,0,2026-09-18T07:09:27.555+07:00,3.000079473998994,4.933333333333334,20.666666666666668,12.8,20.066666666666666,4.333333333333332,42.1,ACTIVE,0.02854466200005845
2026-09-18T07:10:18.843+07:00,54.28683411400016,4.2_25rpm,25.0,25.0,0,2026-09-18T07:09:27.555+07:00,3.000079473998994,4.266666666666667,19.8,12.033333333333333,20.733333333333334,5.199999999999999,42.1,ACTIVE,0.026048356001410866
2026-09-18T07:10:18.873+07:00,54.31605469399983,4.2_25rpm,25.0,25.0,0,2026-09-18T07:09:27.555+07:00,3.000079473998994,5.333333333333333,22.6,13.966666666666667,19.666666666666668,2.3999999999999986,42.1,ACTIVE,0.029220579999673646
2026-09-18T07:10:18.903+07:00,54.346078392998606,4.2_25rpm,25.0,25.0,0,2026-09-18T07:09:27.555+07:00,3.000079473998994,6.6,24.333333333333332,15.466666666666665,18.4,0.6666666666666679,42.1,ACTIVE,0.030023698998775217
2026-09-18T07:10:18.933+07:00,54.37677733700002,4.2_25rpm,25.0,25.0,0,2026-09-18T07:09:27.555+07:00,3.000079473998994,22.266666666666666,26.933333333333334,24.6,2.7333333333333343,-1.9333333333333336,42.1,ACTIVE,0.03069894400141493
2026-09-18T07:10:18.986+07:00,54.42935434699939,4.2_25rpm,25.0,25.0,0,2026-09-18T07:09:27.555+07:00,3.000079473998994,26.466666666666665,30.333333333333332,28.4,-1.466666666666665,-5.333333333333332,42.0,ACTIVE,0.052577009999367874
2026-09-18T07:10:19.012+07:00,54.45509271299852,4.2_25rpm,25.0,25.0,0,2026-09-18T07:09:27.555+07:00,3.000079473998994,26.466666666666665,30.533333333333335,28.5,-1.466666666666665,-5.533333333333335,42.0,ACTIVE,0.02573836599913193
2026-09-18T07:10:19.039+07:00,54.482312260999606,4.2_25rpm,25.0,25.0,0,2026-09-18T07:09:27.555+07:00,3.000079473998994,22.8,28.866666666666667,25.833333333333336,2.1999999999999993,-3.866666666666667,42.0,ACTIVE,0.02721954800108506
2026-09-18T07:10:19.065+07:00,54.508385289000216,4.2_25rpm,25.0,25.0,0,2026-09-18T07:09:27.555+07:00,3.000079473998994,22.8,27.4,25.1,2.1999999999999993,-2.3999999999999986,42.1,ACTIVE,0.026073028000610066
2026-09-18T07:10:19.097+07:00,54.5406665369992,4.2_25rpm,25.0,25.0,0,2026-09-18T07:09:27.555+07:00,3.000079473998994,22.8,26.466666666666665,24.633333333333333,2.1999999999999993,-1.466666666666665,42.1,ACTIVE,0.03228124799898069
2026-09-18T07:10:19.125+07:00,54.56839300599859,4.2_25rpm,25.0,25.0,0,2026-09-18T07:09:27.555+07:00,3.000079473998994,22.8,24.066666666666666,23.433333333333334,2.1999999999999993,0.9333333333333336,42.1,ACTIVE,0.02772646899938991
2026-09-18T07:10:19.152+07:00,54.595071198998994,4.2_25rpm,25.0,25.0,0,2026-09-18T07:09:27.555+07:00,3.000079473998994,22.8,22.866666666666667,22.833333333333336,2.1999999999999993,2.133333333333333,42.1,ACTIVE,0.02667819300040719
2026-09-18T07:10:19.179+07:00,54.62125846999879,4.2_25rpm,25.0,25.0,0,2026-09-18T07:09:27.555+07:00,3.000079473998994,22.8,22.933333333333334,22.866666666666667,2.1999999999999993,2.0666666666666664,42.1,ACTIVE,0.026187270999798784
2026-09-18T07:10:19.204+07:00,54.64790664599968,4.2_25rpm,25.0,25.0,0,2026-09-18T07:09:27.555+07:00,3.000079473998994,22.8,22.933333333333334,22.866666666666667,2.1999999999999993,2.0666666666666664,42.1,ACTIVE,0.02664817600089009
2026-09-18T07:10:19.234+07:00,54.67766489999849,4.2_25rpm,25.0,25.0,0,2026-09-18T07:09:27.555+07:00,3.000079473998994,22.8,21.933333333333334,22.366666666666667,2.1999999999999993,3.0666666666666664,42.1,ACTIVE,0.02975825399880705
2026-09-18T07:10:19.281+07:00,54.72456230900025,4.2_25rpm,25.0,25.0,0,2026-09-18T07:09:27.555+07:00,3.000079473998994,22.8,21.333333333333332,22.066666666666666,2.1999999999999993,3.666666666666668,42.1,ACTIVE,0.046897409001758206
2026-09-18T07:10:19.307+07:00,54.75065056999847,4.2_25rpm,25.0,25.0,0,2026-09-18T07:09:27.555+07:00,3.000079473998994,22.8,21.066666666666666,21.933333333333334,2.1999999999999993,3.9333333333333336,42.0,ACTIVE,0.026088260998221813
2026-09-18T07:10:19.341+07:00,54.78363397599969,4.2_25rpm,25.0,25.0,0,2026-09-18T07:09:27.555+07:00,3.000079473998994,22.8,22.333333333333332,22.566666666666666,2.1999999999999993,2.666666666666668,42.0,ACTIVE,0.03298340600122174
2026-09-18T07:10:19.367+07:00,54.81002032299875,4.2_25rpm,25.0,25.0,0,2026-09-18T07:09:27.555+07:00,3.000079473998994,22.8,25.2,24.0,2.1999999999999993,-0.1999999999999993,42.0,ACTIVE,0.02638634699906106
2026-09-18T07:10:19.395+07:00,54.83810033499867,4.2_25rpm,25.0,25.0,0,2026-09-18T07:09:27.555+07:00,3.000079473998994,22.8,26.933333333333334,24.866666666666667,2.1999999999999993,-1.9333333333333336,42.0,ACTIVE,0.028080011999918497
2026-09-18T07:10:19.420+07:00,54.862996763999035,4.2_25rpm,25.0,25.0,0,2026-09-18T07:09:27.555+07:00,3.000079473998994,22.8,28.533333333333335,25.666666666666668,2.1999999999999993,-3.533333333333335,42.0,ACTIVE,0.02489642900036415
2026-09-18T07:10:19.447+07:00,54.88977985499878,4.2_25rpm,25.0,25.0,0,2026-09-18T07:09:27.555+07:00,3.000079473998994,22.8,27.4,25.1,2.1999999999999993,-2.3999999999999986,42.0,ACTIVE,0.026783090999742853
2026-09-18T07:10:19.477+07:00,54.91865837899968,4.2_25rpm,25.0,25.0,0,2026-09-18T07:09:27.555+07:00,3.000079473998994,22.8,26.133333333333333,24.46666666666667,2.1999999999999993,-1.1333333333333329,42.0,ACTIVE,0.02887852400090196
2026-09-18T07:10:19.522+07:00,54.96562970999912,4.2_25rpm,25.0,25.0,0,2026-09-18T07:09:27.555+07:00,3.000079473998994,22.8,26.266666666666666,24.53333333333333,2.1999999999999993,-1.2666666666666657,42.1,ACTIVE,0.0469713309994404
2026-09-18T07:10:19.551+07:00,54.99485483299941,4.2_25rpm,25.0,25.0,0,2026-09-18T07:09:27.555+07:00,3.000079473998994,0.0,24.8,12.4,25.0,0.1999999999999993,42.1,ACTIVE,0.029225123000287567
2026-09-18T07:10:19.580+07:00,55.023348134000116,4.2_25rpm,25.0,25.0,0,2026-09-18T07:09:27.555+07:00,3.000079473998994,0.0,22.933333333333334,11.466666666666667,25.0,2.0666666666666664,42.0,ACTIVE,0.028493301000708016
2026-09-18T07:10:19.610+07:00,55.05344815399985,4.2_25rpm,25.0,25.0,0,2026-09-18T07:09:27.555+07:00,3.000079473998994,4.066666666666666,22.6,13.333333333333334,20.933333333333334,2.3999999999999986,42.0,ACTIVE,0.030100019999736105
2026-09-18T07:10:19.640+07:00,55.08006141799888,4.2_25rpm,25.0,25.0,0,2026-09-18T07:09:27.555+07:00,3.000079473998994,4.0,21.133333333333333,12.566666666666666,21.0,3.866666666666667,42.0,ACTIVE,0.02661326399902464
2026-09-18T07:10:19.665+07:00,55.10802805200001,4.2_25rpm,25.0,25.0,0,2026-09-18T07:09:27.555+07:00,3.000079473998994,3.8666666666666667,20.2,12.033333333333333,21.133333333333333,4.800000000000001,42.0,ACTIVE,0.02796663400113175
2026-09-18T07:10:19.693+07:00,55.13560616599898,4.2_25rpm,25.0,25.0,0,2026-09-18T07:09:27.555+07:00,3.000079473998994,3.8666666666666667,21.0,12.433333333333334,21.133333333333333,4.0,42.0,ACTIVE,0.027578113998970366
2026-09-18T07:10:19.719+07:00,55.162499786998524,4.2_25rpm,25.0,25.0,0,2026-09-18T07:09:27.555+07:00,3.000079473998994,17.866666666666667,21.333333333333332,19.6,7.133333333333333,3.666666666666668,42.0,ACTIVE,0.02689362099954451
2026-09-18T07:10:19.755+07:00,55.18939033599963,4.2_25rpm,25.0,25.0,0,2026-09-18T07:09:27.555+07:00,3.000079473998994,20.533333333333335,22.533333333333335,21.533333333333335,4.466666666666665,2.466666666666665,42.1,ACTIVE,0.02689054900110932
2026-09-18T07:10:19.779+07:00,55.22184096299861,4.2_25rpm,25.0,25.0,0,2026-09-18T07:09:27.555+07:00,3.000079473998994,24.866666666666667,25.0,24.933333333333334,0.13333333333333286,0.0,42.1,ACTIVE,0.032450626998979715
2026-09-18T07:10:19.811+07:00,55.25196427999981,4.2_25rpm,25.0,25.0,0,2026-09-18T07:09:27.555+07:00,3.000079473998994,29.933333333333334,26.466666666666665,28.2,-4.933333333333334,-1.466666666666665,42.1,ACTIVE,0.030123317001198302
2026-09-18T07:10:19.834+07:00,55.27720986900022,4.2_25rpm,25.0,25.0,0,2026-09-18T07:09:27.555+07:00,3.000079473998994,28.533333333333335,28.8,28.666666666666668,-3.533333333333335,-3.8000000000000007,42.0,ACTIVE,0.025245589000405744
2026-09-18T07:10:19.866+07:00,55.30924087099993,4.2_25rpm,25.0,25.0,0,2026-09-18T07:09:27.555+07:00,3.000079473998994,28.533333333333335,28.8,28.666666666666668,-3.533333333333335,-3.8000000000000007,42.0,ACTIVE,0.032031001999712316
2026-09-18T07:10:19.897+07:00,55.34026017399992,4.2_25rpm,25.0,25.0,0,2026-09-18T07:09:27.555+07:00,3.000079473998994,21.2,28.133333333333333,24.666666666666664,3.8000000000000007,-3.133333333333333,42.0,ACTIVE,0.03101930299999367
2026-09-18T07:10:19.946+07:00,55.386584227999265,4.2_25rpm,25.0,25.0,0,2026-09-18T07:09:27.555+07:00,3.000079473998994,21.2,26.8,24.0,3.8000000000000007,-1.8000000000000007,42.1,ACTIVE,0.04632405399934214
2026-09-18T07:10:19.976+07:00,55.419006373998855,4.2_25rpm,25.0,25.0,0,2026-09-18T07:09:27.555+07:00,3.000079473998994,21.2,25.333333333333332,23.266666666666666,3.8000000000000007,-0.33333333333333215,42.1,ACTIVE,0.0324221459995897
2026-09-18T07:10:20.003+07:00,55.44612435199997,4.2_25rpm,25.0,25.0,0,2026-09-18T07:09:27.555+07:00,3.000079473998994,21.2,24.8,23.0,3.8000000000000007,0.1999999999999993,42.1,ACTIVE,0.02711797800111526
2026-09-18T07:10:20.031+07:00,55.47113857499971,4.2_25rpm,25.0,25.0,0,2026-09-18T07:09:27.555+07:00,3.000079473998994,21.2,23.933333333333334,22.566666666666666,3.8000000000000007,1.0666666666666664,42.1,ACTIVE,0.02501422299974365
2026-09-18T07:10:20.056+07:00,55.49933510200026,4.2_25rpm,25.0,25.0,0,2026-09-18T07:09:27.555+07:00,3.000079473998994,21.2,23.666666666666668,22.433333333333334,3.8000000000000007,1.3333333333333321,42.1,ACTIVE,0.028196527000545757
2026-09-18T07:10:20.089+07:00,55.53261406599995,4.2_25rpm,25.0,25.0,0,2026-09-18T07:09:27.555+07:00,3.000079473998994,21.2,24.533333333333335,22.866666666666667,3.8000000000000007,0.466666666666665,42.1,ACTIVE,0.03327896399969177
2026-09-18T07:10:20.123+07:00,55.56689439299953,4.2_25rpm,25.0,25.0,0,2026-09-18T07:09:27.555+07:00,3.000079473998994,21.2,25.466666666666665,23.333333333333332,3.8000000000000007,-0.466666666666665,42.1,ACTIVE,0.03428032699957839
2026-09-18T07:10:20.153+07:00,55.596594052998626,4.2_25rpm,25.0,25.0,0,2026-09-18T07:09:27.555+07:00,3.000079473998994,21.2,26.333333333333332,23.766666666666666,3.8000000000000007,-1.3333333333333321,42.1,ACTIVE,0.029699659999096184
2026-09-18T07:10:20.183+07:00,55.623821504999796,4.2_25rpm,25.0,25.0,0,2026-09-18T07:09:27.555+07:00,3.000079473998994,21.2,26.266666666666666,23.733333333333334,3.8000000000000007,-1.2666666666666657,42.1,ACTIVE,0.027227452001170604
2026-09-18T07:10:20.204+07:00,55.64705204500024,4.2_25rpm,25.0,25.0,0,2026-09-18T07:09:27.555+07:00,3.000079473998994,21.2,25.666666666666668,23.433333333333334,3.8000000000000007,-0.6666666666666679,42.1,ACTIVE,0.02323054000044067
2026-09-18T07:10:20.230+07:00,55.673082000999784,4.2_25rpm,25.0,25.0,0,2026-09-18T07:09:27.555+07:00,3.000079473998994,21.2,25.4,23.299999999999997,3.8000000000000007,-0.3999999999999986,42.1,ACTIVE,0.026029955999547383
2026-09-18T07:10:20.257+07:00,55.70053576099963,4.2_25rpm,25.0,25.0,0,2026-09-18T07:09:27.555+07:00,3.000079473998994,21.2,24.4,22.799999999999997,3.8000000000000007,0.6000000000000014,42.1,ACTIVE,0.027453759999843896
2026-09-18T07:10:20.298+07:00,55.74110750899854,4.2_25rpm,25.0,25.0,0,2026-09-18T07:09:27.555+07:00,3.000079473998994,21.2,23.133333333333333,22.166666666666664,3.8000000000000007,1.8666666666666671,42.1,ACTIVE,0.04057174799891072
2026-09-18T07:10:20.326+07:00,55.76903126199977,4.2_25rpm,25.0,25.0,0,2026-09-18T07:09:27.555+07:00,3.000079473998994,21.2,23.133333333333333,22.166666666666664,3.8000000000000007,1.8666666666666671,42.1,ACTIVE,0.0279237530012324
2026-09-18T07:10:20.352+07:00,55.79530538200015,4.2_25rpm,25.0,25.0,0,2026-09-18T07:09:27.555+07:00,3.000079473998994,21.2,22.666666666666668,21.933333333333334,3.8000000000000007,2.333333333333332,42.1,ACTIVE,0.026274120000380208
2026-09-18T07:10:20.380+07:00,55.82337662699865,4.2_25rpm,25.0,25.0,0,2026-09-18T07:09:27.555+07:00,3.000079473998994,21.2,22.733333333333334,21.96666666666667,3.8000000000000007,2.2666666666666657,42.1,ACTIVE,0.028071244998500333
2026-09-18T07:10:20.410+07:00,55.852931995999825,4.2_25rpm,25.0,25.0,0,2026-09-18T07:09:27.555+07:00,3.000079473998994,0.0,23.933333333333334,11.966666666666667,25.0,1.0666666666666664,42.1,ACTIVE,0.02955536900117295
2026-09-18T07:10:20.447+07:00,55.88119655599985,4.2_25rpm,25.0,25.0,0,2026-09-18T07:09:27.555+07:00,3.000079473998994,0.0,24.333333333333332,12.166666666666666,25.0,0.6666666666666679,42.1,ACTIVE,0.028264560000025085
2026-09-18T07:10:20.467+07:00,55.910455119999824,4.2_25rpm,25.0,25.0,0,2026-09-18T07:09:27.555+07:00,3.000079473998994,3.933333333333333,25.4,14.666666666666666,21.066666666666666,-0.3999999999999986,42.1,ACTIVE,0.029258563999974285
2026-09-18T07:10:20.513+07:00,55.95509184399998,4.2_25rpm,25.0,25.0,0,2026-09-18T07:09:27.555+07:00,3.000079473998994,3.8,28.533333333333335,16.166666666666668,21.2,-3.533333333333335,42.1,ACTIVE,0.04463672400015639
2026-09-18T07:10:20.546+07:00,55.98672491899924,4.2_25rpm,25.0,25.0,0,2026-09-18T07:09:27.555+07:00,3.000079473998994,3.7333333333333334,30.066666666666666,16.9,21.266666666666666,-5.066666666666666,42.1,ACTIVE,0.031633074999263044
2026-09-18T07:10:20.567+07:00,56.01041617299961,4.2_25rpm,25.0,25.0,0,2026-09-18T07:09:27.555+07:00,3.000079473998994,3.8,27.866666666666667,15.833333333333334,21.2,-2.866666666666667,42.1,ACTIVE,0.023691254000368644
2026-09-18T07:10:20.595+07:00,56.03629860499859,4.2_25rpm,25.0,25.0,0,2026-09-18T07:09:27.555+07:00,3.000079473998994,15.4,27.866666666666667,21.633333333333333,9.6,-2.866666666666667,42.1,ACTIVE,0.025882431998979882
2026-09-18T07:10:20.620+07:00,56.063519592999,4.2_25rpm,25.0,25.0,0,2026-09-18T07:09:27.555+07:00,3.000079473998994,20.866666666666667,25.2,23.03333333333333,4.133333333333333,-0.1999999999999993,42.1,ACTIVE,0.027220988000408397
2026-09-18T07:10:20.647+07:00,56.09052159999919,4.2_25rpm,25.0,25.0,0,2026-09-18T07:09:27.555+07:00,3.000079473998994,25.866666666666667,23.666666666666668,24.766666666666666,-0.8666666666666671,1.3333333333333321,42.1,ACTIVE,0.027002007000191952
2026-09-18T07:10:20.679+07:00,56.11871431799955,4.2_25rpm,25.0,25.0,0,2026-09-18T07:09:27.555+07:00,3.000079473998994,32.46666666666667,21.666666666666668,27.06666666666667,-7.466666666666669,3.333333333333332,42.1,ACTIVE,0.028192718000354944
2026-09-18T07:10:20.703+07:00,56.146394579000116,4.2_25rpm,25.0,25.0,0,2026-09-18T07:09:27.555+07:00,3.000079473998994,29.2,20.666666666666668,24.933333333333334,-4.199999999999999,4.333333333333332,42.1,ACTIVE,0.027680261000568862
2026-09-18T07:10:20.747+07:00,56.18990286499866,4.2_25rpm,25.0,25.0,0,2026-09-18T07:09:27.555+07:00,3.000079473998994,24.133333333333333,22.466666666666665,23.299999999999997,0.8666666666666671,2.533333333333335,42.1,ACTIVE,0.043508285998541396
2026-09-18T07:10:20.773+07:00,56.216133944999456,4.2_25rpm,25.0,25.0,0,2026-09-18T07:09:27.555+07:00,3.000079473998994,24.133333333333333,24.066666666666666,24.1,0.8666666666666671,0.9333333333333336,42.1,ACTIVE,0.0262310800007981
2026-09-18T07:10:20.801+07:00,56.244044545999714,4.2_25rpm,25.0,25.0,0,2026-09-18T07:09:27.555+07:00,3.000079473998994,24.133333333333333,27.066666666666666,25.6,0.8666666666666671,-2.0666666666666664,42.1,ACTIVE,0.027910601000257884
2026-09-18T07:10:20.829+07:00,56.27027428099973,4.2_25rpm,25.0,25.0,0,2026-09-18T07:09:27.555+07:00,3.000079473998994,24.133333333333333,27.666666666666668,25.9,0.8666666666666671,-2.666666666666668,42.1,ACTIVE,0.026229735000015353
2026-09-18T07:10:20.854+07:00,56.297768489999726,4.2_25rpm,25.0,25.0,0,2026-09-18T07:09:27.555+07:00,3.000079473998994,24.133333333333333,28.466666666666665,26.299999999999997,0.8666666666666671,-3.466666666666665,42.1,ACTIVE,0.027494208999996772
2026-09-18T07:10:20.885+07:00,56.327991584999836,4.2_25rpm,25.0,25.0,0,2026-09-18T07:09:27.555+07:00,3.000079473998994,24.133333333333333,29.6,26.866666666666667,0.8666666666666671,-4.600000000000001,42.0,ACTIVE,0.030223095000110334
2026-09-18T07:10:20.916+07:00,56.35911696999938,4.2_25rpm,25.0,25.0,0,2026-09-18T07:09:27.555+07:00,3.000079473998994,24.133333333333333,28.133333333333333,26.133333333333333,0.8666666666666671,-3.133333333333333,42.0,ACTIVE,0.031125384999540984
2026-09-18T07:10:20.949+07:00,56.39037560499855,4.2_25rpm,25.0,25.0,0,2026-09-18T07:09:27.555+07:00,3.000079473998994,24.133333333333333,26.333333333333332,25.233333333333334,0.8666666666666671,-1.3333333333333321,42.0,ACTIVE,0.03125863499917614
2026-09-18T07:10:20.983+07:00,56.42412900999989,4.2_25rpm,25.0,25.0,0,2026-09-18T07:09:27.555+07:00,3.000079473998994,24.133333333333333,24.4,24.266666666666666,0.8666666666666671,0.6000000000000014,42.0,ACTIVE,0.03375340500133461
2026-09-18T07:10:21.029+07:00,56.46204297700024,4.2_25rpm,25.0,25.0,0,2026-09-18T07:09:27.555+07:00,3.000079473998994,24.133333333333333,22.533333333333335,23.333333333333336,0.8666666666666671,2.466666666666665,42.0,ACTIVE,0.03791396700034966
2026-09-18T07:10:21.062+07:00,56.505553470999075,4.2_25rpm,25.0,25.0,0,2026-09-18T07:09:27.555+07:00,3.000079473998994,24.133333333333333,21.333333333333332,22.733333333333334,0.8666666666666671,3.666666666666668,42.0,ACTIVE,0.043510493998837774
2026-09-18T07:10:21.089+07:00,56.532729368998844,4.2_25rpm,25.0,25.0,0,2026-09-18T07:09:27.555+07:00,3.000079473998994,24.133333333333333,19.733333333333334,21.933333333333334,0.8666666666666671,5.266666666666666,42.0,ACTIVE,0.027175897999768495
2026-09-18T07:10:21.119+07:00,56.55798644599963,4.2_25rpm,25.0,25.0,0,2026-09-18T07:09:27.555+07:00,3.000079473998994,24.133333333333333,19.2,21.666666666666664,0.8666666666666671,5.800000000000001,42.0,ACTIVE,0.02525707700078783
2026-09-18T07:10:21.144+07:00,56.58532836299855,4.2_25rpm,25.0,25.0,0,2026-09-18T07:09:27.555+07:00,3.000079473998994,24.133333333333333,20.533333333333335,22.333333333333336,0.8666666666666671,4.466666666666665,42.0,ACTIVE,0.02734191699892108
2026-09-18T07:10:21.175+07:00,56.61364201200013,4.2_25rpm,25.0,25.0,0,2026-09-18T07:09:27.555+07:00,3.000079473998994,24.133333333333333,22.2,23.166666666666664,0.8666666666666671,2.8000000000000007,42.0,ACTIVE,0.02831364900157496
2026-09-18T07:10:21.198+07:00,56.6411557729989,4.2_25rpm,25.0,25.0,0,2026-09-18T07:09:27.555+07:00,3.000079473998994,24.133333333333333,24.066666666666666,24.1,0.8666666666666671,0.9333333333333336,42.0,ACTIVE,0.02751376099877234
2026-09-18T07:10:21.224+07:00,56.66780215699873,4.2_25rpm,25.0,25.0,0,2026-09-18T07:09:27.555+07:00,3.000079473998994,0.0,26.733333333333334,13.366666666666667,25.0,-1.7333333333333343,42.0,ACTIVE,0.026646383999832324
2026-09-18T07:10:21.252+07:00,56.695324622000044,4.2_25rpm,25.0,25.0,0,2026-09-18T07:09:27.555+07:00,3.000079473998994,0.0,26.733333333333334,13.366666666666667,25.0,-1.7333333333333343,42.0,ACTIVE,0.027522465001311502
2026-09-18T07:10:21.296+07:00,56.7237418249988,4.2_25rpm,25.0,25.0,0,2026-09-18T07:09:27.555+07:00,3.000079473998994,4.133333333333334,26.8,15.466666666666667,20.866666666666667,-1.8000000000000007,42.0,ACTIVE,0.028417202998753055
2026-09-18T07:10:21.325+07:00,56.76862156199968,4.2_25rpm,25.0,25.0,0,2026-09-18T07:09:27.555+07:00,3.000079473998994,4.133333333333334,26.333333333333332,15.233333333333333,20.866666666666667,-1.3333333333333321,42.0,ACTIVE,0.044879737000883324
2026-09-18T07:10:21.356+07:00,56.795414092999636,4.2_25rpm,25.0,25.0,0,2026-09-18T07:09:27.555+07:00,3.000079473998994,3.933333333333333,24.933333333333334,14.433333333333334,21.066666666666666,0.06666666666666643,42.0,ACTIVE,0.02679253099995549
2026-09-18T07:10:21.387+07:00,56.82287879700016,4.2_25rpm,25.0,25.0,0,2026-09-18T07:09:27.555+07:00,3.000079473998994,3.8666666666666667,23.933333333333334,13.9,21.133333333333333,1.0666666666666664,42.0,ACTIVE,0.027464704000522033
2026-09-18T07:10:21.410+07:00,56.85333053700015,4.2_25rpm,25.0,25.0,0,2026-09-18T07:09:27.555+07:00,3.000079473998994,3.8,22.333333333333332,13.066666666666666,21.2,2.666666666666668,42.0,ACTIVE,0.030451739999989513
2026-09-18T07:10:21.436+07:00,56.87766657099928,4.2_25rpm,25.0,25.0,0,2026-09-18T07:09:27.555+07:00,3.000079473998994,17.933333333333334,22.333333333333332,20.133333333333333,7.066666666666666,2.666666666666668,42.1,ACTIVE,0.024336033999134088
2026-09-18T07:10:21.466+07:00,56.9086286239999,4.2_25rpm,25.0,25.0,0,2026-09-18T07:09:27.555+07:00,3.000079473998994,21.066666666666666,21.133333333333333,21.1,3.9333333333333336,3.866666666666667,42.0,ACTIVE,0.03096205300062138
2026-09-18T07:10:21.497+07:00,56.93987660299899,4.2_25rpm,25.0,25.0,0,2026-09-18T07:09:27.555+07:00,3.000079473998994,32.46666666666667,21.533333333333335,27.0,-7.466666666666669,3.466666666666665,42.0,ACTIVE,0.031247978999090265
2026-09-18T07:10:21.525+07:00,56.968097481998484,4.2_25rpm,25.0,25.0,0,2026-09-18T07:09:27.555+07:00,3.000079473998994,30.533333333333335,22.266666666666666,26.4,-5.533333333333335,2.7333333333333343,42.1,ACTIVE,0.028220878999491106
2026-09-18T07:10:21.558+07:00,57.00118668199866,4.2_25rpm,25.0,25.0,0,2026-09-18T07:09:27.555+07:00,3.000079473998994,26.6,24.4,25.5,-1.6000000000000014,0.6000000000000014,42.1,ACTIVE,0.03308920000017679
2026-09-18T07:10:21.588+07:00,57.02795418799906,4.2_25rpm,25.0,25.0,0,2026-09-18T07:09:27.555+07:00,3.000079473998994,26.6,25.4,26.0,-1.6000000000000014,-0.3999999999999986,42.0,ACTIVE,0.02676750600039668
2026-09-18T07:10:21.619+07:00,57.06137321799906,4.2_25rpm,25.0,25.0,0,2026-09-18T07:09:27.555+07:00,3.000079473998994,22.866666666666667,26.466666666666665,24.666666666666664,2.133333333333333,-1.466666666666665,42.0,ACTIVE,0.03341903000000457
2026-09-18T07:10:21.653+07:00,57.0893645569995,4.2_25rpm,25.0,25.0,0,2026-09-18T07:09:27.555+07:00,3.000079473998994,22.866666666666667,27.066666666666666,24.96666666666667,2.133333333333333,-2.0666666666666664,42.0,ACTIVE,0.02799133900043671
2026-09-18T07:10:21.680+07:00,57.11975770299978,4.2_25rpm,25.0,25.0,0,2026-09-18T07:09:27.555+07:00,3.000079473998994,16.8,26.2,21.5,8.2,-1.1999999999999993,42.0,ACTIVE,0.030393146000278648
2026-09-18T07:10:21.701+07:00,57.143341241999224,4.2_25rpm,25.0,25.0,0,2026-09-18T07:09:27.555+07:00,3.000079473998994,16.8,25.733333333333334,21.266666666666666,8.2,-0.7333333333333343,42.0,ACTIVE,0.02358353899944632
2026-09-18T07:10:21.730+07:00,57.17082082599882,4.2_25rpm,25.0,25.0,0,2026-09-18T07:09:27.555+07:00,3.000079473998994,16.8,25.733333333333334,21.266666666666666,8.2,-0.7333333333333343,42.1,ACTIVE,0.02747958399959316
2026-09-18T07:10:21.759+07:00,57.20215197499965,4.2_25rpm,25.0,25.0,0,2026-09-18T07:09:27.555+07:00,3.000079473998994,11.533333333333333,24.2,17.866666666666667,13.466666666666667,0.8000000000000007,42.0,ACTIVE,0.03133114900083456
2026-09-18T07:10:21.790+07:00,57.23313121299907,4.2_25rpm,25.0,25.0,0,2026-09-18T07:09:27.555+07:00,3.000079473998994,11.533333333333333,25.066666666666666,18.3,13.466666666666667,-0.06666666666666643,42.0,ACTIVE,0.03097923799941782
2026-09-18T07:10:21.817+07:00,57.26048241099852,4.2_25rpm,25.0,25.0,0,2026-09-18T07:09:27.555+07:00,3.000079473998994,11.533333333333333,25.266666666666666,18.4,13.466666666666667,-0.2666666666666657,42.1,ACTIVE,0.02735119799945096
2026-09-18T07:10:21.851+07:00,57.29399197099883,4.2_25rpm,25.0,25.0,0,2026-09-18T07:09:27.555+07:00,3.000079473998994,9.066666666666666,25.733333333333334,17.4,15.933333333333334,-0.7333333333333343,42.1,ACTIVE,0.03350956000031147
2026-09-18T07:10:21.879+07:00,57.32042148599976,4.2_25rpm,25.0,25.0,0,2026-09-18T07:09:27.555+07:00,3.000079473998994,9.066666666666666,26.6,17.833333333333336,15.933333333333334,-1.6000000000000014,42.1,ACTIVE,0.026429515000927495
2026-09-18T07:10:21.911+07:00,57.34862857299959,4.2_25rpm,25.0,25.0,0,2026-09-18T07:09:27.555+07:00,3.000079473998994,9.066666666666666,26.4,17.733333333333334,15.933333333333334,-1.3999999999999986,42.1,ACTIVE,0.02820708699982788
2026-09-18T07:10:21.949+07:00,57.39236630300002,4.2_25rpm,25.0,25.0,0,2026-09-18T07:09:27.555+07:00,3.000079473998994,8.4,27.6,18.0,16.6,-2.6000000000000014,42.1,ACTIVE,0.04373773000043002
2026-09-18T07:10:21.976+07:00,57.41884535600002,4.2_25rpm,25.0,25.0,0,2026-09-18T07:09:27.555+07:00,3.000079473998994,8.8,27.533333333333335,18.166666666666668,16.2,-2.533333333333335,42.1,ACTIVE,0.02647905300000275
2026-09-18T07:10:22.007+07:00,57.44648254299864,4.2_25rpm,25.0,25.0,0,2026-09-18T07:09:27.555+07:00,3.000079473998994,10.666666666666666,28.266666666666666,19.466666666666665,14.333333333333334,-3.2666666666666657,42.1,ACTIVE,0.027637186998617835
2026-09-18T07:10:22.035+07:00,57.4727898809997,4.2_25rpm,25.0,25.0,0,2026-09-18T07:09:27.555+07:00,3.000079473998994,10.666666666666666,27.4,19.03333333333333,14.333333333333334,-2.3999999999999986,42.1,ACTIVE,0.026307338001060998
2026-09-18T07:10:22.056+07:00,57.49957457100027,4.2_25rpm,25.0,25.0,0,2026-09-18T07:09:27.555+07:00,3.000079473998994,13.8,27.6,20.700000000000003,11.2,-2.6000000000000014,42.1,ACTIVE,0.026784690000567934
2026-09-18T07:10:22.084+07:00,57.52760194199982,4.2_25rpm,25.0,25.0,0,2026-09-18T07:09:27.555+07:00,3.000079473998994,15.466666666666667,28.466666666666665,21.966666666666665,9.533333333333333,-3.466666666666665,42.1,ACTIVE,0.02802737099955266
2026-09-18T07:10:22.129+07:00,57.5726011379993,4.2_25rpm,25.0,25.0,0,2026-09-18T07:09:27.555+07:00,3.000079473998994,16.8,27.2,22.0,8.2,-2.1999999999999993,42.1,ACTIVE,0.044999195999480435
2026-09-18T07:10:22.160+07:00,57.60381266799959,4.2_25rpm,25.0,25.0,0,2026-09-18T07:09:27.555+07:00,3.000079473998994,17.0,26.0,21.5,8.0,-1.0,42.1,ACTIVE,0.031211530000291532
2026-09-18T07:10:22.187+07:00,57.63049172399951,4.2_25rpm,25.0,25.0,0,2026-09-18T07:09:27.555+07:00,3.000079473998994,17.0,24.6,20.8,8.0,0.3999999999999986,42.1,ACTIVE,0.02667905599992082
2026-09-18T07:10:22.213+07:00,57.655528283999956,4.2_25rpm,25.0,25.0,0,2026-09-18T07:09:27.555+07:00,3.000079473998994,17.0,24.133333333333333,20.566666666666666,8.0,0.8666666666666671,42.1,ACTIVE,0.025036560000444297
2026-09-18T07:10:22.242+07:00,57.68456450699887,4.2_25rpm,25.0,25.0,0,2026-09-18T07:09:27.555+07:00,3.000079473998994,14.6,24.866666666666667,19.733333333333334,10.4,0.13333333333333286,42.1,ACTIVE,0.0290362229989114
2026-09-18T07:10:22.268+07:00,57.71026658499977,4.2_25rpm,25.0,25.0,0,2026-09-18T07:09:27.555+07:00,3.000079473998994,14.6,25.866666666666667,20.233333333333334,10.4,-0.8666666666666671,42.1,ACTIVE,0.025702078000904294
2026-09-18T07:10:22.312+07:00,57.754714953000075,4.2_25rpm,25.0,25.0,0,2026-09-18T07:09:27.555+07:00,3.000079473998994,11.466666666666667,26.733333333333334,19.1,13.533333333333333,-1.7333333333333343,42.1,ACTIVE,0.04444836800030316
2026-09-18T07:10:22.341+07:00,57.781598716999724,4.2_25rpm,25.0,25.0,0,2026-09-18T07:09:27.555+07:00,3.000079473998994,11.466666666666667,25.6,18.533333333333335,13.533333333333333,-0.6000000000000014,42.1,ACTIVE,0.02688376399964909
2026-09-18T07:10:22.363+07:00,57.80690203499944,4.2_25rpm,25.0,25.0,0,2026-09-18T07:09:27.555+07:00,3.000079473998994,11.466666666666667,25.6,18.533333333333335,13.533333333333333,-0.6000000000000014,42.1,ACTIVE,0.025303317999714636
2026-09-18T07:10:22.391+07:00,57.8339668589997,4.2_25rpm,25.0,25.0,0,2026-09-18T07:09:27.555+07:00,3.000079473998994,10.0,23.866666666666667,16.933333333333334,15.0,1.1333333333333329,42.1,ACTIVE,0.027064824000262888
2026-09-18T07:10:22.437+07:00,57.88046425999892,4.2_25rpm,25.0,25.0,0,2026-09-18T07:09:27.555+07:00,3.000079473998994,9.8,22.2,16.0,15.2,2.8000000000000007,42.1,ACTIVE,0.04649740099921473
2026-09-18T07:10:22.473+07:00,57.916955254999266,4.2_25rpm,25.0,25.0,0,2026-09-18T07:09:27.555+07:00,3.000079473998994,11.466666666666667,21.133333333333333,16.3,13.533333333333333,3.866666666666667,42.1,ACTIVE,0.03649099500034936
2026-09-18T07:10:22.498+07:00,57.94162214300013,4.2_25rpm,25.0,25.0,0,2026-09-18T07:09:27.555+07:00,3.000079473998994,15.866666666666667,21.266666666666666,18.566666666666666,9.133333333333333,3.7333333333333343,42.1,ACTIVE,0.024666888000865583
2026-09-18T07:10:22.526+07:00,57.96954135199849,4.2_25rpm,25.0,25.0,0,2026-09-18T07:09:27.555+07:00,3.000079473998994,21.066666666666666,21.0,21.03333333333333,3.9333333333333336,4.0,42.1,ACTIVE,0.027919208998355316
2026-09-18T07:10:22.552+07:00,57.99566641399906,4.2_25rpm,25.0,25.0,0,2026-09-18T07:09:27.555+07:00,3.000079473998994,24.066666666666666,22.0,23.03333333333333,0.9333333333333336,3.0,42.1,ACTIVE,0.026125062000573962
2026-09-18T07:10:22.580+07:00,58.02343073999873,4.2_25rpm,25.0,25.0,0,2026-09-18T07:09:27.555+07:00,3.000079473998994,24.066666666666666,24.4,24.233333333333334,0.9333333333333336,0.6000000000000014,42.1,ACTIVE,0.02776432599966938
2026-09-18T07:10:22.608+07:00,58.05095979699945,4.2_25rpm,25.0,25.0,0,2026-09-18T07:09:27.555+07:00,3.000079473998994,20.733333333333334,26.666666666666668,23.700000000000003,4.266666666666666,-1.6666666666666679,42.1,ACTIVE,0.02752905700072006
2026-09-18T07:10:22.633+07:00,58.07670731500002,4.2_25rpm,25.0,25.0,0,2026-09-18T07:09:27.555+07:00,3.000079473998994,20.733333333333334,28.733333333333334,24.733333333333334,4.266666666666666,-3.7333333333333343,42.1,ACTIVE,0.02574751800057129
2026-09-18T07:10:22.661+07:00,58.10492876999888,4.2_25rpm,25.0,25.0,0,2026-09-18T07:09:27.555+07:00,3.000079473998994,20.733333333333334,29.6,25.166666666666668,4.266666666666666,-4.600000000000001,42.1,ACTIVE,0.028221454998856643
2026-09-18T07:10:22.690+07:00,58.13296718099991,4.2_25rpm,25.0,25.0,0,2026-09-18T07:09:27.555+07:00,3.000079473998994,20.733333333333334,28.2,24.46666666666667,4.266666666666666,-3.1999999999999993,42.1,ACTIVE,0.028038411001034547
2026-09-18T07:10:22.718+07:00,58.16137267199883,4.2_25rpm,25.0,25.0,0,2026-09-18T07:09:27.555+07:00,3.000079473998994,20.733333333333334,27.8,24.266666666666666,4.266666666666666,-2.8000000000000007,42.1,ACTIVE,0.028405490998920868
2026-09-18T07:10:22.747+07:00,58.189595439000186,4.2_25rpm,25.0,25.0,0,2026-09-18T07:09:27.555+07:00,3.000079473998994,20.733333333333334,25.933333333333334,23.333333333333336,4.266666666666666,-0.9333333333333336,42.0,ACTIVE,0.028222767001352622
2026-09-18T07:10:22.781+07:00,58.22266857399882,4.2_25rpm,25.0,25.0,0,2026-09-18T07:09:27.555+07:00,3.000079473998994,20.733333333333334,24.533333333333335,22.633333333333333,4.266666666666666,0.466666666666665,42.1,ACTIVE,0.03307313499863085
2026-09-18T07:10:22.810+07:00,58.25311772099849,4.2_25rpm,25.0,25.0,0,2026-09-18T07:09:27.555+07:00,3.000079473998994,20.733333333333334,24.066666666666666,22.4,4.266666666666666,0.9333333333333336,42.1,ACTIVE,0.03044914699967194
2026-09-18T07:10:22.845+07:00,58.28836651599886,4.2_25rpm,25.0,25.0,0,2026-09-18T07:09:27.555+07:00,3.000079473998994,20.733333333333334,22.666666666666668,21.700000000000003,4.266666666666666,2.333333333333332,42.1,ACTIVE,0.03524879500037059
2026-09-18T07:10:22.865+07:00,58.3087104389997,4.2_25rpm,25.0,25.0,0,2026-09-18T07:09:27.555+07:00,3.000079473998994,20.733333333333334,23.0,21.866666666666667,4.266666666666666,2.0,42.1,ACTIVE,0.020343923000837094
2026-09-18T07:10:22.894+07:00,58.33719519499937,4.2_25rpm,25.0,25.0,0,2026-09-18T07:09:27.555+07:00,3.000079473998994,20.733333333333334,24.733333333333334,22.733333333333334,4.266666666666666,0.2666666666666657,42.1,ACTIVE,0.028484755999670597
2026-09-18T07:10:22.924+07:00,58.36732273599955,4.2_25rpm,25.0,25.0,0,2026-09-18T07:09:27.555+07:00,3.000079473998994,20.733333333333334,27.933333333333334,24.333333333333336,4.266666666666666,-2.9333333333333336,42.1,ACTIVE,0.030127541000183555
2026-09-18T07:10:22.953+07:00,58.396601427999485,4.2_25rpm,25.0,25.0,0,2026-09-18T07:09:27.555+07:00,3.000079473998994,20.733333333333334,29.733333333333334,25.233333333333334,4.266666666666666,-4.733333333333334,42.1,ACTIVE,0.02927869199993438
2026-09-18T07:10:23.001+07:00,58.44388575599987,4.2_25rpm,25.0,25.0,0,2026-09-18T07:09:27.555+07:00,3.000079473998994,20.733333333333334,28.133333333333333,24.433333333333334,4.266666666666666,-3.133333333333333,42.1,ACTIVE,0.04728432800038718
2026-09-18T07:10:23.029+07:00,58.472745719998784,4.2_25rpm,25.0,25.0,0,2026-09-18T07:09:27.555+07:00,3.000079473998994,20.733333333333334,27.466666666666665,24.1,4.266666666666666,-2.466666666666665,42.1,ACTIVE,0.028859963998911553
2026-09-18T07:10:23.056+07:00,58.498539350999636,4.2_25rpm,25.0,25.0,0,2026-09-18T07:09:27.555+07:00,3.000079473998994,20.733333333333334,25.0,22.866666666666667,4.266666666666666,0.0,42.1,ACTIVE,0.025793631000851747
2026-09-18T07:10:23.087+07:00,58.52883771099914,4.2_25rpm,25.0,25.0,0,2026-09-18T07:09:27.555+07:00,3.000079473998994,0.0,25.0,12.5,25.0,0.0,42.1,ACTIVE,0.03029835999950592
2026-09-18T07:10:23.109+07:00,58.55211116399914,4.2_25rpm,25.0,25.0,0,2026-09-18T07:09:27.555+07:00,3.000079473998994,0.0,23.133333333333333,11.566666666666666,25.0,1.8666666666666671,42.1,ACTIVE,0.02327345300000161
2026-09-18T07:10:23.139+07:00,58.58169699799873,4.2_25rpm,25.0,25.0,0,2026-09-18T07:09:27.555+07:00,3.000079473998994,0.0,22.666666666666668,11.333333333333334,25.0,2.333333333333332,42.1,ACTIVE,0.02958583399959025
2026-09-18T07:10:23.184+07:00,58.62650697299978,4.2_25rpm,25.0,25.0,0,2026-09-18T07:09:27.555+07:00,3.000079473998994,3.933333333333333,20.733333333333334,12.333333333333334,21.066666666666666,4.266666666666666,42.1,ACTIVE,0.04480997500104422
2026-09-18T07:10:23.208+07:00,58.65165998299926,4.2_25rpm,25.0,25.0,0,2026-09-18T07:09:27.555+07:00,3.000079473998994,3.933333333333333,21.733333333333334,12.833333333333334,21.066666666666666,3.2666666666666657,42.1,ACTIVE,0.02515300999948522
2026-09-18T07:10:23.247+07:00,58.686689092999586,4.2_25rpm,25.0,25.0,0,2026-09-18T07:09:27.555+07:00,3.000079473998994,3.6666666666666665,22.066666666666666,12.866666666666667,21.333333333333332,2.9333333333333336,42.1,ACTIVE,0.03502911000032327
2026-09-18T07:10:23.268+07:00,58.71164609900006,4.2_25rpm,25.0,25.0,0,2026-09-18T07:09:27.555+07:00,3.000079473998994,3.6666666666666665,23.466666666666665,13.566666666666666,21.333333333333332,1.533333333333335,42.1,ACTIVE,0.024957006000477122
2026-09-18T07:10:23.298+07:00,58.73812956799884,4.2_25rpm,25.0,25.0,0,2026-09-18T07:09:27.555+07:00,3.000079473998994,3.533333333333333,26.066666666666666,14.8,21.46666666666667,-1.0666666666666664,42.1,ACTIVE,0.026483468998776516
2026-09-18T07:10:23.322+07:00,58.76400060800006,4.2_25rpm,25.0,25.0,0,2026-09-18T07:09:27.555+07:00,3.000079473998994,3.533333333333333,26.6,15.066666666666666,21.46666666666667,-1.6000000000000014,42.1,ACTIVE,0.025871040001220535
2026-09-18T07:10:23.349+07:00,58.7921536140002,4.2_25rpm,25.0,25.0,0,2026-09-18T07:09:27.555+07:00,3.000079473998994,12.2,26.6,19.4,12.8,-1.6000000000000014,42.1,ACTIVE,0.028153006000138703
2026-09-18T07:10:23.390+07:00,58.83341529499921,4.2_25rpm,25.0,25.0,0,2026-09-18T07:09:27.555+07:00,3.000079473998994,19.4,24.8,22.1,5.600000000000001,0.1999999999999993,42.1,ACTIVE,0.04126168099901406
2026-09-18T07:10:23.417+07:00,58.860253490000105,4.2_25rpm,25.0,25.0,0,2026-09-18T07:09:27.555+07:00,3.000079473998994,31.8,24.8,28.3,-6.800000000000001,0.1999999999999993,42.1,ACTIVE,0.026838195000891574
2026-09-18T07:10:23.446+07:00,58.88888890599992,4.2_25rpm,25.0,25.0,0,2026-09-18T07:09:27.555+07:00,3.000079473998994,32.06666666666667,22.933333333333334,27.5,-7.06666666666667,2.0666666666666664,42.1,ACTIVE,0.02863541599981545
2026-09-18T07:10:23.475+07:00,58.91831867200017,4.2_25rpm,25.0,25.0,0,2026-09-18T07:09:27.555+07:00,3.000079473998994,29.933333333333334,22.333333333333332,26.133333333333333,-4.933333333333334,2.666666666666668,42.1,ACTIVE,0.029429766000248492
2026-09-18T07:10:23.502+07:00,58.945452457999636,4.2_25rpm,25.0,25.0,0,2026-09-18T07:09:27.555+07:00,3.000079473998994,29.933333333333334,21.533333333333335,25.733333333333334,-4.933333333333334,3.466666666666665,42.1,ACTIVE,0.027133785999467364
2026-09-18T07:10:23.528+07:00,58.97111270999994,4.2_25rpm,25.0,25.0,0,2026-09-18T07:09:27.555+07:00,3.000079473998994,24.133333333333333,21.2,22.666666666666664,0.8666666666666671,3.8000000000000007,42.1,ACTIVE,0.025660252000307082
2026-09-18T07:10:23.574+07:00,59.01485831199898,4.2_25rpm,25.0,25.0,0,2026-09-18T07:09:27.555+07:00,3.000079473998994,17.6,22.733333333333334,20.166666666666668,7.399999999999999,2.2666666666666657,42.1,ACTIVE,0.04374560199903499
2026-09-18T07:10:23.601+07:00,59.04108369599999,4.2_25rpm,25.0,25.0,0,2026-09-18T07:09:27.555+07:00,3.000079473998994,17.6,22.733333333333334,20.166666666666668,7.399999999999999,2.2666666666666657,42.1,ACTIVE,0.026225384001008933
2026-09-18T07:10:23.624+07:00,59.06760057300016,4.2_25rpm,25.0,25.0,0,2026-09-18T07:09:27.555+07:00,3.000079473998994,15.866666666666667,22.733333333333334,19.3,9.133333333333333,2.2666666666666657,42.1,ACTIVE,0.026516877000176464
2026-09-18T07:10:23.652+07:00,59.09519676799937,4.2_25rpm,25.0,25.0,0,2026-09-18T07:09:27.555+07:00,3.000079473998994,14.0,24.066666666666666,19.03333333333333,11.0,0.9333333333333336,42.1,ACTIVE,0.02759619499920518
2026-09-18T07:10:23.681+07:00,59.123967032999644,4.2_25rpm,25.0,25.0,0,2026-09-18T07:09:27.555+07:00,3.000079473998994,14.0,24.8,19.4,11.0,0.1999999999999993,42.1,ACTIVE,0.028770265000275685
2026-09-18T07:10:23.711+07:00,59.154577015999166,4.2_25rpm,25.0,25.0,0,2026-09-18T07:09:27.555+07:00,3.000079473998994,14.0,26.733333333333334,20.366666666666667,11.0,-1.7333333333333343,42.1,ACTIVE,0.03060998299952189
2026-09-18T07:10:23.733+07:00,59.17630685399854,4.2_25rpm,25.0,25.0,0,2026-09-18T07:09:27.555+07:00,3.000079473998994,14.0,27.0,20.5,11.0,-2.0,42.1,ACTIVE,0.021729837999373558
2026-09-18T07:10:23.778+07:00,59.22204939199946,4.2_25rpm,25.0,25.0,0,2026-09-18T07:09:27.555+07:00,3.000079473998994,14.0,28.4,21.2,11.0,-3.3999999999999986,42.1,ACTIVE,0.04574253800092265
2026-09-18T07:10:23.805+07:00,59.248338360999696,4.2_25rpm,25.0,25.0,0,2026-09-18T07:09:27.555+07:00,3.000079473998994,14.0,27.533333333333335,20.766666666666666,11.0,-2.533333333333335,42.1,ACTIVE,0.02628896900023392
2026-09-18T07:10:23.832+07:00,59.27513895499942,4.2_25rpm,25.0,25.0,0,2026-09-18T07:09:27.555+07:00,3.000079473998994,14.0,26.8,20.4,11.0,-1.8000000000000007,42.1,ACTIVE,0.026800593999723787
2026-09-18T07:10:23.859+07:00,59.302031647999684,4.2_25rpm,25.0,25.0,0,2026-09-18T07:09:27.555+07:00,3.000079473998994,8.0,26.533333333333335,17.266666666666666,17.0,-1.533333333333335,42.0,ACTIVE,0.026892693000263534
2026-09-18T07:10:23.889+07:00,59.332316664000246,4.2_25rpm,25.0,25.0,0,2026-09-18T07:09:27.555+07:00,3.000079473998994,0.0,24.933333333333334,12.466666666666667,25.0,0.06666666666666643,42.0,ACTIVE,0.030285016000561882
2026-09-18T07:10:23.916+07:00,59.35916941999858,4.2_25rpm,25.0,25.0,0,2026-09-18T07:09:27.555+07:00,3.000079473998994,0.0,22.333333333333332,11.166666666666666,25.0,2.666666666666668,42.0,ACTIVE,0.026852755998334032
2026-09-18T07:10:23.944+07:00,59.38586335599939,4.2_25rpm,25.0,25.0,0,2026-09-18T07:09:27.555+07:00,3.000079473998994,0.0,22.333333333333332,11.166666666666666,25.0,2.666666666666668,42.0,ACTIVE,0.026693936000810936
2026-09-18T07:10:23.979+07:00,59.42043440899943,4.2_25rpm,25.0,25.0,0,2026-09-18T07:09:27.555+07:00,3.000079473998994,0.0,21.4,10.7,25.0,3.6000000000000014,42.0,ACTIVE,0.034571053000036045
2026-09-18T07:10:24.011+07:00,59.448906524999984,4.2_25rpm,25.0,25.0,0,2026-09-18T07:09:27.555+07:00,3.000079473998994,0.0,20.2,10.1,25.0,4.800000000000001,42.0,ACTIVE,0.028472116000557435
2026-09-18T07:10:24.044+07:00,59.486261280999315,4.2_25rpm,25.0,25.0,0,2026-09-18T07:09:27.555+07:00,3.000079473998994,0.0,23.4,11.7,25.0,1.6000000000000014,42.0,ACTIVE,0.037354755999331246
2026-09-18T07:10:24.087+07:00,59.524264816998766,4.2_25rpm,25.0,25.0,0,2026-09-18T07:09:27.555+07:00,3.000079473998994,26.266666666666666,28.333333333333332,27.299999999999997,-1.2666666666666657,-3.333333333333332,42.1,ACTIVE,0.03800353599945083
2026-09-18T07:10:24.115+07:00,59.55719167699863,4.2_25rpm,25.0,25.0,0,2026-09-18T07:09:27.555+07:00,3.000079473998994,27.733333333333334,30.8,29.266666666666666,-2.7333333333333343,-5.800000000000001,42.1,ACTIVE,0.032926859999861335
2026-09-18T07:10:24.142+07:00,59.58380084399869,4.2_25rpm,25.0,25.0,0,2026-09-18T07:09:27.555+07:00,3.000079473998994,25.8,30.6,28.200000000000003,-0.8000000000000007,-5.600000000000001,42.1,ACTIVE,0.026609167000060552
2026-09-18T07:10:24.170+07:00,59.61391696099963,4.2_25rpm,25.0,25.0,0,2026-09-18T07:09:27.555+07:00,3.000079473998994,25.8,30.733333333333334,28.266666666666666,-0.8000000000000007,-5.733333333333334,42.1,ACTIVE,0.030116117000943632
2026-09-18T07:10:24.197+07:00,59.64015331999872,4.2_25rpm,25.0,25.0,0,2026-09-18T07:09:27.555+07:00,3.000079473998994,20.333333333333332,28.8,24.566666666666666,4.666666666666668,-3.8000000000000007,42.1,ACTIVE,0.026236358999085496
2026-09-18T07:10:24.223+07:00,59.66630743799942,4.2_25rpm,25.0,25.0,0,2026-09-18T07:09:27.555+07:00,3.000079473998994,20.333333333333332,27.666666666666668,24.0,4.666666666666668,-2.666666666666668,42.1,ACTIVE,0.02615411800070433
2026-09-18T07:10:24.250+07:00,59.693295428000056,4.2_25rpm,25.0,25.0,0,2026-09-18T07:09:27.555+07:00,3.000079473998994,20.333333333333332,27.266666666666666,23.799999999999997,4.666666666666668,-2.2666666666666657,42.1,ACTIVE,0.026987990000634454
2026-09-18T07:10:24.280+07:00,59.72294839999995,4.2_25rpm,25.0,25.0,0,2026-09-18T07:09:27.555+07:00,3.000079473998994,20.333333333333332,26.2,23.266666666666666,4.666666666666668,-1.1999999999999993,42.1,ACTIVE,0.029652971999894362
2026-09-18T07:10:24.306+07:00,59.74900536399946,4.2_25rpm,25.0,25.0,0,2026-09-18T07:09:27.555+07:00,3.000079473998994,20.333333333333332,26.066666666666666,23.2,4.666666666666668,-1.0666666666666664,42.1,ACTIVE,0.026056963999508298
2026-09-18T07:10:24.350+07:00,59.7932738239997,4.2_25rpm,25.0,25.0,0,2026-09-18T07:09:27.555+07:00,3.000079473998994,20.333333333333332,27.0,23.666666666666664,4.666666666666668,-2.0,42.1,ACTIVE,0.04426846000023943
2026-09-18T07:10:24.374+07:00,59.8173056279993,4.2_25rpm,25.0,25.0,0,2026-09-18T07:09:27.555+07:00,3.000079473998994,20.333333333333332,27.6,23.96666666666667,4.666666666666668,-2.6000000000000014,42.1,ACTIVE,0.024031803999605472
2026-09-18T07:10:24.402+07:00,59.845693870000105,4.2_25rpm,25.0,25.0,0,2026-09-18T07:09:27.555+07:00,3.000079473998994,20.333333333333332,29.2,24.766666666666666,4.666666666666668,-4.199999999999999,42.1,ACTIVE,0.028388242000801256
2026-09-18T07:10:24.429+07:00,59.872745605998716,4.2_25rpm,25.0,25.0,0,2026-09-18T07:09:27.555+07:00,3.000079473998994,20.333333333333332,29.133333333333333,24.733333333333334,4.666666666666668,-4.133333333333333,42.1,ACTIVE,0.027051735998611548
2026-09-18T07:10:24.456+07:00,59.89939522199893,4.2_25rpm,25.0,25.0,0,2026-09-18T07:09:27.555+07:00,3.000079473998994,7.0,30.0,18.5,18.0,-5.0,42.1,ACTIVE,0.026649616000213427
2026-09-18T07:10:24.484+07:00,59.9271125389987,4.2_25rpm,25.0,25.0,0,2026-09-18T07:09:27.555+07:00,3.000079473998994,6.866666666666666,29.333333333333332,18.099999999999998,18.133333333333333,-4.333333333333332,42.1,ACTIVE,0.027717316999769537
2026-09-18T07:10:24.513+07:00,59.95663037099985,4.2_25rpm,25.0,25.0,0,2026-09-18T07:09:27.555+07:00,3.000079473998994,6.933333333333334,28.733333333333334,17.833333333333336,18.066666666666666,-3.7333333333333343,42.1,ACTIVE,0.029517832001147326
2026-09-18T07:10:24.558+07:00,60.001119699998526,4.2_25rpm,25.0,25.0,0,2026-09-18T07:09:27.555+07:00,3.000079473998994,23.933333333333334,25.333333333333332,24.633333333333333,1.0666666666666664,-0.33333333333333215,42.1,ACTIVE,0.04448932899867941
2026-09-18T07:10:24.587+07:00,60.02769456199894,4.2_25rpm,25.0,25.0,0,2026-09-18T07:09:27.555+07:00,3.000079473998994,27.333333333333332,25.333333333333332,26.333333333333332,-2.333333333333332,-0.33333333333333215,42.1,ACTIVE,0.026574862000416033
2026-09-18T07:10:24.613+07:00,60.054742905998864,4.2_25rpm,25.0,25.0,0,2026-09-18T07:09:27.555+07:00,3.000079473998994,30.2,22.8,26.5,-5.199999999999999,2.1999999999999993,42.1,ACTIVE,0.02704834399992251
2026-09-18T07:10:24.645+07:00,60.08126023099976,4.2_25rpm,25.0,25.0,0,2026-09-18T07:09:27.555+07:00,3.000079473998994,32.4,21.533333333333335,26.96666666666667,-7.399999999999999,3.466666666666665,42.1,ACTIVE,0.026517325000895653
2026-09-18T07:10:24.664+07:00,60.10712026299916,4.2_25rpm,25.0,25.0,0,2026-09-18T07:09:27.555+07:00,3.000079473998994,31.8,20.066666666666666,25.933333333333334,-6.800000000000001,4.933333333333334,42.1,ACTIVE,0.025860031999400235
2026-09-18T07:10:24.699+07:00,60.14185947899932,4.2_25rpm,25.0,25.0,0,2026-09-18T07:09:27.555+07:00,3.000079473998994,28.733333333333334,18.8,23.766666666666666,-3.7333333333333343,6.199999999999999,42.1,ACTIVE,0.03473921600016183
2026-09-18T07:10:24.745+07:00,60.18779747699955,4.2_25rpm,25.0,25.0,0,2026-09-18T07:09:27.555+07:00,3.000079473998994,24.333333333333332,19.0,21.666666666666664,0.6666666666666679,6.0,42.1,ACTIVE,0.0459379980002268
2026-09-18T07:10:24.778+07:00,60.21402529199986,4.2_25rpm,25.0,25.0,0,2026-09-18T07:09:27.555+07:00,3.000079473998994,18.066666666666666,19.266666666666666,18.666666666666664,6.933333333333334,5.733333333333334,42.1,ACTIVE,0.02622781500031124
2026-09-18T07:10:24.799+07:00,60.24283552699853,4.2_25rpm,25.0,25.0,0,2026-09-18T07:09:27.555+07:00,3.000079473998994,18.066666666666666,20.8,19.433333333333334,6.933333333333334,4.199999999999999,42.1,ACTIVE,0.028810234998672968
2026-09-18T07:10:24.828+07:00,60.26838755300014,4.2_25rpm,25.0,25.0,0,2026-09-18T07:09:27.555+07:00,3.000079473998994,18.066666666666666,27.6,22.833333333333336,6.933333333333334,-2.6000000000000014,42.1,ACTIVE,0.025552026001605554
2026-09-18T07:10:24.852+07:00,60.2957531510001,4.2_25rpm,25.0,25.0,0,2026-09-18T07:09:27.555+07:00,3.000079473998994,18.066666666666666,31.133333333333333,24.6,6.933333333333334,-6.133333333333333,42.1,ACTIVE,0.0273655979999603
2026-09-18T07:10:24.881+07:00,60.32489804800025,4.2_25rpm,25.0,25.0,0,2026-09-18T07:09:27.555+07:00,3.000079473998994,18.066666666666666,33.6,25.833333333333336,6.933333333333334,-8.600000000000001,42.1,ACTIVE,0.029144897000151104
2026-09-18T07:10:24.909+07:00,60.35238713599938,4.2_25rpm,25.0,25.0,0,2026-09-18T07:09:27.555+07:00,3.000079473998994,18.066666666666666,32.06666666666667,25.06666666666667,6.933333333333334,-7.06666666666667,42.1,ACTIVE,0.02748908799912897
2026-09-18T07:10:24.939+07:00,60.380568653999944,4.2_25rpm,25.0,25.0,0,2026-09-18T07:09:27.555+07:00,3.000079473998994,18.066666666666666,31.4,24.733333333333334,6.933333333333334,-6.399999999999999,42.1,ACTIVE,0.02818151800056512
2026-09-18T07:10:24.964+07:00,60.40636583699961,4.2_25rpm,25.0,25.0,0,2026-09-18T07:09:27.555+07:00,3.000079473998994,18.066666666666666,29.6,23.833333333333336,6.933333333333334,-4.600000000000001,42.1,ACTIVE,0.02579718299966771
2026-09-18T07:10:24.994+07:00,60.436821191999115,4.2_25rpm,25.0,25.0,0,2026-09-18T07:09:27.555+07:00,3.000079473998994,7.6,27.533333333333335,17.566666666666666,17.4,-2.533333333333335,42.1,ACTIVE,0.03045535499950347
2026-09-18T07:10:25.041+07:00,60.48416526599976,4.2_25rpm,25.0,25.0,0,2026-09-18T07:09:27.555+07:00,3.000079473998994,7.6,25.933333333333334,16.766666666666666,17.4,-0.9333333333333336,42.1,ACTIVE,0.047344074000648106
2026-09-18T07:10:25.069+07:00,60.50940675699894,4.2_25rpm,25.0,25.0,0,2026-09-18T07:09:27.555+07:00,3.000079473998994,6.933333333333334,23.866666666666667,15.4,18.066666666666666,1.1333333333333329,42.1,ACTIVE,0.025241490999178495
2026-09-18T07:10:25.099+07:00,60.538041979998525,4.2_25rpm,25.0,25.0,0,2026-09-18T07:09:27.555+07:00,3.000079473998994,7.066666666666666,22.933333333333334,15.0,17.933333333333334,2.0666666666666664,42.1,ACTIVE,0.028635222999582766
2026-09-18T07:10:25.121+07:00,60.56458237799961,4.2_25rpm,25.0,25.0,0,2026-09-18T07:09:27.555+07:00,3.000079473998994,7.666666666666667,23.2,15.433333333333334,17.333333333333332,1.8000000000000007,42.1,ACTIVE,0.02654039800108876
2026-09-18T07:10:25.151+07:00,60.59040509700026,4.2_25rpm,25.0,25.0,0,2026-09-18T07:09:27.555+07:00,3.000079473998994,18.733333333333334,24.8,21.766666666666666,6.266666666666666,0.1999999999999993,42.1,ACTIVE,0.0258227190006437
2026-09-18T07:10:25.175+07:00,60.61767082099868,4.2_25rpm,25.0,25.0,0,2026-09-18T07:09:27.555+07:00,3.000079473998994,25.866666666666667,26.866666666666667,26.366666666666667,-0.8666666666666671,-1.8666666666666671,42.0,ACTIVE,0.02726572399842553
2026-09-18T07:10:25.210+07:00,60.65292812699954,4.2_25rpm,25.0,25.0,0,2026-09-18T07:09:27.555+07:00,3.000079473998994,28.333333333333332,27.8,28.066666666666666,-3.333333333333332,-2.8000000000000007,42.0,ACTIVE,0.03525730600085808
2026-09-18T07:10:25.236+07:00,60.6771158699994,4.2_25rpm,25.0,25.0,0,2026-09-18T07:09:27.555+07:00,3.000079473998994,28.333333333333332,28.866666666666667,28.6,-3.333333333333332,-3.866666666666667,42.0,ACTIVE,0.02418774299985671
2026-09-18T07:10:25.263+07:00,60.706793641998956,4.2_25rpm,25.0,25.0,0,2026-09-18T07:09:27.555+07:00,3.000079473998994,23.666666666666668,29.266666666666666,26.46666666666667,1.3333333333333321,-4.266666666666666,42.0,ACTIVE,0.0296777719995589
2026-09-18T07:10:25.299+07:00,60.73798328299927,4.2_25rpm,25.0,25.0,0,2026-09-18T07:09:27.555+07:00,3.000079473998994,23.666666666666668,27.533333333333335,25.6,1.3333333333333321,-2.533333333333335,42.0,ACTIVE,0.031189641000310075
2026-09-18T07:10:25.341+07:00,60.784344776999205,4.2_25rpm,25.0,25.0,0,2026-09-18T07:09:27.555+07:00,3.000079473998994,23.666666666666668,22.933333333333334,23.3,1.3333333333333321,2.0666666666666664,42.0,ACTIVE,0.04636149399993883
2026-09-18T07:10:25.368+07:00,60.81087435799964,4.2_25rpm,25.0,25.0,0,2026-09-18T07:09:27.555+07:00,3.000079473998994,23.666666666666668,22.933333333333334,23.3,1.3333333333333321,2.0666666666666664,42.0,ACTIVE,0.02652958100043179
2026-09-18T07:10:25.395+07:00,60.83821829199951,4.2_25rpm,25.0,25.0,0,2026-09-18T07:09:27.555+07:00,3.000079473998994,23.666666666666668,19.6,21.633333333333333,1.3333333333333321,5.399999999999999,42.0,ACTIVE,0.027343933999873116
2026-09-18T07:10:25.423+07:00,60.86615862100007,4.2_25rpm,25.0,25.0,0,2026-09-18T07:09:27.555+07:00,3.000079473998994,23.666666666666668,18.2,20.933333333333334,1.3333333333333321,6.800000000000001,42.0,ACTIVE,0.02794032900055754
2026-09-18T07:10:25.449+07:00,60.89278538799954,4.2_25rpm,25.0,25.0,0,2026-09-18T07:09:27.555+07:00,3.000079473998994,23.666666666666668,18.6,21.133333333333333,1.3333333333333321,6.399999999999999,42.0,ACTIVE,0.02662676699947042
2026-09-18T07:10:25.483+07:00,60.92603122999935,4.2_25rpm,25.0,25.0,0,2026-09-18T07:09:27.555+07:00,3.000079473998994,23.666666666666668,19.533333333333335,21.6,1.3333333333333321,5.466666666666665,42.0,ACTIVE,0.03324584199981473
2026-09-18T07:10:25.504+07:00,60.947341475999565,4.2_25rpm,25.0,25.0,0,2026-09-18T07:09:27.555+07:00,3.000079473998994,23.666666666666668,21.933333333333334,22.8,1.3333333333333321,3.0666666666666664,42.0,ACTIVE,0.02131024600021192
2026-09-18T07:10:25.552+07:00,60.99581923599908,4.2_25rpm,25.0,25.0,0,2026-09-18T07:09:27.555+07:00,3.000079473998994,23.666666666666668,25.4,24.53333333333333,1.3333333333333321,-0.3999999999999986,42.0,ACTIVE,0.04847775999951409
2026-09-18T07:10:25.586+07:00,61.026956140998664,4.2_25rpm,25.0,25.0,0,2026-09-18T07:09:27.555+07:00,3.000079473998994,23.666666666666668,26.4,25.03333333333333,1.3333333333333321,-1.3999999999999986,42.0,ACTIVE,0.031136904999584658
2026-09-18T07:10:25.621+07:00,61.06421998299993,4.2_25rpm,25.0,25.0,0,2026-09-18T07:09:27.555+07:00,3.000079473998994,23.666666666666668,27.333333333333332,25.5,1.3333333333333321,-2.333333333333332,42.0,ACTIVE,0.03726384200126631
2026-09-18T07:10:25.651+07:00,61.09432198699869,4.2_25rpm,25.0,25.0,0,2026-09-18T07:09:27.555+07:00,3.000079473998994,23.666666666666668,27.066666666666666,25.366666666666667,1.3333333333333321,-2.0666666666666664,42.0,ACTIVE,0.030102003998763394
2026-09-18T07:10:25.674+07:00,61.11726506499872,4.2_25rpm,25.0,25.0,0,2026-09-18T07:09:27.555+07:00,3.000079473998994,23.666666666666668,26.933333333333334,25.3,1.3333333333333321,-1.9333333333333336,42.0,ACTIVE,0.022943078000025707
2026-09-18T07:10:25.702+07:00,61.14528619599878,4.2_25rpm,25.0,25.0,0,2026-09-18T07:09:27.555+07:00,3.000079473998994,23.666666666666668,25.133333333333333,24.4,1.3333333333333321,-0.13333333333333286,42.0,ACTIVE,0.02802113100005954
2026-09-18T07:10:25.729+07:00,61.172528526998576,4.2_25rpm,25.0,25.0,0,2026-09-18T07:09:27.555+07:00,3.000079473998994,23.666666666666668,24.066666666666666,23.866666666666667,1.3333333333333321,0.9333333333333336,42.0,ACTIVE,0.02724233099979756
2026-09-18T07:10:25.757+07:00,61.199495621000096,4.2_25rpm,25.0,25.0,0,2026-09-18T07:09:27.555+07:00,3.000079473998994,0.0,24.066666666666666,12.033333333333333,25.0,0.9333333333333336,42.0,ACTIVE,0.02696709400152031
2026-09-18T07:10:25.791+07:00,61.231614144999185,4.2_25rpm,25.0,25.0,0,2026-09-18T07:09:27.555+07:00,3.000079473998994,0.0,23.333333333333332,11.666666666666666,25.0,1.6666666666666679,42.0,ACTIVE,0.03211852399908821
2026-09-18T07:10:25.815+07:00,61.25705160899997,4.2_25rpm,25.0,25.0,0,2026-09-18T07:09:27.555+07:00,3.000079473998994,0.0,23.333333333333332,11.666666666666666,25.0,1.6666666666666679,42.0,ACTIVE,0.025437464000788168
2026-09-18T07:10:25.839+07:00,61.28194608599915,4.2_25rpm,25.0,25.0,0,2026-09-18T07:09:27.555+07:00,3.000079473998994,0.0,22.533333333333335,11.266666666666667,25.0,2.466666666666665,42.0,ACTIVE,0.02489447699917946
2026-09-18T07:10:25.868+07:00,61.3114767499992,4.2_25rpm,25.0,25.0,0,2026-09-18T07:09:27.555+07:00,3.000079473998994,3.8,22.333333333333332,13.066666666666666,21.2,2.666666666666668,42.0,ACTIVE,0.029530664000049
2026-09-18T07:10:25.895+07:00,61.337456848999864,4.2_25rpm,25.0,25.0,0,2026-09-18T07:09:27.555+07:00,3.000079473998994,3.8,21.533333333333335,12.666666666666668,21.2,3.466666666666665,42.0,ACTIVE,0.02598009900066245
2026-09-18T07:10:25.939+07:00,61.38209619599911,4.2_25rpm,25.0,25.0,0,2026-09-18T07:09:27.555+07:00,3.000079473998994,3.6666666666666665,22.8,13.233333333333334,21.333333333333332,2.1999999999999993,42.0,ACTIVE,0.04463934699924721
2026-09-18T07:10:25.966+07:00,61.40892050399998,4.2_25rpm,25.0,25.0,0,2026-09-18T07:09:27.555+07:00,3.000079473998994,3.6666666666666665,23.733333333333334,13.700000000000001,21.333333333333332,1.2666666666666657,42.0,ACTIVE,0.02682430800086877
2026-09-18T07:10:25.991+07:00,61.434054184999695,4.2_25rpm,25.0,25.0,0,2026-09-18T07:09:27.555+07:00,3.000079473998994,3.6666666666666665,24.8,14.233333333333334,21.333333333333332,0.1999999999999993,42.0,ACTIVE,0.02513368099971558
2026-09-18T07:10:26.018+07:00,61.460897244998705,4.2_25rpm,25.0,25.0,0,2026-09-18T07:09:27.555+07:00,3.000079473998994,3.3333333333333335,26.4,14.866666666666665,21.666666666666668,-1.3999999999999986,42.0,ACTIVE,0.02684305999900971
2026-09-18T07:10:26.046+07:00,61.48801848599942,4.2_25rpm,25.0,25.0,0,2026-09-18T07:09:27.555+07:00,3.000079473998994,3.2666666666666666,26.4,14.833333333333332,21.733333333333334,-1.3999999999999986,42.0,ACTIVE,0.02712124100071378
2026-09-18T07:10:26.088+07:00,61.53164866099905,4.2_25rpm,25.0,25.0,0,2026-09-18T07:09:27.555+07:00,3.000079473998994,10.6,27.266666666666666,18.933333333333334,14.4,-2.2666666666666657,42.0,ACTIVE,0.04363017499963462
2026-09-18T07:10:26.116+07:00,61.55827587599924,4.2_25rpm,25.0,25.0,0,2026-09-18T07:09:27.555+07:00,3.000079473998994,18.2,26.466666666666665,22.333333333333332,6.800000000000001,-1.466666666666665,42.1,ACTIVE,0.026627215000189608
2026-09-18T07:10:26.150+07:00,61.587770219999584,4.2_25rpm,25.0,25.0,0,2026-09-18T07:09:27.555+07:00,3.000079473998994,22.8,25.8,24.3,2.1999999999999993,-0.8000000000000007,42.1,ACTIVE,0.02949434400034079
2026-09-18T07:10:26.178+07:00,61.62024385499899,4.2_25rpm,25.0,25.0,0,2026-09-18T07:09:27.555+07:00,3.000079473998994,29.933333333333334,25.8,27.866666666666667,-4.933333333333334,-0.8000000000000007,42.0,ACTIVE,0.032473634999405476
2026-09-18T07:10:26.206+07:00,61.64723920599863,4.2_25rpm,25.0,25.0,0,2026-09-18T07:09:27.555+07:00,3.000079473998994,28.8,24.733333333333334,26.766666666666666,-3.8000000000000007,0.2666666666666657,42.0,ACTIVE,0.026995350999641232
2026-09-18T07:10:26.245+07:00,61.684162016999835,4.2_25rpm,25.0,25.0,0,2026-09-18T07:09:27.555+07:00,3.000079473998994,25.333333333333332,24.066666666666666,24.7,-0.33333333333333215,0.9333333333333336,42.0,ACTIVE,0.036922811001204536
2026-09-18T07:10:26.280+07:00,61.72190980399864,4.2_25rpm,25.0,25.0,0,2026-09-18T07:09:27.555+07:00,3.000079473998994,25.333333333333332,23.666666666666668,24.5,-0.33333333333333215,1.3333333333333321,42.0,ACTIVE,0.03774778699880699
2026-09-18T07:10:26.309+07:00,61.75230816600015,4.2_25rpm,25.0,25.0,0,2026-09-18T07:09:27.555+07:00,3.000079473998994,25.333333333333332,23.8,24.566666666666666,-0.33333333333333215,1.1999999999999993,42.0,ACTIVE,0.03039836200150603
2026-09-18T07:10:26.333+07:00,61.7752787649988,4.2_25rpm,25.0,25.0,0,2026-09-18T07:09:27.555+07:00,3.000079473998994,25.333333333333332,25.0,25.166666666666664,-0.33333333333333215,0.0,42.0,ACTIVE,0.022970598998654168
2026-09-18T07:10:26.360+07:00,61.80299457699948,4.2_25rpm,25.0,25.0,0,2026-09-18T07:09:27.555+07:00,3.000079473998994,25.333333333333332,25.133333333333333,25.233333333333334,-0.33333333333333215,-0.13333333333333286,42.0,ACTIVE,0.027715812000678852
2026-09-18T07:10:26.392+07:00,61.83118124700013,4.2_25rpm,25.0,25.0,0,2026-09-18T07:09:27.555+07:00,3.000079473998994,25.333333333333332,25.4,25.366666666666667,-0.33333333333333215,-0.3999999999999986,42.0,ACTIVE,0.028186670000650338
2026-09-18T07:10:26.414+07:00,61.85711651299971,4.2_25rpm,25.0,25.0,0,2026-09-18T07:09:27.555+07:00,3.000079473998994,25.333333333333332,26.533333333333335,25.933333333333334,-0.33333333333333215,-1.533333333333335,42.0,ACTIVE,0.025935265999578405
2026-09-18T07:10:26.450+07:00,61.89141844000005,4.2_25rpm,25.0,25.0,0,2026-09-18T07:09:27.555+07:00,3.000079473998994,25.333333333333332,26.133333333333333,25.733333333333334,-0.33333333333333215,-1.1333333333333329,42.0,ACTIVE,0.0343019270003424
2026-09-18T07:10:26.472+07:00,61.91494184899966,4.2_25rpm,25.0,25.0,0,2026-09-18T07:09:27.555+07:00,3.000079473998994,25.333333333333332,26.333333333333332,25.833333333333332,-0.33333333333333215,-1.3333333333333321,42.0,ACTIVE,0.023523408999608364
2026-09-18T07:10:26.515+07:00,61.958519671999966,4.2_25rpm,25.0,25.0,0,2026-09-18T07:09:27.555+07:00,3.000079473998994,25.333333333333332,26.266666666666666,25.799999999999997,-0.33333333333333215,-1.2666666666666657,42.0,ACTIVE,0.043577823000305216
2026-09-18T07:10:26.544+07:00,61.98557758399875,4.2_25rpm,25.0,25.0,0,2026-09-18T07:09:27.555+07:00,3.000079473998994,25.333333333333332,25.266666666666666,25.299999999999997,-0.33333333333333215,-0.2666666666666657,42.0,ACTIVE,0.027057911998781492
2026-09-18T07:10:26.568+07:00,62.01031394599886,4.2_25rpm,25.0,25.0,0,2026-09-18T07:09:27.555+07:00,3.000079473998994,25.333333333333332,24.333333333333332,24.833333333333332,-0.33333333333333215,0.6666666666666679,42.0,ACTIVE,0.024736362000112422
2026-09-18T07:10:26.592+07:00,62.03542276299959,4.2_25rpm,25.0,25.0,0,2026-09-18T07:09:27.555+07:00,3.000079473998994,25.333333333333332,24.333333333333332,24.833333333333332,-0.33333333333333215,0.6666666666666679,42.0,ACTIVE,0.025108817000727868
2026-09-18T07:10:26.620+07:00,62.063186223998855,4.2_25rpm,25.0,25.0,0,2026-09-18T07:09:27.555+07:00,3.000079473998994,25.333333333333332,22.666666666666668,24.0,-0.33333333333333215,2.333333333333332,42.0,ACTIVE,0.02776346099926741
2026-09-18T07:10:26.647+07:00,62.09044711599927,4.2_25rpm,25.0,25.0,0,2026-09-18T07:09:27.555+07:00,3.000079473998994,25.333333333333332,22.066666666666666,23.7,-0.33333333333333215,2.9333333333333336,42.0,ACTIVE,0.02726089200041315
2026-09-18T07:10:26.675+07:00,62.11811035199935,4.2_25rpm,25.0,25.0,0,2026-09-18T07:09:27.555+07:00,3.000079473998994,25.333333333333332,22.8,24.066666666666666,-0.33333333333333215,2.1999999999999993,42.0,ACTIVE,0.02766323600008036
2026-09-18T07:10:26.720+07:00,62.163398415999836,4.2_25rpm,25.0,25.0,0,2026-09-18T07:09:27.555+07:00,3.000079473998994,25.333333333333332,24.066666666666666,24.7,-0.33333333333333215,0.9333333333333336,42.0,ACTIVE,0.04528806400048779
2026-09-18T07:10:26.751+07:00,62.19446146299924,4.2_25rpm,25.0,25.0,0,2026-09-18T07:09:27.555+07:00,3.000079473998994,0.0,25.266666666666666,12.633333333333333,25.0,-0.2666666666666657,42.0,ACTIVE,0.03106304699940665
2026-09-18T07:10:26.775+07:00,62.21872123899993,4.2_25rpm,25.0,25.0,0,2026-09-18T07:09:27.555+07:00,3.000079473998994,4.2,25.2,14.7,20.8,-0.1999999999999993,42.0,ACTIVE,0.02425977600069018
2026-09-18T07:10:26.804+07:00,62.247318222000104,4.2_25rpm,25.0,25.0,0,2026-09-18T07:09:27.555+07:00,3.000079473998994,4.2,25.6,14.9,20.8,-0.6000000000000014,42.0,ACTIVE,0.02859698300017044
2026-09-18T07:10:26.830+07:00,62.27324439899894,4.2_25rpm,25.0,25.0,0,2026-09-18T07:09:27.555+07:00,3.000079473998994,4.2,27.0,15.6,20.8,-2.0,42.0,ACTIVE,0.025926176998837036
2026-09-18T07:10:26.857+07:00,62.30058977199951,4.2_25rpm,25.0,25.0,0,2026-09-18T07:09:27.555+07:00,3.000079473998994,3.8,27.0,15.4,21.2,-2.0,42.0,ACTIVE,0.02734537300057127
2026-09-18T07:10:26.899+07:00,62.34245140099847,4.2_25rpm,25.0,25.0,0,2026-09-18T07:09:27.555+07:00,3.000079473998994,3.8,25.466666666666665,14.633333333333333,21.2,-0.466666666666665,42.0,ACTIVE,0.04186162899895862
2026-09-18T07:10:26.928+07:00,62.37199678599973,4.2_25rpm,25.0,25.0,0,2026-09-18T07:09:27.555+07:00,3.000079473998994,3.6666666666666665,23.666666666666668,13.666666666666668,21.333333333333332,1.3333333333333321,42.0,ACTIVE,0.029545385001256363
2026-09-18T07:10:26.974+07:00,62.414829889999965,4.2_25rpm,25.0,25.0,0,2026-09-18T07:09:27.555+07:00,3.000079473998994,17.133333333333333,23.066666666666666,20.1,7.866666666666667,1.9333333333333336,42.0,ACTIVE,0.042833104000237654
2026-09-18T07:10:26.999+07:00,62.44240563599851,4.2_25rpm,25.0,25.0,0,2026-09-18T07:09:27.555+07:00,3.000079473998994,19.666666666666668,24.133333333333333,21.9,5.333333333333332,0.8666666666666671,42.0,ACTIVE,0.027575745998547063
2026-09-18T07:10:27.024+07:00,62.46743054699982,4.2_25rpm,25.0,25.0,0,2026-09-18T07:09:27.555+07:00,3.000079473998994,22.466666666666665,25.2,23.833333333333332,2.533333333333335,-0.1999999999999993,42.0,ACTIVE,0.0250249110013101
2026-09-18T07:10:27.052+07:00,62.493908831000226,4.2_25rpm,25.0,25.0,0,2026-09-18T07:09:27.555+07:00,3.000079473998994,22.466666666666665,26.6,24.53333333333333,2.533333333333335,-1.6000000000000014,42.0,ACTIVE,0.02647828400040453
2026-09-18T07:10:27.080+07:00,62.523312964998695,4.2_25rpm,25.0,25.0,0,2026-09-18T07:09:27.555+07:00,3.000079473998994,25.4,27.2,26.299999999999997,-0.3999999999999986,-2.1999999999999993,42.0,ACTIVE,0.02940413399846875
2026-09-18T07:10:27.105+07:00,62.54811127999892,4.2_25rpm,25.0,25.0,0,2026-09-18T07:09:27.555+07:00,3.000079473998994,21.666666666666668,27.4,24.53333333333333,3.333333333333332,-2.3999999999999986,42.0,ACTIVE,0.024798315000225557
2026-09-18T07:10:27.133+07:00,62.576672388999214,4.2_25rpm,25.0,25.0,0,2026-09-18T07:09:27.555+07:00,3.000079473998994,21.666666666666668,27.866666666666667,24.766666666666666,3.333333333333332,-2.866666666666667,42.0,ACTIVE,0.028561109000293072
2026-09-18T07:10:27.165+07:00,62.605808837999575,4.2_25rpm,25.0,25.0,0,2026-09-18T07:09:27.555+07:00,3.000079473998994,21.666666666666668,26.866666666666667,24.266666666666666,3.333333333333332,-1.8666666666666671,42.1,ACTIVE,0.02913644900036161
2026-09-18T07:10:27.193+07:00,62.63636995500019,4.2_25rpm,25.0,25.0,0,2026-09-18T07:09:27.555+07:00,3.000079473998994,21.666666666666668,24.733333333333334,23.200000000000003,3.333333333333332,0.2666666666666657,42.1,ACTIVE,0.030561117000615923
2026-09-18T07:10:27.222+07:00,62.66514790099973,4.2_25rpm,25.0,25.0,0,2026-09-18T07:09:27.555+07:00,3.000079473998994,21.666666666666668,23.4,22.53333333333333,3.333333333333332,1.6000000000000014,42.1,ACTIVE,0.028777945999536314
2026-09-18T07:10:27.248+07:00,62.69101922899972,4.2_25rpm,25.0,25.0,0,2026-09-18T07:09:27.555+07:00,3.000079473998994,21.666666666666668,21.933333333333334,21.8,3.333333333333332,3.0666666666666664,42.1,ACTIVE,0.02587132799999381
2026-09-18T07:10:27.279+07:00,62.72045821199936,4.2_25rpm,25.0,25.0,0,2026-09-18T07:09:27.555+07:00,3.000079473998994,21.666666666666668,21.266666666666666,21.46666666666667,3.333333333333332,3.7333333333333343,42.1,ACTIVE,0.02943898299963621
2026-09-18T07:10:27.321+07:00,62.76296455699958,4.2_25rpm,25.0,25.0,0,2026-09-18T07:09:27.555+07:00,3.000079473998994,21.666666666666668,22.0,21.833333333333336,3.333333333333332,3.0,42.1,ACTIVE,0.04250634500021988
2026-09-18T07:10:27.359+07:00,62.79477341100028,4.2_25rpm,25.0,25.0,0,2026-09-18T07:09:27.555+07:00,3.000079473998994,21.666666666666668,22.6,22.133333333333333,3.333333333333332,2.3999999999999986,42.1,ACTIVE,0.0318088540007011
2026-09-18T07:10:27.393+07:00,62.83638232999874,4.2_25rpm,25.0,25.0,0,2026-09-18T07:09:27.555+07:00,3.000079473998994,21.666666666666668,24.6,23.133333333333333,3.333333333333332,0.3999999999999986,42.1,ACTIVE,0.041608918998463196
2026-09-18T07:10:27.420+07:00,62.863199532999715,4.2_25rpm,25.0,25.0,0,2026-09-18T07:09:27.555+07:00,3.000079473998994,21.666666666666668,24.933333333333334,23.3,3.333333333333332,0.06666666666666643,42.1,ACTIVE,0.026817203000973677
2026-09-18T07:10:27.449+07:00,62.892320908998954,4.2_25rpm,25.0,25.0,0,2026-09-18T07:09:27.555+07:00,3.000079473998994,21.666666666666668,25.533333333333335,23.6,3.333333333333332,-0.533333333333335,42.1,ACTIVE,0.029121375999238808
2026-09-18T07:10:27.477+07:00,62.91996568099967,4.2_25rpm,25.0,25.0,0,2026-09-18T07:09:27.555+07:00,3.000079473998994,21.666666666666668,26.6,24.133333333333333,3.333333333333332,-1.6000000000000014,42.1,ACTIVE,0.027644772000712692
2026-09-18T07:10:27.509+07:00,62.95005001999925,4.2_25rpm,25.0,25.0,0,2026-09-18T07:09:27.555+07:00,3.000079473998994,0.0,26.733333333333334,13.366666666666667,25.0,-1.7333333333333343,42.1,ACTIVE,0.03008433899958618
2026-09-18T07:10:27.539+07:00,62.98099655299848,4.2_25rpm,25.0,25.0,0,2026-09-18T07:09:27.555+07:00,3.000079473998994,0.0,26.266666666666666,13.133333333333333,25.0,-1.2666666666666657,42.1,ACTIVE,0.030946532999223564
2026-09-18T07:10:27.560+07:00,63.003254976998505,4.2_25rpm,25.0,25.0,0,2026-09-18T07:09:27.555+07:00,3.000079473998994,0.0,25.466666666666665,12.733333333333333,25.0,-0.466666666666665,42.1,ACTIVE,0.022258424000028754
2026-09-18T07:10:27.586+07:00,63.02897750199918,4.2_25rpm,25.0,0.0,1,2026-09-18T07:10:27.560+07:00,63.00486652899963,0.0,23.666666666666668,11.833333333333334,0.0,-23.666666666666668,42.1,POST_STOP,0.025722525000674068
2026-09-18T07:10:27.615+07:00,63.056672290998904,4.2_25rpm,25.0,0.0,0,2026-09-18T07:10:27.560+07:00,63.00486652899963,0.0,22.4,11.2,0.0,-22.4,42.1,POST_STOP,0.02769478899972455
2026-09-18T07:10:27.640+07:00,63.08400287999939,4.2_25rpm,25.0,0.0,0,2026-09-18T07:10:27.560+07:00,63.00486652899963,0.0,22.4,11.2,0.0,-22.4,42.1,POST_STOP,0.027330589000484906
2026-09-18T07:10:27.669+07:00,63.11261218199979,4.2_25rpm,25.0,0.0,0,2026-09-18T07:10:27.560+07:00,63.00486652899963,0.0,21.0,10.5,0.0,-21.0,42.1,POST_STOP,0.02860930200040457
2026-09-18T07:10:27.696+07:00,63.13803594899946,4.2_25rpm,25.0,0.0,0,2026-09-18T07:10:27.560+07:00,63.00486652899963,17.0,21.0,19.0,-17.0,-21.0,42.1,POST_STOP,0.02542376699966553
2026-09-18T07:10:27.715+07:00,63.15852217899919,4.2_25rpm,25.0,0.0,0,2026-09-18T07:10:27.560+07:00,63.00486652899963,23.733333333333334,18.666666666666668,21.200000000000003,-23.733333333333334,-18.666666666666668,42.1,POST_STOP,0.02048622999973304
2026-09-18T07:10:27.744+07:00,63.186534573000245,4.2_25rpm,25.0,0.0,0,2026-09-18T07:10:27.560+07:00,63.00486652899963,24.666666666666668,18.666666666666668,21.666666666666668,-24.666666666666668,-18.666666666666668,42.1,POST_STOP,0.0280123940010526
2026-09-18T07:10:27.779+07:00,63.22254869399876,4.2_25rpm,25.0,0.0,0,2026-09-18T07:10:27.560+07:00,63.00486652899963,24.666666666666668,18.666666666666668,21.666666666666668,-24.666666666666668,-18.666666666666668,42.1,POST_STOP,0.036014120998515864
2026-09-18T07:10:27.808+07:00,63.25073718800013,4.2_25rpm,25.0,0.0,0,2026-09-18T07:10:27.560+07:00,63.00486652899963,20.2,18.666666666666668,19.433333333333334,-20.2,-18.666666666666668,42.1,POST_STOP,0.02818849400136969
2026-09-18T07:10:27.833+07:00,63.27557019199958,4.2_25rpm,25.0,0.0,0,2026-09-18T07:10:27.560+07:00,63.00486652899963,20.2,18.666666666666668,19.433333333333334,-20.2,-18.666666666666668,42.1,POST_STOP,0.0248330039994471
2026-09-18T07:10:27.869+07:00,63.3054808959987,4.2_25rpm,25.0,0.0,0,2026-09-18T07:10:27.560+07:00,63.00486652899963,20.2,18.666666666666668,19.433333333333334,-20.2,-18.666666666666668,42.1,POST_STOP,0.029910703999121324
2026-09-18T07:10:27.908+07:00,63.33874344200012,4.2_25rpm,25.0,0.0,0,2026-09-18T07:10:27.560+07:00,63.00486652899963,20.2,18.666666666666668,19.433333333333334,-20.2,-18.666666666666668,42.1,POST_STOP,0.0332625460014242
2026-09-18T07:10:27.924+07:00,63.36728103099995,4.2_25rpm,25.0,0.0,0,2026-09-18T07:10:27.560+07:00,63.00486652899963,20.2,18.666666666666668,19.433333333333334,-20.2,-18.666666666666668,42.1,POST_STOP,0.028537588999824948
2026-09-18T07:10:27.953+07:00,63.39589484499993,4.2_25rpm,25.0,0.0,0,2026-09-18T07:10:27.560+07:00,63.00486652899963,20.2,18.666666666666668,19.433333333333334,-20.2,-18.666666666666668,42.1,POST_STOP,0.028613813999982085
2026-09-18T07:10:27.989+07:00,63.42763515399929,4.2_25rpm,25.0,0.0,0,2026-09-18T07:10:27.560+07:00,63.00486652899963,20.2,18.666666666666668,19.433333333333334,-20.2,-18.666666666666668,42.1,POST_STOP,0.03174030899936042
2026-09-18T07:10:28.014+07:00,63.45744000000013,4.2_25rpm,25.0,0.0,0,2026-09-18T07:10:27.560+07:00,63.00486652899963,20.2,18.666666666666668,19.433333333333334,-20.2,-18.666666666666668,42.2,POST_STOP,0.0298048460008431
2026-09-18T07:10:28.042+07:00,63.48555319600018,4.2_25rpm,25.0,0.0,0,2026-09-18T07:10:27.560+07:00,63.00486652899963,20.2,18.666666666666668,19.433333333333334,-20.2,-18.666666666666668,42.2,POST_STOP,0.028113196000049356
2026-09-18T07:10:28.073+07:00,63.51590781300001,4.2_25rpm,25.0,0.0,0,2026-09-18T07:10:27.560+07:00,63.00486652899963,20.2,18.666666666666668,19.433333333333334,-20.2,-18.666666666666668,42.2,POST_STOP,0.030354616999829886
2026-09-18T07:10:28.109+07:00,63.54959993599914,4.2_25rpm,25.0,0.0,0,2026-09-18T07:10:27.560+07:00,63.00486652899963,20.2,18.666666666666668,19.433333333333334,-20.2,-18.666666666666668,42.2,POST_STOP,0.033692122999127605
2026-09-18T07:10:28.138+07:00,63.58104519799963,4.2_25rpm,25.0,0.0,0,2026-09-18T07:10:27.560+07:00,63.00486652899963,20.2,18.666666666666668,19.433333333333334,-20.2,-18.666666666666668,42.2,POST_STOP,0.03144526200048858
2026-09-18T07:10:28.165+07:00,63.60798441899897,4.2_25rpm,25.0,0.0,0,2026-09-18T07:10:27.560+07:00,63.00486652899963,20.2,18.666666666666668,19.433333333333334,-20.2,-18.666666666666668,42.2,POST_STOP,0.02693922099933843
2026-09-18T07:10:28.198+07:00,63.63787137899999,4.2_25rpm,25.0,0.0,0,2026-09-18T07:10:27.560+07:00,63.00486652899963,20.2,18.666666666666668,19.433333333333334,-20.2,-18.666666666666668,42.2,POST_STOP,0.02988696000102209
2026-09-18T07:10:28.224+07:00,63.66726255199865,4.2_25rpm,25.0,0.0,0,2026-09-18T07:10:27.560+07:00,63.00486652899963,20.2,0.0,10.1,-20.2,0.0,42.2,POST_STOP,0.029391172998657566
2026-09-18T07:10:28.253+07:00,63.69556295199982,4.2_25rpm,25.0,0.0,0,2026-09-18T07:10:27.560+07:00,63.00486652899963,20.2,0.0,10.1,-20.2,0.0,42.2,POST_STOP,0.02830040000117151
2026-09-18T07:10:28.287+07:00,63.72733158099982,4.2_25rpm,25.0,0.0,0,2026-09-18T07:10:27.560+07:00,63.00486652899963,0.0,0.0,0.0,0.0,0.0,42.2,POST_STOP,0.03176862899999833
2026-09-18T07:10:28.321+07:00,63.76385438399848,4.2_25rpm,25.0,0.0,0,2026-09-18T07:10:27.560+07:00,63.00486652899963,0.0,0.0,0.0,0.0,0.0,42.2,POST_STOP,0.036522802998661064
2026-09-18T07:10:28.350+07:00,63.7914579699991,4.2_25rpm,25.0,0.0,0,2026-09-18T07:10:27.560+07:00,63.00486652899963,0.0,0.0,0.0,0.0,0.0,42.2,POST_STOP,0.02760358600062318
2026-09-18T07:10:28.377+07:00,63.81987146099891,4.2_25rpm,25.0,0.0,0,2026-09-18T07:10:27.560+07:00,63.00486652899963,0.0,0.0,0.0,0.0,0.0,42.2,POST_STOP,0.028413490999810165
2026-09-18T07:10:28.405+07:00,63.84678722499848,4.2_25rpm,25.0,0.0,0,2026-09-18T07:10:27.560+07:00,63.00486652899963,0.0,0.0,0.0,0.0,0.0,42.2,POST_STOP,0.0269157639995683
2026-09-18T07:10:28.434+07:00,63.87709124899993,4.2_25rpm,25.0,0.0,0,2026-09-18T07:10:27.560+07:00,63.00486652899963,0.0,0.0,0.0,0.0,0.0,42.2,POST_STOP,0.03030402400145249
2026-09-18T07:10:28.462+07:00,63.90570992799985,4.2_25rpm,25.0,0.0,0,2026-09-18T07:10:27.560+07:00,63.00486652899963,0.0,0.0,0.0,0.0,0.0,42.2,POST_STOP,0.02861867899991921
2026-09-18T07:10:28.496+07:00,63.93694648199926,4.2_25rpm,25.0,0.0,0,2026-09-18T07:10:27.560+07:00,63.00486652899963,0.0,0.0,0.0,0.0,0.0,42.2,POST_STOP,0.03123655399940617
2026-09-18T07:10:28.524+07:00,63.9676424169993,4.2_25rpm,25.0,0.0,0,2026-09-18T07:10:27.560+07:00,63.00486652899963,0.0,0.0,0.0,0.0,0.0,42.2,POST_STOP,0.030695935000039754
2026-09-18T07:10:28.554+07:00,63.99724965899986,4.2_25rpm,25.0,0.0,0,2026-09-18T07:10:27.560+07:00,63.00486652899963,0.0,0.0,0.0,0.0,0.0,42.3,POST_STOP,0.029607242000565748
2026-09-18T07:10:28.584+07:00,64.0277158939989,4.2_25rpm,25.0,0.0,0,2026-09-18T07:10:27.560+07:00,63.00486652899963,0.0,0.0,0.0,0.0,0.0,42.3,POST_STOP,0.030466234999039443
2026-09-18T07:10:28.612+07:00,64.05564115099878,4.2_25rpm,25.0,0.0,0,2026-09-18T07:10:27.560+07:00,63.00486652899963,0.0,0.0,0.0,0.0,0.0,42.3,POST_STOP,0.02792525699987891
2026-09-18T07:10:28.644+07:00,64.08751621400006,4.2_25rpm,25.0,0.0,0,2026-09-18T07:10:27.560+07:00,63.00486652899963,0.0,0.0,0.0,0.0,0.0,42.3,POST_STOP,0.03187506300128007
2026-09-18T07:10:28.673+07:00,64.11603632999868,4.2_25rpm,25.0,0.0,0,2026-09-18T07:10:27.560+07:00,63.00486652899963,0.0,0.0,0.0,0.0,0.0,42.3,POST_STOP,0.028520115998617257
2026-09-18T07:10:28.705+07:00,64.14896613400015,4.2_25rpm,25.0,0.0,0,2026-09-18T07:10:27.560+07:00,63.00486652899963,0.0,0.0,0.0,0.0,0.0,42.3,POST_STOP,0.032929804001469165
2026-09-18T07:10:28.732+07:00,64.17554931599989,4.2_25rpm,25.0,0.0,0,2026-09-18T07:10:27.560+07:00,63.00486652899963,0.0,0.0,0.0,0.0,0.0,42.3,POST_STOP,0.02658318199974019
2026-09-18T07:10:28.764+07:00,64.20689547199981,4.2_25rpm,25.0,0.0,0,2026-09-18T07:10:27.560+07:00,63.00486652899963,0.0,0.0,0.0,0.0,0.0,42.3,POST_STOP,0.03134615599992685
2026-09-18T07:10:28.793+07:00,64.23540403699917,4.2_25rpm,25.0,0.0,0,2026-09-18T07:10:27.560+07:00,63.00486652899963,0.0,0.0,0.0,0.0,0.0,42.3,POST_STOP,0.028508564999356167
2026-09-18T07:10:28.824+07:00,64.26731650799957,4.2_25rpm,25.0,0.0,0,2026-09-18T07:10:27.560+07:00,63.00486652899963,0.0,0.0,0.0,0.0,0.0,42.3,POST_STOP,0.03191247100039618
2026-09-18T07:10:28.852+07:00,64.29536509499849,4.2_25rpm,25.0,0.0,0,2026-09-18T07:10:27.560+07:00,63.00486652899963,0.0,0.0,0.0,0.0,0.0,42.3,POST_STOP,0.028048586998920655
2026-09-18T07:10:28.884+07:00,64.32738998499917,4.2_25rpm,25.0,0.0,0,2026-09-18T07:10:27.560+07:00,63.00486652899963,0.0,0.0,0.0,0.0,0.0,42.3,POST_STOP,0.032024890000684536
2026-09-18T07:10:28.912+07:00,64.35597800699907,4.2_25rpm,25.0,0.0,0,2026-09-18T07:10:27.560+07:00,63.00486652899963,0.0,0.0,0.0,0.0,0.0,42.3,POST_STOP,0.02858802199989441
2026-09-18T07:10:28.944+07:00,64.38610791499923,4.2_25rpm,25.0,0.0,0,2026-09-18T07:10:27.560+07:00,63.00486652899963,0.0,0.0,0.0,0.0,0.0,42.3,POST_STOP,0.030129908000162686
2026-09-18T07:10:28.976+07:00,64.41790531299921,4.2_25rpm,25.0,0.0,0,2026-09-18T07:10:27.560+07:00,63.00486652899963,0.0,0.0,0.0,0.0,0.0,42.3,POST_STOP,0.0317973979999806
2026-09-18T07:10:29.003+07:00,64.44607415799874,4.2_25rpm,25.0,0.0,0,2026-09-18T07:10:27.560+07:00,63.00486652899963,0.0,0.0,0.0,0.0,0.0,42.3,POST_STOP,0.02816884499952721
2026-09-18T07:10:29.033+07:00,64.47611190499993,4.2_25rpm,25.0,0.0,0,2026-09-18T07:10:27.560+07:00,63.00486652899963,0.0,0.0,0.0,0.0,0.0,42.3,POST_STOP,0.03003774700118811
2026-09-18T07:10:29.062+07:00,64.50560109599974,4.2_25rpm,25.0,0.0,0,2026-09-18T07:10:27.560+07:00,63.00486652899963,0.0,0.0,0.0,0.0,0.0,42.3,POST_STOP,0.0294891909998114
2026-09-18T07:10:29.094+07:00,64.53755564899984,4.2_25rpm,25.0,0.0,0,2026-09-18T07:10:27.560+07:00,63.00486652899963,0.0,0.0,0.0,0.0,0.0,42.3,POST_STOP,0.03195455300010508
2026-09-18T07:10:29.124+07:00,64.56728276499962,4.2_25rpm,25.0,0.0,0,2026-09-18T07:10:27.560+07:00,63.00486652899963,0.0,0.0,0.0,0.0,0.0,42.3,POST_STOP,0.029727115999776288
2026-09-18T07:10:29.154+07:00,64.59750598699975,4.2_25rpm,25.0,0.0,0,2026-09-18T07:10:27.560+07:00,63.00486652899963,0.0,0.0,0.0,0.0,0.0,42.3,POST_STOP,0.0302232220001315
2026-09-18T07:10:29.184+07:00,64.62754277299973,4.2_25rpm,25.0,0.0,0,2026-09-18T07:10:27.560+07:00,63.00486652899963,0.0,0.0,0.0,0.0,0.0,42.3,POST_STOP,0.030036785999982385
2026-09-18T07:10:29.214+07:00,64.65732032300002,4.2_25rpm,25.0,0.0,0,2026-09-18T07:10:27.560+07:00,63.00486652899963,0.0,0.0,0.0,0.0,0.0,42.3,POST_STOP,0.02977755000028992
2026-09-18T07:10:29.243+07:00,64.68683530699855,4.2_25rpm,25.0,0.0,0,2026-09-18T07:10:27.560+07:00,63.00486652899963,0.0,0.0,0.0,0.0,0.0,42.3,POST_STOP,0.029514983998524258
2026-09-18T07:10:29.275+07:00,64.71855602999858,4.2_25rpm,25.0,0.0,0,2026-09-18T07:10:27.560+07:00,63.00486652899963,0.0,0.0,0.0,0.0,0.0,42.3,POST_STOP,0.03172072300003492
2026-09-18T07:10:29.302+07:00,64.74588943500021,4.2_25rpm,25.0,0.0,0,2026-09-18T07:10:27.560+07:00,63.00486652899963,0.0,0.0,0.0,0.0,0.0,42.3,POST_STOP,0.027333405001627398
2026-09-18T07:10:29.333+07:00,64.77630674099964,4.2_25rpm,25.0,0.0,0,2026-09-18T07:10:27.560+07:00,63.00486652899963,0.0,0.0,0.0,0.0,0.0,42.3,POST_STOP,0.030417305999435484
2026-09-18T07:10:29.364+07:00,64.80552367099881,4.2_25rpm,25.0,0.0,0,2026-09-18T07:10:27.560+07:00,63.00486652899963,0.0,0.0,0.0,0.0,0.0,42.3,POST_STOP,0.029216929999165586
2026-09-18T07:10:29.393+07:00,64.83681126599913,4.2_25rpm,25.0,0.0,0,2026-09-18T07:10:27.560+07:00,63.00486652899963,0.0,0.0,0.0,0.0,0.0,42.3,POST_STOP,0.031287595000321744
2026-09-18T07:10:29.424+07:00,64.86730386999989,4.2_25rpm,25.0,0.0,0,2026-09-18T07:10:27.560+07:00,63.00486652899963,0.0,0.0,0.0,0.0,0.0,42.3,POST_STOP,0.03049260400075582
2026-09-18T07:10:29.454+07:00,64.89731281599961,4.2_25rpm,25.0,0.0,0,2026-09-18T07:10:27.560+07:00,63.00486652899963,0.0,0.0,0.0,0.0,0.0,42.3,POST_STOP,0.030008945999725256
2026-09-18T07:10:29.484+07:00,64.92742397199981,4.2_25rpm,25.0,0.0,0,2026-09-18T07:10:27.560+07:00,63.00486652899963,0.0,0.0,0.0,0.0,0.0,42.3,POST_STOP,0.030111156000202755
2026-09-18T07:10:29.512+07:00,64.95551771200007,4.2_25rpm,25.0,0.0,0,2026-09-18T07:10:27.560+07:00,63.00486652899963,0.0,0.0,0.0,0.0,0.0,42.3,POST_STOP,0.02809374000025855
2026-09-18T07:10:29.542+07:00,64.98568173199965,4.2_25rpm,25.0,0.0,0,2026-09-18T07:10:27.560+07:00,63.00486652899963,0.0,0.0,0.0,0.0,0.0,42.3,POST_STOP,0.03016401999957452
2026-09-18T07:10:29.574+07:00,65.01680026800022,4.2_25rpm,25.0,0.0,0,2026-09-18T07:10:27.560+07:00,63.00486652899963,0.0,0.0,0.0,0.0,0.0,42.2,POST_STOP,0.03111853600057657
2026-09-18T07:10:29.602+07:00,65.04537420999986,4.2_25rpm,25.0,0.0,0,2026-09-18T07:10:27.560+07:00,63.00486652899963,0.0,0.0,0.0,0.0,0.0,42.2,POST_STOP,0.02857394199963892
2026-09-18T07:10:29.635+07:00,65.07805642399944,4.2_25rpm,25.0,0.0,0,2026-09-18T07:10:27.560+07:00,63.00486652899963,0.0,0.0,0.0,0.0,0.0,42.2,POST_STOP,0.03268221399957838
2026-09-18T07:10:29.662+07:00,65.10565687499911,4.2_25rpm,25.0,0.0,0,2026-09-18T07:10:27.560+07:00,63.00486652899963,0.0,0.0,0.0,0.0,0.0,42.2,POST_STOP,0.02760045099967101
2026-09-18T07:10:29.704+07:00,65.14775892399848,4.2_25rpm,25.0,0.0,0,2026-09-18T07:10:27.560+07:00,63.00486652899963,0.0,0.0,0.0,0.0,0.0,42.2,POST_STOP,0.04210204899936798
2026-09-18T07:10:29.723+07:00,65.16530010299903,4.2_25rpm,25.0,0.0,0,2026-09-18T07:10:27.560+07:00,63.00486652899963,0.0,0.0,0.0,0.0,0.0,42.2,POST_STOP,0.017541179000545526
2026-09-18T07:10:29.755+07:00,65.19770541599974,4.2_25rpm,25.0,0.0,0,2026-09-18T07:10:27.560+07:00,63.00486652899963,0.0,0.0,0.0,0.0,0.0,42.25,POST_STOP,0.0324053130007087
2026-09-18T07:10:29.783+07:00,65.22593064699868,4.2_25rpm,25.0,0.0,0,2026-09-18T07:10:27.560+07:00,63.00486652899963,0.0,0.0,0.0,0.0,0.0,42.2,POST_STOP,0.028225230998941697
2026-09-18T07:10:29.821+07:00,65.26466267700016,4.2_25rpm,25.0,0.0,0,2026-09-18T07:10:27.560+07:00,63.00486652899963,0.0,0.0,0.0,0.0,0.0,42.2,POST_STOP,0.03873203000148351
2026-09-18T07:10:29.843+07:00,65.28603570799896,4.2_25rpm,25.0,0.0,0,2026-09-18T07:10:27.560+07:00,63.00486652899963,0.0,0.0,0.0,0.0,0.0,42.2,POST_STOP,0.021373030998802278
2026-09-18T07:10:29.874+07:00,65.31683193299978,4.2_25rpm,25.0,0.0,0,2026-09-18T07:10:27.560+07:00,63.00486652899963,0.0,0.0,0.0,0.0,0.0,42.2,POST_STOP,0.030796225000813138
2026-09-18T07:10:29.913+07:00,65.35464148199935,4.2_25rpm,25.0,0.0,0,2026-09-18T07:10:27.560+07:00,63.00486652899963,0.0,0.0,0.0,0.0,0.0,42.2,POST_STOP,0.03780954899957578
2026-09-18T07:10:29.932+07:00,65.37571364299947,4.2_25rpm,25.0,0.0,0,2026-09-18T07:10:27.560+07:00,63.00486652899963,0.0,0.0,0.0,0.0,0.0,42.2,POST_STOP,0.021072161000120104
2026-09-18T07:10:29.963+07:00,65.40566226699957,4.2_25rpm,25.0,0.0,0,2026-09-18T07:10:27.560+07:00,63.00486652899963,0.0,0.0,0.0,0.0,0.0,42.2,POST_STOP,0.02994862400009879
2026-09-18T07:10:29.994+07:00,65.43742183999893,4.2_25rpm,25.0,0.0,0,2026-09-18T07:10:27.560+07:00,63.00486652899963,0.0,0.0,0.0,0.0,0.0,42.2,POST_STOP,0.03175957299936272
2026-09-18T07:10:30.022+07:00,65.46542639399922,4.2_25rpm,25.0,0.0,0,2026-09-18T07:10:27.560+07:00,63.00486652899963,0.0,0.0,0.0,0.0,0.0,42.2,POST_STOP,0.028004554000290227
2026-09-18T07:10:30.054+07:00,65.49732430499898,4.2_25rpm,25.0,0.0,0,2026-09-18T07:10:27.560+07:00,63.00486652899963,0.0,0.0,0.0,0.0,0.0,42.2,POST_STOP,0.031897910999759915
2026-09-18T07:10:30.086+07:00,65.52742803699948,4.2_25rpm,25.0,0.0,0,2026-09-18T07:10:27.560+07:00,63.00486652899963,0.0,0.0,0.0,0.0,0.0,42.2,POST_STOP,0.030103732000497985
2026-09-18T07:10:30.112+07:00,65.55543463899994,4.2_25rpm,25.0,0.0,0,2026-09-18T07:10:27.560+07:00,63.00486652899963,0.0,0.0,0.0,0.0,0.0,42.2,POST_STOP,0.02800660200045968
2026-09-18T07:10:30.142+07:00,65.58530220600005,4.2_25rpm,25.0,0.0,0,2026-09-18T07:10:27.560+07:00,63.00486652899963,0.0,0.0,0.0,0.0,0.0,42.3,POST_STOP,0.029867567000110284
2026-09-18T07:10:30.175+07:00,65.61754757999915,4.2_25rpm,25.0,0.0,0,2026-09-18T07:10:27.560+07:00,63.00486652899963,0.0,0.0,0.0,0.0,0.0,42.3,POST_STOP,0.03224537399910332
2026-09-18T07:10:30.204+07:00,65.64746839599866,4.2_25rpm,25.0,0.0,0,2026-09-18T07:10:27.560+07:00,63.00486652899963,0.0,0.0,0.0,0.0,0.0,42.3,POST_STOP,0.029920815999503247
2026-09-18T07:10:30.234+07:00,65.6773251149989,4.2_25rpm,25.0,0.0,0,2026-09-18T07:10:27.560+07:00,63.00486652899963,0.0,0.0,0.0,0.0,0.0,42.3,POST_STOP,0.0298567190002359
2026-09-18T07:10:30.267+07:00,65.70979625299879,4.2_25rpm,25.0,0.0,0,2026-09-18T07:10:27.560+07:00,63.00486652899963,0.0,0.0,0.0,0.0,0.0,42.3,POST_STOP,0.03247113799989165
2026-09-18T07:10:30.294+07:00,65.73770678899928,4.2_25rpm,25.0,0.0,0,2026-09-18T07:10:27.560+07:00,63.00486652899963,0.0,0.0,0.0,0.0,0.0,42.2,POST_STOP,0.027910536000490538
2026-09-18T07:10:30.322+07:00,65.76546573899941,4.2_25rpm,25.0,0.0,0,2026-09-18T07:10:27.560+07:00,63.00486652899963,0.0,0.0,0.0,0.0,0.0,42.2,POST_STOP,0.027758950000134064
2026-09-18T07:10:30.354+07:00,65.79752298099993,4.2_25rpm,25.0,0.0,0,2026-09-18T07:10:27.560+07:00,63.00486652899963,0.0,0.0,0.0,0.0,0.0,42.2,POST_STOP,0.03205724200051918
2026-09-18T07:10:30.383+07:00,65.82697924399872,4.2_25rpm,25.0,0.0,0,2026-09-18T07:10:27.560+07:00,63.00486652899963,0.0,0.0,0.0,0.0,0.0,42.3,POST_STOP,0.029456262998792226
2026-09-18T07:10:30.413+07:00,65.85542233399974,4.2_25rpm,25.0,0.0,0,2026-09-18T07:10:27.560+07:00,63.00486652899963,0.0,0.0,0.0,0.0,0.0,42.3,POST_STOP,0.0284430900010193
2026-09-18T07:10:30.447+07:00,65.89086527600011,4.2_25rpm,25.0,0.0,0,2026-09-18T07:10:27.560+07:00,63.00486652899963,0.0,0.0,0.0,0.0,0.0,42.3,POST_STOP,0.03544294200037257
2026-09-18T07:10:30.474+07:00,65.91772628699982,4.2_25rpm,25.0,0.0,0,2026-09-18T07:10:27.560+07:00,63.00486652899963,0.0,0.0,0.0,0.0,0.0,42.3,POST_STOP,0.026861010999709833
2026-09-18T07:10:30.509+07:00,65.94955526899867,4.2_25rpm,25.0,0.0,0,2026-09-18T07:10:27.560+07:00,63.00486652899963,0.0,0.0,0.0,0.0,0.0,42.3,POST_STOP,0.03182898199884221
2026-09-18T07:10:30.534+07:00,65.97644812099861,4.2_25rpm,25.0,0.0,0,2026-09-18T07:10:27.560+07:00,63.00486652899963,0.0,0.0,0.0,0.0,0.0,42.3,POST_STOP,0.026892851999946288
2026-09-18T07:10:30.564+07:00,66.00730505199863,4.2_25rpm,25.0,0.0,0,2026-09-18T07:10:27.560+07:00,63.00486652899963,0.0,0.0,0.0,0.0,0.0,42.3,POST_STOP,0.03085693100001663
